	PCMB54312x-515	PCMB54313x-515	PCMB54314x-515	PCMB54315x-515	PCMB54316x-515	PCMB54317x-515	PCMB54318x-515	PCMB54319x-515	PCMB54321x-515	PCMB54322x-515	PCMB54323x-515	PCMB54324x-515	PCMB54325x-515	PCMB54326x-515	PCMB54327x-515	PCMB54328x-515	PCMB54329x-515	PCMB54330x-515	PCMB54331x-515	PCMB54332x-515	PCMB54333x-515	PCMB54334x-515	PCMB54335x-515	PCMB54336x-515	PCMB54339x-515	PCMB54340x-515	PCMB54341x-515	PCMB54342x-515	PCMB54343x-515	PCMB54344x-515	PCMB54345x-515	PCMB54346x-515	PCMB54347x-515	PCMB54348x-515	PCMB54349x-515	PCMB54350x-515	PCMB54351x-515	PCMB54352x-515	PCMB54353x-515	PCMB54354x-515	K1	K10	K11	K12	K13	K14	K15	K16	K17	K18	K19	K2	K20	K21	K22	K23	K24	K25	K26	K27	K28	K29	K3	K30	K31	K32	K33	K34	K35	K36	K37	K38	K39	K4	K40	K5	K6	K7	K8	K9
PCMB54312x-515	0.0	0.637090909090909	0.542	0.5736363636363636	0.6416363636363637	0.6221818181818182	0.6434545454545455	0.7098181818181818	0.5358181818181819	0.5438181818181819	0.7470909090909091	0.7569090909090909	0.6863636363636364	0.6341818181818182	0.6625454545454545	0.5616363636363636	0.4918181818181818	0.5141818181818182	0.658	0.6421818181818182	0.6296363636363637	0.5714545454545454	0.7050909090909091	0.722909090909091	0.6143636363636363	0.4727272727272727	0.5436363636363636	0.604	0.7572727272727273	0.5638181818181818	0.618909090909091	0.6754545454545454	0.6070909090909091	0.6336363636363637	0.5712727272727273	0.6176363636363637	0.8398181818181818	0.7527272727272727	0.7752727272727272	0.8181818181818182	0.492	0.5381818181818182	0.6081818181818182	0.6421818181818182	0.6749090909090909	0.5774545454545454	0.616	0.7512727272727273	0.6007272727272728	0.6912727272727273	0.7578181818181818	0.6743636363636364	0.714	0.6172727272727273	0.7258181818181818	0.6234545454545455	0.5823636363636364	0.5849090909090909	0.62	0.6003636363636363	0.57	0.5889090909090909	0.7029090909090909	0.5718181818181818	0.6938181818181818	0.6538181818181819	0.6892727272727273	0.6714545454545454	0.7107272727272728	0.7112727272727273	0.7425454545454545	0.6396363636363637	0.4849090909090909	0.6616363636363637	0.7472727272727273	0.5610909090909091	0.6841818181818182	0.7049090909090909	0.5665454545454546	0.6301818181818182
PCMB54313x-515	0.637090909090909	0.0	0.5645454545454546	0.5650909090909091	0.6209090909090909	0.5165454545454545	0.654	0.4187272727272727	0.5632727272727273	0.639090909090909	0.5292727272727272	0.5238181818181818	0.5374545454545454	0.602909090909091	0.5132727272727273	0.4752727272727273	0.7365454545454545	0.6843636363636364	0.4763636363636364	0.4772727272727273	0.5316363636363637	0.5676363636363636	0.4767272727272727	0.46290909090909094	0.4743636363636364	0.6014545454545455	0.7441818181818182	0.85	0.5681818181818182	0.4758181818181818	0.572	0.5585454545454546	0.55	0.5394545454545454	0.6032727272727273	0.5869090909090909	0.696	0.49636363636363634	0.5592727272727273	0.5278181818181819	0.5530909090909091	0.7449090909090909	0.5469090909090909	0.4501818181818182	0.5312727272727272	0.5841818181818181	0.6858181818181818	0.5178181818181818	0.7065454545454546	0.604909090909091	0.6438181818181818	0.4874545454545455	0.5790909090909091	0.5118181818181818	0.5503636363636364	0.5405454545454546	0.6670909090909091	0.4409090909090909	0.4874545454545455	0.5754545454545454	0.7601818181818182	0.6449090909090909	0.5770909090909091	0.6214545454545455	0.474	0.5316363636363637	0.482	0.7063636363636364	0.5781818181818181	0.48418181818181816	0.5129090909090909	0.5514545454545454	0.46436363636363637	0.45181818181818184	0.6016363636363636	0.5576363636363636	0.6176363636363637	0.4425454545454545	0.6025454545454545	0.5125454545454545
PCMB54314x-515	0.542	0.5645454545454546	0.0	0.5692727272727273	0.6281818181818182	0.5114545454545455	0.5094545454545455	0.6112727272727273	0.5918181818181818	0.5994545454545455	0.6816363636363636	0.6963636363636364	0.5721818181818182	0.45327272727272727	0.5643636363636364	0.4649090909090909	0.6790909090909091	0.6427272727272727	0.6078181818181818	0.5281818181818182	0.4958181818181818	0.5030909090909091	0.6110909090909091	0.6629090909090909	0.5903636363636363	0.5061818181818182	0.6	0.728909090909091	0.6758181818181819	0.5225454545454545	0.5196363636363637	0.5987272727272728	0.4516363636363636	0.5118181818181818	0.49672727272727274	0.5372727272727272	0.8258181818181818	0.7034545454545454	0.7047272727272728	0.7598181818181818	0.6298181818181818	0.7009090909090909	0.56	0.5561818181818182	0.6276363636363637	0.6192727272727273	0.653090909090909	0.6812727272727273	0.6427272727272727	0.6836363636363636	0.7494545454545455	0.6563636363636364	0.6603636363636364	0.5905454545454546	0.6629090909090909	0.5721818181818182	0.6696363636363636	0.5221818181818182	0.5809090909090909	0.5670909090909091	0.7194545454545455	0.6434545454545455	0.6481818181818182	0.6465454545454545	0.6552727272727272	0.6078181818181818	0.6634545454545454	0.6985454545454546	0.6594545454545454	0.6454545454545455	0.7203636363636363	0.6214545454545455	0.5181818181818182	0.6045454545454545	0.7638181818181818	0.5376363636363637	0.6550909090909091	0.633090909090909	0.6389090909090909	0.6167272727272727
PCMB54315x-515	0.5736363636363636	0.5650909090909091	0.5692727272727273	0.0	0.6743636363636364	0.5667272727272727	0.6176363636363637	0.5916363636363636	0.6578181818181819	0.6289090909090909	0.6790909090909091	0.6636363636363637	0.5890909090909091	0.5749090909090909	0.5581818181818182	0.48672727272727273	0.6856363636363636	0.662	0.5916363636363636	0.5401818181818182	0.6141818181818182	0.6107272727272727	0.5941818181818181	0.5978181818181818	0.6018181818181818	0.6176363636363637	0.7147272727272728	0.8138181818181818	0.6281818181818182	0.5201818181818182	0.5774545454545454	0.6150909090909091	0.5796363636363636	0.5461818181818182	0.5818181818181818	0.631090909090909	0.767090909090909	0.6938181818181818	0.6512727272727272	0.6656363636363636	0.6221818181818182	0.7603636363636364	0.6021818181818182	0.5454545454545454	0.608909090909091	0.6287272727272727	0.6625454545454545	0.6438181818181818	0.6674545454545454	0.6743636363636364	0.7443636363636363	0.5570909090909091	0.6312727272727273	0.5847272727272728	0.6292727272727273	0.5858181818181818	0.6918181818181818	0.5523636363636364	0.5992727272727273	0.5930909090909091	0.730909090909091	0.6456363636363637	0.6701818181818182	0.6127272727272727	0.6254545454545455	0.6516363636363637	0.5761818181818181	0.7616363636363637	0.7065454545454546	0.6314545454545455	0.6787272727272727	0.6614545454545454	0.5265454545454545	0.5798181818181818	0.7281818181818182	0.6023636363636363	0.6898181818181818	0.5681818181818182	0.66	0.6007272727272728
PCMB54316x-515	0.6416363636363637	0.6209090909090909	0.6281818181818182	0.6743636363636364	0.0	0.6521818181818182	0.7290909090909091	0.6403636363636364	0.7192727272727273	0.5401818181818182	0.7514545454545455	0.7116363636363636	0.7069090909090909	0.6385454545454545	0.6963636363636364	0.6252727272727273	0.6521818181818182	0.6096363636363636	0.7107272727272728	0.6934545454545454	0.6972727272727273	0.6823636363636364	0.652	0.6567272727272727	0.5274545454545455	0.6358181818181818	0.6690909090909091	0.8241818181818181	0.7823636363636364	0.5458181818181819	0.6707272727272727	0.6912727272727273	0.6178181818181818	0.6056363636363636	0.616	0.5798181818181818	0.7963636363636364	0.6981818181818182	0.7092727272727273	0.7494545454545455	0.6945454545454546	0.7101818181818181	0.651090909090909	0.6038181818181818	0.6658181818181819	0.6392727272727273	0.6841818181818182	0.6821818181818182	0.6589090909090909	0.7445454545454545	0.7667272727272727	0.7436363636363637	0.7312727272727273	0.6894545454545454	0.7214545454545455	0.653090909090909	0.7256363636363636	0.6447272727272727	0.7152727272727273	0.6332727272727273	0.7285454545454545	0.5965454545454546	0.6998181818181818	0.7143636363636363	0.5958181818181818	0.6601818181818182	0.7481818181818182	0.5834545454545454	0.6287272727272727	0.653090909090909	0.6407272727272727	0.6856363636363636	0.5661818181818182	0.6369090909090909	0.7607272727272727	0.6656363636363636	0.6612727272727272	0.6498181818181819	0.704	0.6243636363636363
PCMB54317x-515	0.6221818181818182	0.5165454545454545	0.5114545454545455	0.5667272727272727	0.6521818181818182	0.0	0.5316363636363637	0.4823636363636364	0.5601818181818182	0.643090909090909	0.6638181818181819	0.5621818181818182	0.4949090909090909	0.5623636363636364	0.4803636363636364	0.4752727272727273	0.7470909090909091	0.6234545454545455	0.4669090909090909	0.4294545454545455	0.5345454545454545	0.44927272727272727	0.5603636363636364	0.57	0.5029090909090909	0.5889090909090909	0.6318181818181818	0.7307272727272728	0.556	0.5356363636363637	0.4012727272727273	0.4309090909090909	0.47563636363636363	0.5018181818181818	0.5476363636363636	0.5825454545454546	0.7361818181818182	0.5552727272727273	0.5874545454545455	0.6790909090909091	0.5374545454545454	0.6714545454545454	0.4703636363636364	0.4389090909090909	0.4425454545454545	0.517090909090909	0.6690909090909091	0.654	0.6554545454545454	0.5032727272727273	0.5890909090909091	0.5532727272727272	0.634	0.4258181818181818	0.6338181818181818	0.45436363636363636	0.5901818181818181	0.458	0.46054545454545454	0.5632727272727273	0.7263636363636363	0.6414545454545455	0.64	0.6296363636363637	0.5054545454545455	0.5376363636363637	0.5874545454545455	0.6994545454545454	0.5763636363636364	0.6041818181818182	0.5896363636363636	0.5114545454545455	0.47	0.49618181818181817	0.5878181818181818	0.5074545454545455	0.5045454545454545	0.5750909090909091	0.48927272727272725	0.511090909090909
PCMB54318x-515	0.6434545454545455	0.654	0.5094545454545455	0.6176363636363637	0.7290909090909091	0.5316363636363637	0.0	0.6174545454545455	0.6170909090909091	0.6832727272727273	0.68	0.7005454545454546	0.47654545454545455	0.5398181818181819	0.5467272727272727	0.5236363636363637	0.765090909090909	0.6485454545454545	0.5712727272727273	0.502	0.4652727272727273	0.4692727272727273	0.6154545454545455	0.6623636363636364	0.6318181818181818	0.5796363636363636	0.6130909090909091	0.7027272727272728	0.63	0.6161818181818182	0.534	0.5416363636363636	0.4698181818181818	0.5538181818181818	0.4954545454545455	0.6507272727272727	0.7772727272727272	0.7161818181818181	0.6614545454545454	0.7296363636363636	0.6132727272727273	0.7347272727272727	0.6018181818181818	0.5865454545454546	0.6241818181818182	0.6327272727272727	0.7245454545454545	0.6809090909090909	0.6901818181818182	0.6401818181818182	0.7407272727272727	0.6114545454545455	0.7221818181818181	0.5405454545454546	0.6563636363636364	0.6094545454545455	0.6616363636363637	0.5881818181818181	0.5816363636363636	0.643090909090909	0.7396363636363636	0.6894545454545454	0.7092727272727273	0.6083636363636363	0.6825454545454546	0.6716363636363636	0.638	0.7981818181818182	0.7021818181818181	0.6770909090909091	0.7272727272727273	0.6552727272727272	0.598	0.6585454545454545	0.6950909090909091	0.5890909090909091	0.6852727272727273	0.6396363636363637	0.6236363636363637	0.6756363636363636
PCMB54319x-515	0.7098181818181818	0.4187272727272727	0.6112727272727273	0.5916363636363636	0.6403636363636364	0.4823636363636364	0.6174545454545455	0.0	0.6234545454545455	0.6269090909090909	0.6074545454545455	0.519090909090909	0.5392727272727272	0.6261818181818182	0.4230909090909091	0.486	0.7801818181818182	0.7021818181818181	0.4610909090909091	0.4649090909090909	0.5841818181818181	0.5365454545454545	0.42927272727272725	0.474	0.4521818181818182	0.6603636363636364	0.6925454545454546	0.8167272727272727	0.5423636363636364	0.5550909090909091	0.5030909090909091	0.5105454545454545	0.5407272727272727	0.5376363636363637	0.6245454545454545	0.626	0.5818181818181818	0.4129090909090909	0.4692727272727273	0.5403636363636364	0.5934545454545455	0.7421818181818182	0.49454545454545457	0.398	0.4969090909090909	0.6005454545454545	0.7172727272727273	0.5178181818181818	0.7041818181818181	0.5550909090909091	0.6163636363636363	0.5261818181818182	0.6007272727272728	0.4954545454545455	0.5518181818181818	0.49472727272727274	0.632	0.48109090909090907	0.5085454545454545	0.6163636363636363	0.7603636363636364	0.6681818181818182	0.626	0.6198181818181818	0.44181818181818183	0.5267272727272727	0.5576363636363636	0.7201818181818181	0.5905454545454546	0.5407272727272727	0.49254545454545456	0.5114545454545455	0.49163636363636365	0.4701818181818182	0.5587272727272727	0.5569090909090909	0.5732727272727273	0.4650909090909091	0.6130909090909091	0.5441818181818182
PCMB54321x-515	0.5358181818181819	0.5632727272727273	0.5918181818181818	0.6578181818181819	0.7192727272727273	0.5601818181818182	0.6170909090909091	0.6234545454545455	0.0	0.6036363636363636	0.6170909090909091	0.6821818181818182	0.5432727272727272	0.5734545454545454	0.5890909090909091	0.5423636363636364	0.7043636363636364	0.5436363636363636	0.5618181818181818	0.5909090909090909	0.5534545454545454	0.5430909090909091	0.6336363636363637	0.6545454545454545	0.5861818181818181	0.5258181818181819	0.5961818181818181	0.6336363636363637	0.6092727272727273	0.654	0.5901818181818181	0.5925454545454546	0.5658181818181818	0.5812727272727273	0.6021818181818182	0.6534545454545454	0.7978181818181819	0.684	0.7041818181818181	0.6945454545454546	0.5238181818181818	0.6016363636363636	0.5614545454545454	0.5805454545454546	0.5754545454545454	0.5876363636363636	0.7014545454545454	0.6561818181818182	0.7025454545454546	0.576	0.6798181818181818	0.5854545454545454	0.636	0.5269090909090909	0.6494545454545455	0.5894545454545455	0.5712727272727273	0.5434545454545454	0.5467272727272727	0.6632727272727272	0.6550909090909091	0.6181818181818182	0.622	0.5514545454545454	0.6621818181818182	0.6327272727272727	0.6250909090909091	0.7487272727272727	0.6909090909090909	0.6405454545454545	0.7021818181818181	0.6143636363636363	0.5265454545454545	0.6123636363636363	0.6567272727272727	0.572	0.6338181818181818	0.6154545454545455	0.5181818181818182	0.6512727272727272
PCMB54322x-515	0.5438181818181819	0.639090909090909	0.5994545454545455	0.6289090909090909	0.5401818181818182	0.643090909090909	0.6832727272727273	0.6269090909090909	0.6036363636363636	0.0	0.6603636363636364	0.7005454545454546	0.6654545454545454	0.5629090909090909	0.6289090909090909	0.5992727272727273	0.616909090909091	0.6652727272727272	0.6527272727272727	0.6630909090909091	0.6281818181818182	0.6323636363636363	0.6321818181818182	0.6927272727272727	0.6114545454545455	0.6018181818181818	0.6156363636363636	0.6856363636363636	0.7203636363636363	0.6454545454545455	0.6536363636363637	0.668	0.5934545454545455	0.6298181818181818	0.6070909090909091	0.6654545454545454	0.7605454545454545	0.7203636363636363	0.7041818181818181	0.7098181818181818	0.63	0.632	0.6467272727272727	0.5963636363636363	0.6850909090909091	0.628	0.7069090909090909	0.6598181818181819	0.6394545454545455	0.7230909090909091	0.7758181818181819	0.6801818181818182	0.6841818181818182	0.6845454545454546	0.6950909090909091	0.6614545454545454	0.649090909090909	0.6227272727272727	0.6850909090909091	0.6561818181818182	0.6812727272727273	0.6294545454545455	0.6532727272727272	0.6172727272727273	0.6405454545454545	0.6821818181818182	0.7121818181818181	0.6709090909090909	0.6872727272727273	0.608	0.6912727272727273	0.6945454545454546	0.5407272727272727	0.6641818181818182	0.7305454545454545	0.6605454545454545	0.6949090909090909	0.6201818181818182	0.6658181818181819	0.6705454545454546
PCMB54323x-515	0.7470909090909091	0.5292727272727272	0.6816363636363636	0.6790909090909091	0.7514545454545455	0.6638181818181819	0.68	0.6074545454545455	0.6170909090909091	0.6603636363636364	0.0	0.688	0.6114545454545455	0.5727272727272728	0.6241818181818182	0.5636363636363636	0.8234545454545454	0.765090909090909	0.592	0.6469090909090909	0.6116363636363636	0.6570909090909091	0.5627272727272727	0.5983636363636363	0.6930909090909091	0.6541818181818182	0.7332727272727273	0.8370909090909091	0.5932727272727273	0.6734545454545454	0.6616363636363637	0.622	0.5947272727272728	0.5605454545454546	0.6750909090909091	0.7225454545454545	0.7638181818181818	0.6743636363636364	0.6349090909090909	0.6030909090909091	0.6972727272727273	0.8258181818181818	0.7156363636363636	0.6478181818181818	0.6941818181818182	0.7436363636363637	0.773090909090909	0.5087272727272727	0.7047272727272728	0.708	0.7703636363636364	0.628	0.5709090909090909	0.6745454545454546	0.5441818181818182	0.6943636363636364	0.7047272727272728	0.6381818181818182	0.6545454545454545	0.7114545454545455	0.8234545454545454	0.7387272727272727	0.5125454545454545	0.5870909090909091	0.6890909090909091	0.7070909090909091	0.6365454545454545	0.8214545454545454	0.7523636363636363	0.45	0.7412727272727273	0.7203636363636363	0.6512727272727272	0.5716363636363636	0.7270909090909091	0.7527272727272727	0.763090909090909	0.46854545454545454	0.763090909090909	0.7292727272727273
PCMB54324x-515	0.7569090909090909	0.5238181818181818	0.6963636363636364	0.6636363636363637	0.7116363636363636	0.5621818181818182	0.7005454545454546	0.519090909090909	0.6821818181818182	0.7005454545454546	0.688	0.0	0.6190909090909091	0.7154545454545455	0.6070909090909091	0.5943636363636363	0.8261818181818181	0.7749090909090909	0.5949090909090909	0.6196363636363637	0.6707272727272727	0.6472727272727272	0.6025454545454545	0.6190909090909091	0.5974545454545455	0.7370909090909091	0.7634545454545455	0.8610909090909091	0.6454545454545455	0.6665454545454546	0.6249090909090909	0.6210909090909091	0.6494545454545455	0.6632727272727272	0.7492727272727273	0.7412727272727273	0.5427272727272727	0.4970909090909091	0.6267272727272727	0.6661818181818182	0.6858181818181818	0.7945454545454546	0.6216363636363637	0.49436363636363634	0.6250909090909091	0.7149090909090909	0.7901818181818182	0.618	0.7723636363636364	0.6603636363636364	0.6623636363636364	0.6687272727272727	0.6314545454545455	0.6221818181818182	0.6721818181818182	0.6247272727272727	0.7547272727272727	0.636	0.6603636363636364	0.7190909090909091	0.8138181818181818	0.7150909090909091	0.6589090909090909	0.7341818181818182	0.5478181818181819	0.582	0.643090909090909	0.7498181818181818	0.7170909090909091	0.6361818181818182	0.488	0.584	0.618909090909091	0.5243636363636364	0.5363636363636364	0.6956363636363636	0.6954545454545454	0.6285454545454545	0.6705454545454546	0.6456363636363637
PCMB54325x-515	0.6863636363636364	0.5374545454545454	0.5721818181818182	0.5890909090909091	0.7069090909090909	0.4949090909090909	0.47654545454545455	0.5392727272727272	0.5432727272727272	0.6654545454545454	0.6114545454545455	0.6190909090909091	0.0	0.49436363636363634	0.42163636363636364	0.4590909090909091	0.7801818181818182	0.6881818181818182	0.4727272727272727	0.4616363636363636	0.4258181818181818	0.47145454545454546	0.5465454545454546	0.6016363636363636	0.6158181818181818	0.6329090909090909	0.6516363636363637	0.7625454545454545	0.4530909090909091	0.5925454545454546	0.5156363636363637	0.43436363636363634	0.48363636363636364	0.48472727272727273	0.5803636363636364	0.6503636363636364	0.7176363636363636	0.5776363636363636	0.594	0.5094545454545455	0.6083636363636363	0.724	0.6012727272727273	0.5561818181818182	0.6005454545454545	0.6576363636363637	0.7496363636363637	0.5870909090909091	0.7178181818181818	0.594	0.704	0.49018181818181816	0.6412727272727273	0.5143636363636364	0.600909090909091	0.6103636363636363	0.6283636363636363	0.5741818181818181	0.5441818181818182	0.634	0.7714545454545455	0.7074545454545454	0.6925454545454546	0.5612727272727273	0.6163636363636363	0.6594545454545454	0.53	0.804	0.7152727272727273	0.5778181818181818	0.6583636363636364	0.6463636363636364	0.5843636363636364	0.6218181818181818	0.5816363636363636	0.5834545454545454	0.6616363636363637	0.528	0.6058181818181818	0.6810909090909091
PCMB54326x-515	0.6341818181818182	0.602909090909091	0.45327272727272727	0.5749090909090909	0.6385454545454545	0.5623636363636364	0.5398181818181819	0.6261818181818182	0.5734545454545454	0.5629090909090909	0.5727272727272728	0.7154545454545455	0.49436363636363634	0.0	0.5487272727272727	0.46236363636363637	0.7334545454545455	0.6643636363636364	0.5729090909090909	0.5358181818181819	0.44272727272727275	0.49127272727272725	0.5774545454545454	0.6301818181818182	0.6516363636363637	0.5441818181818182	0.6147272727272727	0.7412727272727273	0.5932727272727273	0.572	0.5767272727272728	0.5316363636363637	0.46836363636363637	0.486	0.5054545454545455	0.5936363636363636	0.8096363636363636	0.7050909090909091	0.7145454545454546	0.6427272727272727	0.648	0.734909090909091	0.6352727272727273	0.6274545454545455	0.6803636363636364	0.6727272727272727	0.704	0.5938181818181818	0.6543636363636364	0.6978181818181818	0.7672727272727272	0.5761818181818181	0.662	0.6258181818181818	0.6132727272727273	0.6494545454545455	0.6558181818181819	0.6010909090909091	0.6276363636363637	0.5958181818181818	0.752	0.6741818181818182	0.6227272727272727	0.5585454545454546	0.688	0.6676363636363636	0.606	0.7712727272727272	0.7021818181818181	0.5667272727272727	0.7607272727272727	0.6749090909090909	0.5745454545454546	0.6692727272727272	0.7485454545454545	0.6456363636363637	0.7081818181818181	0.5745454545454546	0.6896363636363636	0.704
PCMB54327x-515	0.6625454545454545	0.5132727272727273	0.5643636363636364	0.5581818181818182	0.6963636363636364	0.4803636363636364	0.5467272727272727	0.4230909090909091	0.5890909090909091	0.6289090909090909	0.6241818181818182	0.6070909090909091	0.42163636363636364	0.5487272727272727	0.0	0.38345454545454544	0.7883636363636364	0.7014545454545454	0.47254545454545455	0.406	0.4978181818181818	0.49054545454545456	0.43254545454545457	0.5321818181818182	0.5838181818181818	0.6321818181818182	0.6716363636363636	0.7474545454545455	0.46	0.5618181818181818	0.4823636363636364	0.43745454545454543	0.48363636363636364	0.5198181818181818	0.5890909090909091	0.644	0.59	0.5367272727272727	0.5501818181818182	0.48545454545454547	0.6094545454545455	0.7443636363636363	0.5589090909090909	0.5003636363636363	0.5450909090909091	0.6261818181818182	0.7358181818181818	0.5903636363636363	0.7010909090909091	0.5461818181818182	0.644	0.44672727272727275	0.634	0.528	0.5885454545454546	0.5645454545454546	0.6107272727272727	0.5263636363636364	0.518	0.5934545454545455	0.7714545454545455	0.6885454545454546	0.6610909090909091	0.5729090909090909	0.5325454545454545	0.6338181818181818	0.5141818181818182	0.778	0.6965454545454546	0.564	0.6192727272727273	0.6116363636363636	0.517090909090909	0.588	0.5798181818181818	0.594	0.6229090909090909	0.49163636363636365	0.6281818181818182	0.5910909090909091
PCMB54328x-515	0.5616363636363636	0.4752727272727273	0.4649090909090909	0.48672727272727273	0.6252727272727273	0.4752727272727273	0.5236363636363637	0.486	0.5423636363636364	0.5992727272727273	0.5636363636363636	0.5943636363636363	0.4590909090909091	0.46236363636363637	0.38345454545454544	0.0	0.7123636363636363	0.6541818181818182	0.42872727272727273	0.4092727272727273	0.46036363636363636	0.4567272727272727	0.49636363636363634	0.5407272727272727	0.5678181818181818	0.5501818181818182	0.6132727272727273	0.73	0.5478181818181819	0.4878181818181818	0.4069090909090909	0.4389090909090909	0.44981818181818184	0.46545454545454545	0.5101818181818182	0.5998181818181818	0.6807272727272727	0.5983636363636363	0.6025454545454545	0.5830909090909091	0.5985454545454545	0.7070909090909091	0.5321818181818182	0.5052727272727273	0.5514545454545454	0.6156363636363636	0.6761818181818182	0.566	0.6110909090909091	0.5674545454545454	0.6721818181818182	0.4929090909090909	0.5887272727272728	0.523090909090909	0.5550909090909091	0.5389090909090909	0.6225454545454545	0.5249090909090909	0.56	0.5574545454545454	0.740909090909091	0.6225454545454545	0.6045454545454545	0.5116363636363637	0.5545454545454546	0.5849090909090909	0.512	0.7172727272727273	0.6561818181818182	0.507090909090909	0.6241818181818182	0.5772727272727273	0.4823636363636364	0.5449090909090909	0.5916363636363636	0.5650909090909091	0.6083636363636363	0.5001818181818182	0.6298181818181818	0.5621818181818182
PCMB54329x-515	0.4918181818181818	0.7365454545454545	0.6790909090909091	0.6856363636363636	0.6521818181818182	0.7470909090909091	0.765090909090909	0.7801818181818182	0.7043636363636364	0.616909090909091	0.8234545454545454	0.8261818181818181	0.7801818181818182	0.7334545454545455	0.7883636363636364	0.7123636363636363	0.0	0.5705454545454546	0.7656363636363637	0.7696363636363637	0.7634545454545455	0.7209090909090909	0.7996363636363636	0.7941818181818182	0.6576363636363637	0.594	0.6163636363636363	0.7727272727272727	0.8376363636363636	0.6252727272727273	0.7318181818181818	0.7783636363636364	0.698	0.7321818181818182	0.6594545454545454	0.6541818181818182	0.8878181818181818	0.82	0.8130909090909091	0.8887272727272727	0.6629090909090909	0.6381818181818182	0.7074545454545454	0.728	0.7370909090909091	0.6627272727272727	0.5510909090909091	0.8130909090909091	0.6567272727272727	0.7998181818181819	0.8221818181818182	0.7907272727272727	0.774	0.7401818181818182	0.8069090909090909	0.7258181818181818	0.7172727272727273	0.7092727272727273	0.7530909090909091	0.6712727272727272	0.684	0.6341818181818182	0.7636363636363637	0.7225454545454545	0.76	0.7401818181818182	0.8038181818181818	0.7121818181818181	0.7270909090909091	0.8	0.7914545454545454	0.7376363636363636	0.6292727272727273	0.7492727272727273	0.8443636363636363	0.6609090909090909	0.7334545454545455	0.7841818181818182	0.6663636363636364	0.6976363636363636
PCMB54330x-515	0.5141818181818182	0.6843636363636364	0.6427272727272727	0.662	0.6096363636363636	0.6234545454545455	0.6485454545454545	0.7021818181818181	0.5436363636363636	0.6652727272727272	0.765090909090909	0.7749090909090909	0.6881818181818182	0.6643636363636364	0.7014545454545454	0.6541818181818182	0.5705454545454546	0.0	0.6607272727272727	0.6512727272727272	0.6636363636363637	0.6194545454545455	0.7194545454545455	0.7072727272727273	0.5530909090909091	0.5312727272727272	0.5252727272727272	0.6641818181818182	0.7594545454545455	0.6194545454545455	0.6101818181818182	0.6312727272727273	0.5821818181818181	0.6243636363636363	0.5903636363636363	0.6043636363636363	0.866	0.7532727272727273	0.7536363636363637	0.8347272727272728	0.5332727272727272	0.6034545454545455	0.604	0.6316363636363637	0.6023636363636363	0.5367272727272727	0.6763636363636364	0.7934545454545454	0.6205454545454545	0.658	0.7367272727272727	0.684	0.7338181818181818	0.5783636363636364	0.7416363636363636	0.628	0.5787272727272728	0.6181818181818182	0.6181818181818182	0.6623636363636364	0.584	0.612909090909091	0.7438181818181818	0.5976363636363636	0.6605454545454545	0.674	0.7247272727272728	0.7054545454545454	0.666	0.7598181818181818	0.7367272727272727	0.6472727272727272	0.5254545454545455	0.6716363636363636	0.7623636363636364	0.5469090909090909	0.6203636363636363	0.7072727272727273	0.5258181818181819	0.6372727272727273
PCMB54331x-515	0.658	0.4763636363636364	0.6078181818181818	0.5916363636363636	0.7107272727272728	0.4669090909090909	0.5712727272727273	0.4610909090909091	0.5618181818181818	0.6527272727272727	0.592	0.5949090909090909	0.4727272727272727	0.5729090909090909	0.47254545454545455	0.42872727272727273	0.7656363636363637	0.6607272727272727	0.0	0.38145454545454544	0.5318181818181819	0.44381818181818183	0.5065454545454545	0.5701818181818182	0.5305454545454545	0.6347272727272727	0.68	0.7674545454545455	0.5407272727272727	0.5734545454545454	0.4007272727272727	0.36218181818181816	0.512	0.5187272727272727	0.6236363636363637	0.6429090909090909	0.6927272727272727	0.5194545454545455	0.5805454545454546	0.5732727272727273	0.5725454545454546	0.6881818181818182	0.5172727272727272	0.45181818181818184	0.48145454545454547	0.5841818181818181	0.7350909090909091	0.5870909090909091	0.7176363636363636	0.48	0.6034545454545455	0.5096363636363637	0.642	0.4578181818181818	0.6245454545454545	0.5045454545454545	0.6047272727272728	0.511090909090909	0.4763636363636364	0.6289090909090909	0.7632727272727273	0.6836363636363636	0.6765454545454546	0.5736363636363636	0.5354545454545454	0.5834545454545454	0.5416363636363636	0.7527272727272727	0.633090909090909	0.5030909090909091	0.598	0.5474545454545454	0.4894545454545455	0.5365454545454545	0.4870909090909091	0.522	0.534	0.507090909090909	0.5649090909090909	0.5845454545454546
PCMB54332x-515	0.6421818181818182	0.4772727272727273	0.5281818181818182	0.5401818181818182	0.6934545454545454	0.4294545454545455	0.502	0.4649090909090909	0.5909090909090909	0.6630909090909091	0.6469090909090909	0.6196363636363637	0.4616363636363636	0.5358181818181819	0.406	0.4092727272727273	0.7696363636363637	0.6512727272727272	0.38145454545454544	0.0	0.5369090909090909	0.4587272727272727	0.5178181818181818	0.5476363636363636	0.5387272727272727	0.5389090909090909	0.6369090909090909	0.7187272727272728	0.5018181818181818	0.5129090909090909	0.4110909090909091	0.38727272727272727	0.48872727272727273	0.5272727272727272	0.5514545454545454	0.6132727272727273	0.7021818181818181	0.5732727272727273	0.6103636363636363	0.6072727272727273	0.511090909090909	0.6916363636363636	0.5445454545454546	0.4630909090909091	0.5105454545454545	0.5374545454545454	0.7243636363636363	0.6130909090909091	0.6810909090909091	0.5354545454545454	0.6458181818181818	0.4112727272727273	0.6534545454545454	0.42254545454545456	0.6094545454545455	0.5423636363636364	0.6256363636363637	0.4918181818181818	0.4338181818181818	0.6063636363636363	0.7547272727272727	0.6801818181818182	0.666	0.594	0.5803636363636364	0.6072727272727273	0.486	0.7825454545454545	0.6472727272727272	0.5496363636363636	0.6394545454545455	0.5754545454545454	0.47145454545454546	0.5981818181818181	0.5741818181818181	0.5025454545454545	0.564	0.5323636363636364	0.5238181818181818	0.5574545454545454
PCMB54333x-515	0.6296363636363637	0.5316363636363637	0.4958181818181818	0.6141818181818182	0.6972727272727273	0.5345454545454545	0.4652727272727273	0.5841818181818181	0.5534545454545454	0.6281818181818182	0.6116363636363636	0.6707272727272727	0.4258181818181818	0.44272727272727275	0.4978181818181818	0.46036363636363636	0.7634545454545455	0.6636363636363637	0.5318181818181819	0.5369090909090909	0.0	0.4230909090909091	0.5154545454545455	0.6256363636363637	0.6392727272727273	0.5932727272727273	0.608909090909091	0.7201818181818181	0.562	0.5681818181818182	0.5445454545454546	0.5141818181818182	0.46145454545454545	0.524	0.5201818181818182	0.6527272727272727	0.7569090909090909	0.6665454545454546	0.6296363636363637	0.5943636363636363	0.6125454545454545	0.7581818181818182	0.5761818181818181	0.5589090909090909	0.6492727272727272	0.6507272727272727	0.7161818181818181	0.6147272727272727	0.6345454545454545	0.6267272727272727	0.718	0.5678181818181818	0.6521818181818182	0.5643636363636364	0.6072727272727273	0.6327272727272727	0.636	0.5587272727272727	0.5550909090909091	0.5789090909090909	0.7401818181818182	0.6714545454545454	0.6563636363636364	0.5572727272727273	0.6181818181818182	0.6352727272727273	0.5474545454545454	0.776	0.7203636363636363	0.5714545454545454	0.7045454545454546	0.6352727272727273	0.5465454545454546	0.6172727272727273	0.6787272727272727	0.5772727272727273	0.682	0.5694545454545454	0.6449090909090909	0.6667272727272727
PCMB54334x-515	0.5714545454545454	0.5676363636363636	0.5030909090909091	0.6107272727272727	0.6823636363636364	0.44927272727272727	0.4692727272727273	0.5365454545454545	0.5430909090909091	0.6323636363636363	0.6570909090909091	0.6472727272727272	0.47145454545454546	0.49127272727272725	0.49054545454545456	0.4567272727272727	0.7209090909090909	0.6194545454545455	0.44381818181818183	0.4587272727272727	0.4230909090909091	0.0	0.5694545454545454	0.6458181818181818	0.5456363636363636	0.5714545454545454	0.6030909090909091	0.7196363636363636	0.5432727272727272	0.5710909090909091	0.4465454545454545	0.4829090909090909	0.4254545454545455	0.4667272727272727	0.54	0.6221818181818182	0.7263636363636363	0.616909090909091	0.6556363636363637	0.6916363636363636	0.5567272727272727	0.6636363636363637	0.4990909090909091	0.5276363636363637	0.5483636363636364	0.5734545454545454	0.7130909090909091	0.6521818181818182	0.6583636363636364	0.5694545454545454	0.6514545454545455	0.5556363636363636	0.6561818181818182	0.5007272727272727	0.6416363636363637	0.5390909090909091	0.5921818181818181	0.5138181818181818	0.49818181818181817	0.588	0.7381818181818182	0.6625454545454545	0.6612727272727272	0.5672727272727273	0.592	0.5792727272727273	0.5965454545454546	0.7252727272727273	0.6414545454545455	0.6207272727272727	0.6790909090909091	0.5596363636363636	0.5167272727272727	0.59	0.5889090909090909	0.4792727272727273	0.5861818181818181	0.6027272727272728	0.564	0.5967272727272728
PCMB54335x-515	0.7050909090909091	0.4767272727272727	0.6110909090909091	0.5941818181818181	0.652	0.5603636363636364	0.6154545454545455	0.42927272727272725	0.6336363636363637	0.6321818181818182	0.5627272727272727	0.6025454545454545	0.5465454545454546	0.5774545454545454	0.43254545454545457	0.49636363636363634	0.7996363636363636	0.7194545454545455	0.5065454545454545	0.5178181818181818	0.5154545454545455	0.5694545454545454	0.0	0.44945454545454544	0.586	0.6543636363636364	0.7150909090909091	0.8234545454545454	0.5245454545454545	0.5492727272727272	0.5830909090909091	0.528	0.522	0.5545454545454546	0.6172727272727273	0.647090909090909	0.6487272727272727	0.544	0.4850909090909091	0.476	0.654	0.8029090909090909	0.6027272727272728	0.4778181818181818	0.6092727272727273	0.6541818181818182	0.7192727272727273	0.4910909090909091	0.7058181818181818	0.616909090909091	0.7194545454545455	0.5272727272727272	0.6098181818181818	0.5485454545454546	0.5254545454545455	0.598909090909091	0.6436363636363637	0.5327272727272727	0.5643636363636364	0.608	0.7781818181818182	0.6718181818181819	0.6341818181818182	0.5730909090909091	0.5307272727272727	0.6421818181818182	0.5114545454545455	0.7918181818181819	0.6736363636363636	0.48145454545454547	0.6252727272727273	0.641090909090909	0.5516363636363636	0.5381818181818182	0.6214545454545455	0.6487272727272727	0.6790909090909091	0.4289090909090909	0.6927272727272727	0.63
PCMB54336x-515	0.722909090909091	0.46290909090909094	0.6629090909090909	0.5978181818181818	0.6567272727272727	0.57	0.6623636363636364	0.474	0.6545454545454545	0.6927272727272727	0.5983636363636363	0.6190909090909091	0.6016363636363636	0.6301818181818182	0.5321818181818182	0.5407272727272727	0.7941818181818182	0.7072727272727273	0.5701818181818182	0.5476363636363636	0.6256363636363637	0.6458181818181818	0.44945454545454544	0.0	0.5458181818181819	0.618	0.75	0.8645454545454545	0.5876363636363636	0.5538181818181818	0.5890909090909091	0.5483636363636364	0.5445454545454546	0.5594545454545454	0.6238181818181818	0.645090909090909	0.684	0.5676363636363636	0.5385454545454545	0.5545454545454546	0.6736363636363636	0.8129090909090909	0.6465454545454545	0.5232727272727272	0.5972727272727273	0.6650909090909091	0.7543636363636363	0.5754545454545454	0.7258181818181818	0.6298181818181818	0.7096363636363636	0.5970909090909091	0.6616363636363637	0.5812727272727273	0.568	0.5992727272727273	0.6954545454545454	0.5565454545454546	0.6176363636363637	0.664	0.7961818181818182	0.6910909090909091	0.5945454545454546	0.6456363636363637	0.5441818181818182	0.6634545454545454	0.6327272727272727	0.7967272727272727	0.6732727272727272	0.5598181818181818	0.5981818181818181	0.6616363636363637	0.5772727272727273	0.5394545454545454	0.652	0.6841818181818182	0.6627272727272727	0.496	0.6976363636363636	0.6205454545454545
PCMB54339x-515	0.6143636363636363	0.4743636363636364	0.5903636363636363	0.6018181818181818	0.5274545454545455	0.5029090909090909	0.6318181818181818	0.4521818181818182	0.5861818181818181	0.6114545454545455	0.6930909090909091	0.5974545454545455	0.6158181818181818	0.6516363636363637	0.5838181818181818	0.5678181818181818	0.6576363636363637	0.5530909090909091	0.5305454545454545	0.5387272727272727	0.6392727272727273	0.5456363636363636	0.586	0.5458181818181819	0.0	0.5932727272727273	0.6512727272727272	0.777090909090909	0.6827272727272727	0.5285454545454545	0.514	0.5652727272727273	0.5089090909090909	0.5283636363636364	0.5865454545454546	0.4890909090909091	0.722	0.5050909090909091	0.6021818181818182	0.7232727272727273	0.564	0.6598181818181819	0.4852727272727273	0.4172727272727273	0.4749090909090909	0.48309090909090907	0.6636363636363637	0.6596363636363637	0.6641818181818182	0.5790909090909091	0.6003636363636363	0.5949090909090909	0.6825454545454546	0.49454545454545457	0.6372727272727273	0.4732727272727273	0.6389090909090909	0.4678181818181818	0.5338181818181819	0.6207272727272727	0.6981818181818182	0.5936363636363636	0.643090909090909	0.6770909090909091	0.44072727272727275	0.5081818181818182	0.6672727272727272	0.646	0.5012727272727273	0.6212727272727273	0.51	0.48872727272727273	0.43654545454545457	0.5241818181818182	0.628	0.4874545454545455	0.4954545454545455	0.5978181818181818	0.5310909090909091	0.44781818181818184
PCMB54340x-515	0.4727272727272727	0.6014545454545455	0.5061818181818182	0.6176363636363637	0.6358181818181818	0.5889090909090909	0.5796363636363636	0.6603636363636364	0.5258181818181819	0.6018181818181818	0.6541818181818182	0.7370909090909091	0.6329090909090909	0.5441818181818182	0.6321818181818182	0.5501818181818182	0.594	0.5312727272727272	0.6347272727272727	0.5389090909090909	0.5932727272727273	0.5714545454545454	0.6543636363636364	0.618	0.5932727272727273	0.0	0.5007272727272727	0.6970909090909091	0.686	0.5483636363636364	0.5787272727272728	0.602	0.5050909090909091	0.5310909090909091	0.5121818181818182	0.5734545454545454	0.8236363636363636	0.754	0.7207272727272728	0.7967272727272727	0.518	0.6634545454545454	0.6323636363636363	0.5970909090909091	0.6427272727272727	0.5487272727272727	0.6596363636363637	0.7403636363636363	0.6165454545454545	0.6841818181818182	0.7681818181818182	0.5614545454545454	0.6914545454545454	0.5776363636363636	0.6714545454545454	0.6276363636363637	0.6438181818181818	0.5396363636363637	0.572	0.6298181818181818	0.686	0.6383636363636364	0.6221818181818182	0.6036363636363636	0.6932727272727273	0.6763636363636364	0.6254545454545455	0.7503636363636363	0.684	0.6823636363636364	0.7312727272727273	0.6669090909090909	0.5458181818181819	0.6209090909090909	0.7618181818181818	0.5625454545454546	0.668	0.6603636363636364	0.5552727272727273	0.632
PCMB54341x-515	0.5436363636363636	0.7441818181818182	0.6	0.7147272727272728	0.6690909090909091	0.6318181818181818	0.6130909090909091	0.6925454545454546	0.5961818181818181	0.6156363636363636	0.7332727272727273	0.7634545454545455	0.6516363636363637	0.6147272727272727	0.6716363636363636	0.6132727272727273	0.6163636363636363	0.5252727272727272	0.68	0.6369090909090909	0.608909090909091	0.6030909090909091	0.7150909090909091	0.75	0.6512727272727272	0.5007272727272727	0.0	0.5898181818181818	0.7298181818181818	0.6407272727272727	0.5921818181818181	0.6101818181818182	0.5594545454545454	0.5958181818181818	0.5938181818181818	0.6456363636363637	0.8543636363636363	0.7105454545454546	0.7667272727272727	0.8070909090909091	0.6329090909090909	0.6734545454545454	0.6685454545454546	0.6601818181818182	0.7021818181818181	0.6752727272727272	0.7434545454545455	0.7854545454545454	0.6367272727272727	0.7192727272727273	0.7947272727272727	0.7054545454545454	0.7518181818181818	0.6296363636363637	0.7287272727272728	0.6890909090909091	0.6418181818181818	0.6796363636363636	0.6572727272727272	0.6918181818181818	0.6125454545454545	0.651090909090909	0.7009090909090909	0.6034545454545455	0.7101818181818181	0.726	0.7432727272727273	0.7589090909090909	0.7501818181818182	0.7421818181818182	0.7821818181818182	0.7105454545454546	0.646	0.6761818181818182	0.7807272727272727	0.618	0.6923636363636364	0.7205454545454546	0.6245454545454545	0.7263636363636363
PCMB54342x-515	0.604	0.85	0.728909090909091	0.8138181818181818	0.8241818181818181	0.7307272727272728	0.7027272727272728	0.8167272727272727	0.6336363636363637	0.6856363636363636	0.8370909090909091	0.8610909090909091	0.7625454545454545	0.7412727272727273	0.7474545454545455	0.73	0.7727272727272727	0.6641818181818182	0.7674545454545455	0.7187272727272728	0.7201818181818181	0.7196363636363636	0.8234545454545454	0.8645454545454545	0.777090909090909	0.6970909090909091	0.5898181818181818	0.0	0.8007272727272727	0.8070909090909091	0.736	0.7170909090909091	0.7156363636363636	0.77	0.7061818181818181	0.7901818181818182	0.9067272727272727	0.8530909090909091	0.8332727272727273	0.8734545454545455	0.6165454545454545	0.6096363636363636	0.7581818181818182	0.7874545454545454	0.784	0.7436363636363637	0.8274545454545454	0.8387272727272728	0.7438181818181818	0.7927272727272727	0.858	0.7969090909090909	0.8210909090909091	0.7414545454545455	0.83	0.79	0.6961818181818182	0.77	0.7534545454545455	0.7865454545454545	0.6598181818181819	0.7838181818181819	0.7745454545454545	0.7183636363636363	0.8229090909090909	0.8089090909090909	0.8214545454545454	0.834	0.8614545454545455	0.8289090909090909	0.8789090909090909	0.788	0.7130909090909091	0.8025454545454546	0.8378181818181818	0.7425454545454545	0.7874545454545454	0.7974545454545454	0.6858181818181818	0.8329090909090909
PCMB54343x-515	0.7572727272727273	0.5681818181818182	0.6758181818181819	0.6281818181818182	0.7823636363636364	0.556	0.63	0.5423636363636364	0.6092727272727273	0.7203636363636363	0.5932727272727273	0.6454545454545455	0.4530909090909091	0.5932727272727273	0.46	0.5478181818181819	0.8376363636363636	0.7594545454545455	0.5407272727272727	0.5018181818181818	0.562	0.5432727272727272	0.5245454545454545	0.5876363636363636	0.6827272727272727	0.686	0.7298181818181818	0.8007272727272727	0.0	0.6758181818181819	0.6023636363636363	0.49327272727272725	0.5658181818181818	0.57	0.6576363636363637	0.7292727272727273	0.702	0.5938181818181818	0.5869090909090909	0.5385454545454545	0.6427272727272727	0.7805454545454545	0.6343636363636364	0.6123636363636363	0.6125454545454545	0.6796363636363636	0.7692727272727272	0.6336363636363637	0.7478181818181818	0.6265454545454545	0.6889090909090909	0.4738181818181818	0.6421818181818182	0.5509090909090909	0.6118181818181818	0.6027272727272728	0.6589090909090909	0.5754545454545454	0.534	0.6861818181818182	0.8036363636363636	0.7341818181818182	0.6847272727272727	0.5841818181818181	0.6590909090909091	0.6505454545454545	0.48472727272727273	0.8283636363636364	0.7321818181818182	0.6358181818181818	0.6961818181818182	0.6478181818181818	0.6287272727272727	0.5981818181818181	0.6414545454545455	0.6543636363636364	0.6925454545454546	0.5518181818181818	0.664	0.6785454545454546
PCMB54344x-515	0.5638181818181818	0.4758181818181818	0.5225454545454545	0.5201818181818182	0.5458181818181819	0.5356363636363637	0.6161818181818182	0.5550909090909091	0.654	0.6454545454545455	0.6734545454545454	0.6665454545454546	0.5925454545454546	0.572	0.5618181818181818	0.4878181818181818	0.6252727272727273	0.6194545454545455	0.5734545454545454	0.5129090909090909	0.5681818181818182	0.5710909090909091	0.5492727272727272	0.5538181818181818	0.5285454545454545	0.5483636363636364	0.6407272727272727	0.8070909090909091	0.6758181818181819	0.0	0.5396363636363637	0.5676363636363636	0.4958181818181818	0.5010909090909091	0.45381818181818184	0.45745454545454545	0.786	0.6583636363636364	0.6387272727272727	0.6921818181818182	0.594	0.7507272727272727	0.5570909090909091	0.5330909090909091	0.5770909090909091	0.5723636363636364	0.5778181818181818	0.6427272727272727	0.6014545454545455	0.648	0.7014545454545454	0.5678181818181818	0.6485454545454545	0.5518181818181818	0.6285454545454545	0.5589090909090909	0.6663636363636364	0.47709090909090907	0.5414545454545454	0.45381818181818184	0.7263636363636363	0.6150909090909091	0.6505454545454545	0.6274545454545455	0.5774545454545454	0.65	0.5972727272727273	0.7370909090909091	0.5649090909090909	0.6221818181818182	0.6403636363636364	0.6532727272727272	0.48254545454545456	0.5892727272727273	0.7210909090909091	0.5549090909090909	0.5956363636363636	0.5645454545454546	0.6250909090909091	0.49818181818181817
PCMB54345x-515	0.618909090909091	0.572	0.5196363636363637	0.5774545454545454	0.6707272727272727	0.4012727272727273	0.534	0.5030909090909091	0.5901818181818181	0.6536363636363637	0.6616363636363637	0.6249090909090909	0.5156363636363637	0.5767272727272728	0.4823636363636364	0.4069090909090909	0.7318181818181818	0.6101818181818182	0.4007272727272727	0.4110909090909091	0.5445454545454546	0.4465454545454545	0.5830909090909091	0.5890909090909091	0.514	0.5787272727272728	0.5921818181818181	0.736	0.6023636363636363	0.5396363636363637	0.0	0.38381818181818184	0.466	0.5229090909090909	0.5498181818181819	0.6047272727272728	0.6825454545454546	0.5841818181818181	0.5943636363636363	0.6849090909090909	0.5747272727272728	0.6856363636363636	0.5254545454545455	0.4612727272727273	0.49872727272727274	0.5887272727272728	0.7170909090909091	0.6778181818181818	0.6670909090909091	0.5014545454545455	0.6218181818181818	0.5409090909090909	0.6518181818181819	0.464	0.6478181818181818	0.5138181818181818	0.6078181818181818	0.5207272727272727	0.5152727272727273	0.6090909090909091	0.7436363636363637	0.684	0.6741818181818182	0.6050909090909091	0.5667272727272727	0.5967272727272728	0.5778181818181818	0.7532727272727273	0.6429090909090909	0.6185454545454545	0.6427272727272727	0.5652727272727273	0.518	0.5629090909090909	0.5352727272727272	0.5341818181818182	0.5276363636363637	0.5827272727272728	0.5538181818181818	0.5685454545454546
PCMB54346x-515	0.6754545454545454	0.5585454545454546	0.5987272727272728	0.6150909090909091	0.6912727272727273	0.4309090909090909	0.5416363636363636	0.5105454545454545	0.5925454545454546	0.668	0.622	0.6210909090909091	0.43436363636363634	0.5316363636363637	0.43745454545454543	0.4389090909090909	0.7783636363636364	0.6312727272727273	0.36218181818181816	0.38727272727272727	0.5141818181818182	0.4829090909090909	0.528	0.5483636363636364	0.5652727272727273	0.602	0.6101818181818182	0.7170909090909091	0.49327272727272725	0.5676363636363636	0.38381818181818184	0.0	0.48618181818181816	0.5149090909090909	0.5754545454545454	0.639090909090909	0.712	0.5485454545454546	0.556	0.5898181818181818	0.5965454545454546	0.7410909090909091	0.5834545454545454	0.517090909090909	0.5309090909090909	0.6214545454545455	0.7589090909090909	0.6141818181818182	0.6769090909090909	0.5145454545454545	0.6329090909090909	0.5101818181818182	0.6385454545454545	0.49254545454545456	0.63	0.5710909090909091	0.606909090909091	0.562	0.5001818181818182	0.6278181818181818	0.7683636363636364	0.7167272727272728	0.6778181818181818	0.5538181818181818	0.5976363636363636	0.6612727272727272	0.5476363636363636	0.81	0.6910909090909091	0.5805454545454546	0.676	0.6309090909090909	0.5541818181818182	0.574	0.5427272727272727	0.5938181818181818	0.58	0.525090909090909	0.5867272727272728	0.6336363636363637
PCMB54347x-515	0.6070909090909091	0.55	0.4516363636363636	0.5796363636363636	0.6178181818181818	0.47563636363636363	0.4698181818181818	0.5407272727272727	0.5658181818181818	0.5934545454545455	0.5947272727272728	0.6494545454545455	0.48363636363636364	0.46836363636363637	0.48363636363636364	0.44981818181818184	0.698	0.5821818181818181	0.512	0.48872727272727273	0.46145454545454545	0.4254545454545455	0.522	0.5445454545454546	0.5089090909090909	0.5050909090909091	0.5594545454545454	0.7156363636363636	0.5658181818181818	0.4958181818181818	0.466	0.48618181818181816	0.0	0.414	0.4058181818181818	0.4572727272727273	0.7170909090909091	0.6185454545454545	0.5970909090909091	0.6770909090909091	0.5774545454545454	0.6929090909090909	0.5156363636363637	0.5198181818181818	0.55	0.5661818181818182	0.6378181818181818	0.6147272727272727	0.6147272727272727	0.582	0.6743636363636364	0.5572727272727273	0.6554545454545454	0.4769090909090909	0.5858181818181818	0.512	0.5778181818181818	0.47	0.5112727272727273	0.5412727272727272	0.6963636363636364	0.61	0.6307272727272727	0.5525454545454546	0.5916363636363636	0.616	0.598909090909091	0.736	0.6016363636363636	0.562	0.6347272727272727	0.5978181818181818	0.5298181818181819	0.5683636363636364	0.6634545454545454	0.5038181818181818	0.5827272727272728	0.564	0.5794545454545454	0.5863636363636363
PCMB54348x-515	0.6336363636363637	0.5394545454545454	0.5118181818181818	0.5461818181818182	0.6056363636363636	0.5018181818181818	0.5538181818181818	0.5376363636363637	0.5812727272727273	0.6298181818181818	0.5605454545454546	0.6632727272727272	0.48472727272727273	0.486	0.5198181818181818	0.46545454545454545	0.7321818181818182	0.6243636363636363	0.5187272727272727	0.5272727272727272	0.524	0.4667272727272727	0.5545454545454546	0.5594545454545454	0.5283636363636364	0.5310909090909091	0.5958181818181818	0.77	0.57	0.5010909090909091	0.5229090909090909	0.5149090909090909	0.414	0.0	0.48763636363636365	0.48672727272727273	0.7950909090909091	0.6298181818181818	0.6	0.6250909090909091	0.6241818181818182	0.7536363636363637	0.5901818181818181	0.5541818181818182	0.6054545454545455	0.6270909090909091	0.6789090909090909	0.6005454545454545	0.6409090909090909	0.6630909090909091	0.7367272727272727	0.5709090909090909	0.6303636363636363	0.5849090909090909	0.5581818181818182	0.5729090909090909	0.6629090909090909	0.5123636363636364	0.5561818181818182	0.5703636363636364	0.7569090909090909	0.6458181818181818	0.6183636363636363	0.5870909090909091	0.6016363636363636	0.6472727272727272	0.626	0.7378181818181818	0.6507272727272727	0.5658181818181818	0.6778181818181818	0.6454545454545455	0.5483636363636364	0.5774545454545454	0.7256363636363636	0.5901818181818181	0.6358181818181818	0.5469090909090909	0.6529090909090909	0.6323636363636363
PCMB54349x-515	0.5712727272727273	0.6032727272727273	0.49672727272727274	0.5818181818181818	0.616	0.5476363636363636	0.4954545454545455	0.6245454545454545	0.6021818181818182	0.6070909090909091	0.6750909090909091	0.7492727272727273	0.5803636363636364	0.5054545454545455	0.5890909090909091	0.5101818181818182	0.6594545454545454	0.5903636363636363	0.6236363636363637	0.5514545454545454	0.5201818181818182	0.54	0.6172727272727273	0.6238181818181818	0.5865454545454546	0.5121818181818182	0.5938181818181818	0.7061818181818181	0.6576363636363637	0.45381818181818184	0.5498181818181819	0.5754545454545454	0.4058181818181818	0.48763636363636365	0.0	0.43963636363636366	0.8332727272727273	0.7307272727272728	0.6801818181818182	0.726	0.6127272727272727	0.7110909090909091	0.5712727272727273	0.6032727272727273	0.594	0.5756363636363636	0.5678181818181818	0.69	0.5854545454545454	0.6636363636363637	0.736909090909091	0.6554545454545454	0.6947272727272727	0.5774545454545454	0.6605454545454545	0.5534545454545454	0.6114545454545455	0.48363636363636364	0.5481818181818182	0.49	0.6874545454545454	0.6078181818181818	0.6885454545454546	0.6098181818181818	0.6732727272727272	0.6647272727272727	0.6827272727272727	0.7490909090909091	0.598	0.6694545454545454	0.7205454545454546	0.6476363636363637	0.5658181818181818	0.6414545454545455	0.761090909090909	0.57	0.6218181818181818	0.6385454545454545	0.6285454545454545	0.5996363636363636
PCMB54350x-515	0.6176363636363637	0.5869090909090909	0.5372727272727272	0.631090909090909	0.5798181818181818	0.5825454545454546	0.6507272727272727	0.626	0.6534545454545454	0.6654545454545454	0.7225454545454545	0.7412727272727273	0.6503636363636364	0.5936363636363636	0.644	0.5998181818181818	0.6541818181818182	0.6043636363636363	0.6429090909090909	0.6132727272727273	0.6527272727272727	0.6221818181818182	0.647090909090909	0.645090909090909	0.4890909090909091	0.5734545454545454	0.6456363636363637	0.7901818181818182	0.7292727272727273	0.45745454545454545	0.6047272727272728	0.639090909090909	0.4572727272727273	0.48672727272727273	0.43963636363636366	0.0	0.8190909090909091	0.6938181818181818	0.71	0.7874545454545454	0.6463636363636364	0.7347272727272727	0.5714545454545454	0.57	0.5847272727272728	0.5747272727272728	0.562	0.7170909090909091	0.6534545454545454	0.6894545454545454	0.7278181818181818	0.6698181818181819	0.7221818181818181	0.5912727272727273	0.6981818181818182	0.5374545454545454	0.6745454545454546	0.4792727272727273	0.5750909090909091	0.5067272727272727	0.7154545454545455	0.6474545454545455	0.6898181818181818	0.69	0.6116363636363636	0.6710909090909091	0.7052727272727273	0.7345454545454545	0.5194545454545455	0.6898181818181818	0.674	0.6603636363636364	0.5496363636363636	0.6056363636363636	0.768	0.5685454545454546	0.576	0.6714545454545454	0.6290909090909091	0.5418181818181819
PCMB54351x-515	0.8398181818181818	0.696	0.8258181818181818	0.767090909090909	0.7963636363636364	0.7361818181818182	0.7772727272727272	0.5818181818181818	0.7978181818181819	0.7605454545454545	0.7638181818181818	0.5427272727272727	0.7176363636363636	0.8096363636363636	0.59	0.6807272727272727	0.8878181818181818	0.866	0.6927272727272727	0.7021818181818181	0.7569090909090909	0.7263636363636363	0.6487272727272727	0.684	0.722	0.8236363636363636	0.8543636363636363	0.9067272727272727	0.702	0.786	0.6825454545454546	0.712	0.7170909090909091	0.7950909090909091	0.8332727272727273	0.8190909090909091	0.0	0.6209090909090909	0.6863636363636364	0.6854545454545454	0.7723636363636364	0.858909090909091	0.7392727272727273	0.6625454545454545	0.7458181818181818	0.8061818181818182	0.8709090909090909	0.72	0.8601818181818182	0.7189090909090909	0.72	0.7107272727272728	0.7772727272727272	0.7118181818181818	0.7516363636363637	0.7578181818181818	0.8109090909090909	0.7510909090909091	0.7569090909090909	0.8210909090909091	0.8765454545454545	0.8307272727272728	0.7372727272727273	0.7983636363636364	0.6812727272727273	0.7107272727272728	0.7061818181818181	0.8712727272727273	0.8374545454545455	0.7112727272727273	0.647090909090909	0.7049090909090909	0.726	0.7129090909090909	0.5829090909090909	0.7878181818181819	0.8	0.7016363636363636	0.7838181818181819	0.7618181818181818
PCMB54352x-515	0.7527272727272727	0.49636363636363634	0.7034545454545454	0.6938181818181818	0.6981818181818182	0.5552727272727273	0.7161818181818181	0.4129090909090909	0.684	0.7203636363636363	0.6743636363636364	0.4970909090909091	0.5776363636363636	0.7050909090909091	0.5367272727272727	0.5983636363636363	0.82	0.7532727272727273	0.5194545454545455	0.5732727272727273	0.6665454545454546	0.616909090909091	0.544	0.5676363636363636	0.5050909090909091	0.754	0.7105454545454546	0.8530909090909091	0.5938181818181818	0.6583636363636364	0.5841818181818181	0.5485454545454546	0.6185454545454545	0.6298181818181818	0.7307272727272728	0.6938181818181818	0.6209090909090909	0.0	0.5878181818181818	0.5918181818181818	0.6705454545454546	0.7814545454545454	0.6132727272727273	0.5045454545454545	0.582	0.6950909090909091	0.8049090909090909	0.6001818181818181	0.7958181818181819	0.6352727272727273	0.6669090909090909	0.618909090909091	0.6421818181818182	0.6054545454545455	0.6563636363636364	0.598	0.7245454545454545	0.6098181818181818	0.624	0.7194545454545455	0.818	0.7398181818181818	0.698	0.7176363636363636	0.5198181818181818	0.5745454545454546	0.5981818181818181	0.7596363636363637	0.6741818181818182	0.614	0.5367272727272727	0.5796363636363636	0.6032727272727273	0.4978181818181818	0.564	0.6692727272727272	0.6461818181818182	0.5798181818181818	0.6625454545454545	0.6312727272727273
PCMB54353x-515	0.7752727272727272	0.5592727272727273	0.7047272727272728	0.6512727272727272	0.7092727272727273	0.5874545454545455	0.6614545454545454	0.4692727272727273	0.7041818181818181	0.7041818181818181	0.6349090909090909	0.6267272727272727	0.594	0.7145454545454546	0.5501818181818182	0.6025454545454545	0.8130909090909091	0.7536363636363637	0.5805454545454546	0.6103636363636363	0.6296363636363637	0.6556363636363637	0.4850909090909091	0.5385454545454545	0.6021818181818182	0.7207272727272728	0.7667272727272727	0.8332727272727273	0.5869090909090909	0.6387272727272727	0.5943636363636363	0.556	0.5970909090909091	0.6	0.6801818181818182	0.71	0.6863636363636364	0.5878181818181818	0.0	0.5987272727272728	0.6710909090909091	0.8205454545454546	0.6610909090909091	0.48018181818181815	0.6134545454545455	0.6890909090909091	0.7705454545454545	0.5529090909090909	0.7543636363636363	0.652	0.7407272727272727	0.6334545454545455	0.5743636363636364	0.5854545454545454	0.6054545454545455	0.6281818181818182	0.7181818181818181	0.6054545454545455	0.6101818181818182	0.7109090909090909	0.8170909090909091	0.7243636363636363	0.6405454545454545	0.6941818181818182	0.5381818181818182	0.6669090909090909	0.5838181818181818	0.8	0.7069090909090909	0.614909090909091	0.6294545454545455	0.6529090909090909	0.6123636363636363	0.4701818181818182	0.6292727272727273	0.6710909090909091	0.6838181818181818	0.47763636363636364	0.6909090909090909	0.6727272727272727
PCMB54354x-515	0.8181818181818182	0.5278181818181819	0.7598181818181818	0.6656363636363636	0.7494545454545455	0.6790909090909091	0.7296363636363636	0.5403636363636364	0.6945454545454546	0.7098181818181818	0.6030909090909091	0.6661818181818182	0.5094545454545455	0.6427272727272727	0.48545454545454547	0.5830909090909091	0.8887272727272727	0.8347272727272728	0.5732727272727273	0.6072727272727273	0.5943636363636363	0.6916363636363636	0.476	0.5545454545454546	0.7232727272727273	0.7967272727272727	0.8070909090909091	0.8734545454545455	0.5385454545454545	0.6921818181818182	0.6849090909090909	0.5898181818181818	0.6770909090909091	0.6250909090909091	0.726	0.7874545454545454	0.6854545454545454	0.5918181818181818	0.5987272727272728	0.0	0.7434545454545455	0.8794545454545455	0.7454545454545455	0.6472727272727272	0.7145454545454546	0.7918181818181819	0.8247272727272728	0.5703636363636364	0.7990909090909091	0.7021818181818181	0.7825454545454545	0.588	0.6861818181818182	0.6829090909090909	0.6081818181818182	0.712	0.7536363636363637	0.6827272727272727	0.6710909090909091	0.7432727272727273	0.8521818181818182	0.7694545454545455	0.7212727272727273	0.6607272727272727	0.6578181818181819	0.7427272727272727	0.5678181818181818	0.8605454545454545	0.8138181818181818	0.5409090909090909	0.7192727272727273	0.7483636363636363	0.6898181818181818	0.6527272727272727	0.6674545454545454	0.7890909090909091	0.7834545454545454	0.5074545454545455	0.7910909090909091	0.754
K1	0.492	0.5530909090909091	0.6298181818181818	0.6221818181818182	0.6945454545454546	0.5374545454545454	0.6132727272727273	0.5934545454545455	0.5238181818181818	0.63	0.6972727272727273	0.6858181818181818	0.6083636363636363	0.648	0.6094545454545455	0.5985454545454545	0.6629090909090909	0.5332727272727272	0.5725454545454546	0.511090909090909	0.6125454545454545	0.5567272727272727	0.654	0.6736363636363636	0.564	0.518	0.6329090909090909	0.6165454545454545	0.6427272727272727	0.594	0.5747272727272728	0.5965454545454546	0.5774545454545454	0.6241818181818182	0.6127272727272727	0.6463636363636364	0.7723636363636364	0.6705454545454546	0.6710909090909091	0.7434545454545455	0.0	0.5505454545454546	0.5145454545454545	0.5372727272727272	0.5012727272727273	0.462	0.6709090909090909	0.6863636363636364	0.6176363636363637	0.55	0.6416363636363637	0.4852727272727273	0.5994545454545455	0.46545454545454545	0.6363636363636364	0.5292727272727272	0.4590909090909091	0.46636363636363637	0.4189090909090909	0.6063636363636363	0.5649090909090909	0.5978181818181818	0.6467272727272727	0.5223636363636364	0.5681818181818182	0.58	0.5336363636363637	0.6921818181818182	0.6452727272727272	0.6098181818181818	0.641090909090909	0.5621818181818182	0.40654545454545454	0.5630909090909091	0.624	0.4552727272727273	0.5709090909090909	0.6061818181818182	0.348	0.5389090909090909
K10	0.5381818181818182	0.7449090909090909	0.7009090909090909	0.7603636363636364	0.7101818181818181	0.6714545454545454	0.7347272727272727	0.7421818181818182	0.6016363636363636	0.632	0.8258181818181818	0.7945454545454546	0.724	0.734909090909091	0.7443636363636363	0.7070909090909091	0.6381818181818182	0.6034545454545455	0.6881818181818182	0.6916363636363636	0.7581818181818182	0.6636363636363637	0.8029090909090909	0.8129090909090909	0.6598181818181819	0.6634545454545454	0.6734545454545454	0.6096363636363636	0.7805454545454545	0.7507272727272727	0.6856363636363636	0.7410909090909091	0.6929090909090909	0.7536363636363637	0.7110909090909091	0.7347272727272727	0.858909090909091	0.7814545454545454	0.8205454545454546	0.8794545454545455	0.5505454545454546	0.0	0.6343636363636364	0.6683636363636364	0.6569090909090909	0.5963636363636363	0.7292727272727273	0.8	0.7070909090909091	0.7081818181818181	0.7563636363636363	0.7265454545454545	0.7792727272727272	0.6509090909090909	0.8003636363636364	0.6556363636363637	0.59	0.6650909090909091	0.6825454545454546	0.7323636363636363	0.5118181818181818	0.6896363636363636	0.7669090909090909	0.6756363636363636	0.6881818181818182	0.6650909090909091	0.7612727272727273	0.6956363636363636	0.6994545454545454	0.7801818181818182	0.7436363636363637	0.646	0.5390909090909091	0.7130909090909091	0.7321818181818182	0.6052727272727273	0.6703636363636364	0.7727272727272727	0.5632727272727273	0.6727272727272727
K11	0.6081818181818182	0.5469090909090909	0.56	0.6021818181818182	0.651090909090909	0.4703636363636364	0.6018181818181818	0.49454545454545457	0.5614545454545454	0.6467272727272727	0.7156363636363636	0.6216363636363637	0.6012727272727273	0.6352727272727273	0.5589090909090909	0.5321818181818182	0.7074545454545454	0.604	0.5172727272727272	0.5445454545454546	0.5761818181818181	0.4990909090909091	0.6027272727272728	0.6465454545454545	0.4852727272727273	0.6323636363636363	0.6685454545454546	0.7581818181818182	0.6343636363636364	0.5570909090909091	0.5254545454545455	0.5834545454545454	0.5156363636363637	0.5901818181818181	0.5712727272727273	0.5714545454545454	0.7392727272727273	0.6132727272727273	0.6610909090909091	0.7454545454545455	0.5145454545454545	0.6343636363636364	0.0	0.43945454545454543	0.3150909090909091	0.3976363636363636	0.6067272727272728	0.6716363636363636	0.6309090909090909	0.41745454545454547	0.4269090909090909	0.5907272727272728	0.6321818181818182	0.3841818181818182	0.662	0.286	0.5381818181818182	0.38236363636363635	0.4169090909090909	0.49618181818181817	0.6621818181818182	0.5785454545454546	0.6714545454545454	0.6214545454545455	0.4092727272727273	0.3841818181818182	0.612	0.6461818181818182	0.4203636363636364	0.6301818181818182	0.5470909090909091	0.3694545454545455	0.3821818181818182	0.5285454545454545	0.5536363636363636	0.34054545454545454	0.3438181818181818	0.610909090909091	0.41563636363636364	0.3483636363636364
K12	0.6421818181818182	0.4501818181818182	0.5561818181818182	0.5454545454545454	0.6038181818181818	0.4389090909090909	0.5865454545454546	0.398	0.5805454545454546	0.5963636363636363	0.6478181818181818	0.49436363636363634	0.5561818181818182	0.6274545454545455	0.5003636363636363	0.5052727272727273	0.728	0.6316363636363637	0.45181818181818184	0.4630909090909091	0.5589090909090909	0.5276363636363637	0.4778181818181818	0.5232727272727272	0.4172727272727273	0.5970909090909091	0.6601818181818182	0.7874545454545454	0.6123636363636363	0.5330909090909091	0.4612727272727273	0.517090909090909	0.5198181818181818	0.5541818181818182	0.6032727272727273	0.57	0.6625454545454545	0.5045454545454545	0.48018181818181815	0.6472727272727272	0.5372727272727272	0.6683636363636364	0.43945454545454543	0.0	0.40054545454545454	0.4903636363636364	0.6512727272727272	0.494	0.6705454545454546	0.4767272727272727	0.5581818181818182	0.5243636363636364	0.5512727272727272	0.4147272727272727	0.5685454545454546	0.40945454545454546	0.6005454545454545	0.4103636363636364	0.4823636363636364	0.5830909090909091	0.7174545454545455	0.6136363636363636	0.5974545454545455	0.6336363636363637	0.3549090909090909	0.4701818181818182	0.5076363636363637	0.6738181818181819	0.5194545454545455	0.5421818181818182	0.4570909090909091	0.44	0.3936363636363636	0.36472727272727273	0.5056363636363637	0.46545454545454545	0.4592727272727273	0.45490909090909093	0.5103636363636364	0.43945454545454543
K13	0.6749090909090909	0.5312727272727272	0.6276363636363637	0.608909090909091	0.6658181818181819	0.4425454545454545	0.6241818181818182	0.4969090909090909	0.5754545454545454	0.6850909090909091	0.6941818181818182	0.6250909090909091	0.6005454545454545	0.6803636363636364	0.5450909090909091	0.5514545454545454	0.7370909090909091	0.6023636363636363	0.48145454545454547	0.5105454545454545	0.6492727272727272	0.5483636363636364	0.6092727272727273	0.5972727272727273	0.4749090909090909	0.6427272727272727	0.7021818181818181	0.784	0.6125454545454545	0.5770909090909091	0.49872727272727274	0.5309090909090909	0.55	0.6054545454545455	0.594	0.5847272727272728	0.7458181818181818	0.582	0.6134545454545455	0.7145454545454546	0.5012727272727273	0.6569090909090909	0.3150909090909091	0.40054545454545454	0.0	0.398	0.6454545454545455	0.6712727272727272	0.6678181818181819	0.3416363636363636	0.3916363636363636	0.5661818181818182	0.6303636363636363	0.3312727272727273	0.6376363636363637	0.2676363636363636	0.5389090909090909	0.3781818181818182	0.39654545454545453	0.5703636363636364	0.7016363636363636	0.6134545454545455	0.6743636363636364	0.636	0.414	0.42927272727272725	0.5945454545454546	0.6936363636363636	0.4421818181818182	0.6285454545454545	0.5330909090909091	0.3876363636363636	0.4109090909090909	0.48872727272727273	0.5223636363636364	0.41709090909090907	0.30363636363636365	0.5914545454545455	0.39636363636363636	0.3543636363636364
K14	0.5774545454545454	0.5841818181818181	0.6192727272727273	0.6287272727272727	0.6392727272727273	0.517090909090909	0.6327272727272727	0.6005454545454545	0.5876363636363636	0.628	0.7436363636363637	0.7149090909090909	0.6576363636363637	0.6727272727272727	0.6261818181818182	0.6156363636363636	0.6627272727272727	0.5367272727272727	0.5841818181818181	0.5374545454545454	0.6507272727272727	0.5734545454545454	0.6541818181818182	0.6650909090909091	0.48309090909090907	0.5487272727272727	0.6752727272727272	0.7436363636363637	0.6796363636363636	0.5723636363636364	0.5887272727272728	0.6214545454545455	0.5661818181818182	0.6270909090909091	0.5756363636363636	0.5747272727272728	0.8061818181818182	0.6950909090909091	0.6890909090909091	0.7918181818181819	0.462	0.5963636363636363	0.3976363636363636	0.4903636363636364	0.398	0.0	0.5810909090909091	0.7010909090909091	0.6094545454545455	0.49872727272727274	0.5469090909090909	0.5547272727272727	0.6970909090909091	0.40563636363636363	0.6843636363636364	0.38345454545454544	0.4803636363636364	0.39436363636363636	0.4049090909090909	0.5509090909090909	0.6229090909090909	0.5605454545454546	0.6930909090909091	0.6185454545454545	0.504	0.5307272727272727	0.6161818181818182	0.6449090909090909	0.47254545454545455	0.6763636363636364	0.6050909090909091	0.4974545454545454	0.3805454545454545	0.5865454545454546	0.6403636363636364	0.35654545454545455	0.4218181818181818	0.6387272727272727	0.35454545454545455	0.38636363636363635
K15	0.616	0.6858181818181818	0.653090909090909	0.6625454545454545	0.6841818181818182	0.6690909090909091	0.7245454545454545	0.7172727272727273	0.7014545454545454	0.7069090909090909	0.773090909090909	0.7901818181818182	0.7496363636363637	0.704	0.7358181818181818	0.6761818181818182	0.5510909090909091	0.6763636363636364	0.7350909090909091	0.7243636363636363	0.7161818181818181	0.7130909090909091	0.7192727272727273	0.7543636363636363	0.6636363636363637	0.6596363636363637	0.7434545454545455	0.8274545454545454	0.7692727272727272	0.5778181818181818	0.7170909090909091	0.7589090909090909	0.6378181818181818	0.6789090909090909	0.5678181818181818	0.562	0.8709090909090909	0.8049090909090909	0.7705454545454545	0.8247272727272728	0.6709090909090909	0.7292727272727273	0.6067272727272728	0.6512727272727272	0.6454545454545455	0.5810909090909091	0.0	0.7545454545454545	0.649090909090909	0.7223636363636363	0.7552727272727273	0.7089090909090909	0.7347272727272727	0.638	0.7352727272727273	0.5867272727272728	0.6650909090909091	0.5554545454545454	0.6263636363636363	0.4649090909090909	0.7034545454545454	0.6347272727272727	0.7481818181818182	0.7049090909090909	0.6896363636363636	0.6770909090909091	0.7276363636363636	0.7434545454545455	0.5910909090909091	0.724909090909091	0.7314545454545455	0.6850909090909091	0.584	0.6718181818181819	0.7958181818181819	0.612	0.6452727272727272	0.6970909090909091	0.6536363636363637	0.5807272727272728
K16	0.7512727272727273	0.5178181818181818	0.6812727272727273	0.6438181818181818	0.6821818181818182	0.654	0.6809090909090909	0.5178181818181818	0.6561818181818182	0.6598181818181819	0.5087272727272727	0.618	0.5870909090909091	0.5938181818181818	0.5903636363636363	0.566	0.8130909090909091	0.7934545454545454	0.5870909090909091	0.6130909090909091	0.6147272727272727	0.6521818181818182	0.4910909090909091	0.5754545454545454	0.6596363636363637	0.7403636363636363	0.7854545454545454	0.8387272727272728	0.6336363636363637	0.6427272727272727	0.6778181818181818	0.6141818181818182	0.6147272727272727	0.6005454545454545	0.69	0.7170909090909091	0.72	0.6001818181818181	0.5529090909090909	0.5703636363636364	0.6863636363636364	0.8	0.6716363636363636	0.494	0.6712727272727272	0.7010909090909091	0.7545454545454545	0.0	0.6763636363636364	0.6890909090909091	0.7434545454545455	0.5858181818181818	0.5021818181818182	0.6356363636363637	0.5014545454545455	0.6707272727272727	0.6970909090909091	0.5923636363636363	0.6301818181818182	0.6409090909090909	0.8038181818181818	0.6885454545454546	0.5712727272727273	0.5854545454545454	0.5550909090909091	0.6621818181818182	0.5005454545454545	0.767090909090909	0.7214545454545455	0.4501818181818182	0.631090909090909	0.6910909090909091	0.5912727272727273	0.5149090909090909	0.6689090909090909	0.6921818181818182	0.7241818181818181	0.372	0.7445454545454545	0.6732727272727272
K17	0.6007272727272728	0.7065454545454546	0.6427272727272727	0.6674545454545454	0.6589090909090909	0.6554545454545454	0.6901818181818182	0.7041818181818181	0.7025454545454546	0.6394545454545455	0.7047272727272728	0.7723636363636364	0.7178181818181818	0.6543636363636364	0.7010909090909091	0.6110909090909091	0.6567272727272727	0.6205454545454545	0.7176363636363636	0.6810909090909091	0.6345454545454545	0.6583636363636364	0.7058181818181818	0.7258181818181818	0.6641818181818182	0.6165454545454545	0.6367272727272727	0.7438181818181818	0.7478181818181818	0.6014545454545455	0.6670909090909091	0.6769090909090909	0.6147272727272727	0.6409090909090909	0.5854545454545454	0.6534545454545454	0.8601818181818182	0.7958181818181819	0.7543636363636363	0.7990909090909091	0.6176363636363637	0.7070909090909091	0.6309090909090909	0.6705454545454546	0.6678181818181819	0.6094545454545455	0.649090909090909	0.6763636363636364	0.0	0.7458181818181818	0.7687272727272727	0.72	0.6607272727272727	0.6665454545454546	0.653090909090909	0.6487272727272727	0.6087272727272727	0.6305454545454545	0.6616363636363637	0.5870909090909091	0.6663636363636364	0.5847272727272728	0.6698181818181819	0.5225454545454545	0.682	0.6663636363636364	0.7323636363636363	0.6798181818181818	0.6898181818181818	0.6443636363636364	0.7492727272727273	0.6949090909090909	0.5914545454545455	0.6514545454545455	0.812	0.6274545454545455	0.676	0.6249090909090909	0.647090909090909	0.6436363636363637
K18	0.6912727272727273	0.604909090909091	0.6836363636363636	0.6743636363636364	0.7445454545454545	0.5032727272727273	0.6401818181818182	0.5550909090909091	0.576	0.7230909090909091	0.708	0.6603636363636364	0.594	0.6978181818181818	0.5461818181818182	0.5674545454545454	0.7998181818181819	0.658	0.48	0.5354545454545454	0.6267272727272727	0.5694545454545454	0.616909090909091	0.6298181818181818	0.5790909090909091	0.6841818181818182	0.7192727272727273	0.7927272727272727	0.6265454545454545	0.648	0.5014545454545455	0.5145454545454545	0.582	0.6630909090909091	0.6636363636363637	0.6894545454545454	0.7189090909090909	0.6352727272727273	0.652	0.7021818181818181	0.55	0.7081818181818181	0.41745454545454547	0.4767272727272727	0.3416363636363636	0.49872727272727274	0.7223636363636363	0.6890909090909091	0.7458181818181818	0.0	0.3141818181818182	0.5627272727272727	0.6914545454545454	0.3609090909090909	0.6552727272727272	0.40454545454545454	0.5556363636363636	0.48418181818181816	0.45636363636363636	0.6423636363636364	0.75	0.6732727272727272	0.6883636363636364	0.6265454545454545	0.5205454545454545	0.5061818181818182	0.5981818181818181	0.7783636363636364	0.576	0.6389090909090909	0.5923636363636363	0.45636363636363636	0.4978181818181818	0.572	0.43654545454545457	0.49872727272727274	0.3470909090909091	0.6190909090909091	0.4509090909090909	0.4670909090909091
K19	0.7578181818181818	0.6438181818181818	0.7494545454545455	0.7443636363636363	0.7667272727272727	0.5890909090909091	0.7407272727272727	0.6163636363636363	0.6798181818181818	0.7758181818181819	0.7703636363636364	0.6623636363636364	0.704	0.7672727272727272	0.644	0.6721818181818182	0.8221818181818182	0.7367272727272727	0.6034545454545455	0.6458181818181818	0.718	0.6514545454545455	0.7194545454545455	0.7096363636363636	0.6003636363636363	0.7681818181818182	0.7947272727272727	0.858	0.6889090909090909	0.7014545454545454	0.6218181818181818	0.6329090909090909	0.6743636363636364	0.7367272727272727	0.736909090909091	0.7278181818181818	0.72	0.6669090909090909	0.7407272727272727	0.7825454545454545	0.6416363636363637	0.7563636363636363	0.4269090909090909	0.5581818181818182	0.3916363636363636	0.5469090909090909	0.7552727272727273	0.7434545454545455	0.7687272727272727	0.3141818181818182	0.0	0.664	0.7574545454545455	0.4938181818181818	0.736909090909091	0.43454545454545457	0.6369090909090909	0.5583636363636364	0.5358181818181819	0.6727272727272727	0.7858181818181819	0.7078181818181818	0.7383636363636363	0.7305454545454545	0.5494545454545454	0.4678181818181818	0.6907272727272727	0.7578181818181818	0.5512727272727272	0.7132727272727273	0.6221818181818182	0.4429090909090909	0.5627272727272727	0.6501818181818182	0.5096363636363637	0.5629090909090909	0.39090909090909093	0.7027272727272728	0.5303636363636364	0.44727272727272727
K2	0.6743636363636364	0.4874545454545455	0.6563636363636364	0.5570909090909091	0.7436363636363637	0.5532727272727272	0.6114545454545455	0.5261818181818182	0.5854545454545454	0.6801818181818182	0.628	0.6687272727272727	0.49018181818181816	0.5761818181818181	0.44672727272727275	0.4929090909090909	0.7907272727272727	0.684	0.5096363636363637	0.4112727272727273	0.5678181818181818	0.5556363636363636	0.5272727272727272	0.5970909090909091	0.5949090909090909	0.5614545454545454	0.7054545454545454	0.7969090909090909	0.4738181818181818	0.5678181818181818	0.5409090909090909	0.5101818181818182	0.5572727272727273	0.5709090909090909	0.6554545454545454	0.6698181818181819	0.7107272727272728	0.618909090909091	0.6334545454545455	0.588	0.4852727272727273	0.7265454545454545	0.5907272727272728	0.5243636363636364	0.5661818181818182	0.5547272727272727	0.7089090909090909	0.5858181818181818	0.72	0.5627272727272727	0.664	0.0	0.6185454545454545	0.4638181818181818	0.5632727272727273	0.562	0.5918181818181818	0.49636363636363634	0.43927272727272726	0.6267272727272727	0.736	0.67	0.6443636363636364	0.5423636363636364	0.5905454545454546	0.6521818181818182	0.42054545454545456	0.7876363636363637	0.6761818181818182	0.5587272727272727	0.6572727272727272	0.6265454545454545	0.5047272727272727	0.5918181818181818	0.6183636363636363	0.572	0.6345454545454545	0.49927272727272726	0.5498181818181819	0.5701818181818182
K20	0.714	0.5790909090909091	0.6603636363636364	0.6312727272727273	0.7312727272727273	0.634	0.7221818181818181	0.6007272727272728	0.636	0.6841818181818182	0.5709090909090909	0.6314545454545455	0.6412727272727273	0.662	0.634	0.5887272727272728	0.774	0.7338181818181818	0.642	0.6534545454545454	0.6521818181818182	0.6561818181818182	0.6098181818181818	0.6616363636363637	0.6825454545454546	0.6914545454545454	0.7518181818181818	0.8210909090909091	0.6421818181818182	0.6485454545454545	0.6518181818181819	0.6385454545454545	0.6554545454545454	0.6303636363636363	0.6947272727272727	0.7221818181818181	0.7772727272727272	0.6421818181818182	0.5743636363636364	0.6861818181818182	0.5994545454545455	0.7792727272727272	0.6321818181818182	0.5512727272727272	0.6303636363636363	0.6970909090909091	0.7347272727272727	0.5021818181818182	0.6607272727272727	0.6914545454545454	0.7574545454545455	0.6185454545454545	0.0	0.628	0.5732727272727273	0.6394545454545455	0.6763636363636364	0.5825454545454546	0.6209090909090909	0.6409090909090909	0.769090909090909	0.678	0.532	0.6210909090909091	0.5841818181818181	0.6567272727272727	0.5552727272727273	0.7505454545454545	0.7221818181818181	0.5458181818181819	0.6798181818181818	0.6834545454545454	0.5710909090909091	0.48163636363636364	0.6730909090909091	0.6632727272727272	0.716	0.4250909090909091	0.6494545454545455	0.674
K21	0.6172727272727273	0.5118181818181818	0.5905454545454546	0.5847272727272728	0.6894545454545454	0.4258181818181818	0.5405454545454546	0.4954545454545455	0.5269090909090909	0.6845454545454546	0.6745454545454546	0.6221818181818182	0.5143636363636364	0.6258181818181818	0.528	0.523090909090909	0.7401818181818182	0.5783636363636364	0.4578181818181818	0.42254545454545456	0.5643636363636364	0.5007272727272727	0.5485454545454546	0.5812727272727273	0.49454545454545457	0.5776363636363636	0.6296363636363637	0.7414545454545455	0.5509090909090909	0.5518181818181818	0.464	0.49254545454545456	0.4769090909090909	0.5849090909090909	0.5774545454545454	0.5912727272727273	0.7118181818181818	0.6054545454545455	0.5854545454545454	0.6829090909090909	0.46545454545454545	0.6509090909090909	0.3841818181818182	0.4147272727272727	0.3312727272727273	0.40563636363636363	0.638	0.6356363636363637	0.6665454545454546	0.3609090909090909	0.4938181818181818	0.4638181818181818	0.628	0.0	0.5963636363636363	0.3805454545454545	0.48927272727272725	0.366	0.3398181818181818	0.578	0.6845454545454546	0.5974545454545455	0.652	0.5643636363636364	0.46036363636363636	0.47254545454545455	0.514	0.7401818181818182	0.5467272727272727	0.5863636363636363	0.5612727272727273	0.43563636363636365	0.4294545454545455	0.4883636363636364	0.5030909090909091	0.376	0.4274545454545455	0.5607272727272727	0.38272727272727275	0.4143636363636364
K22	0.7258181818181818	0.5503636363636364	0.6629090909090909	0.6292727272727273	0.7214545454545455	0.6338181818181818	0.6563636363636364	0.5518181818181818	0.6494545454545455	0.6950909090909091	0.5441818181818182	0.6721818181818182	0.600909090909091	0.6132727272727273	0.5885454545454546	0.5550909090909091	0.8069090909090909	0.7416363636363636	0.6245454545454545	0.6094545454545455	0.6072727272727273	0.6416363636363637	0.5254545454545455	0.568	0.6372727272727273	0.6714545454545454	0.7287272727272728	0.83	0.6118181818181818	0.6285454545454545	0.6478181818181818	0.63	0.5858181818181818	0.5581818181818182	0.6605454545454545	0.6981818181818182	0.7516363636363637	0.6563636363636364	0.6054545454545455	0.6081818181818182	0.6363636363636364	0.8003636363636364	0.662	0.5685454545454546	0.6376363636363637	0.6843636363636364	0.7352727272727273	0.5014545454545455	0.653090909090909	0.6552727272727272	0.736909090909091	0.5632727272727273	0.5732727272727273	0.5963636363636363	0.0	0.6407272727272727	0.6494545454545455	0.5694545454545454	0.5925454545454546	0.6325454545454545	0.7701818181818182	0.6529090909090909	0.5532727272727272	0.5405454545454546	0.618909090909091	0.6596363636363637	0.618	0.7878181818181819	0.7176363636363636	0.5212727272727272	0.6707272727272727	0.6734545454545454	0.5814545454545454	0.5598181818181818	0.7041818181818181	0.6838181818181818	0.7018181818181818	0.4501818181818182	0.698	0.6638181818181819
K23	0.6234545454545455	0.5405454545454546	0.5721818181818182	0.5858181818181818	0.653090909090909	0.45436363636363636	0.6094545454545455	0.49472727272727274	0.5894545454545455	0.6614545454545454	0.6943636363636364	0.6247272727272727	0.6103636363636363	0.6494545454545455	0.5645454545454546	0.5389090909090909	0.7258181818181818	0.628	0.5045454545454545	0.5423636363636364	0.6327272727272727	0.5390909090909091	0.598909090909091	0.5992727272727273	0.4732727272727273	0.6276363636363637	0.6890909090909091	0.79	0.6027272727272728	0.5589090909090909	0.5138181818181818	0.5710909090909091	0.512	0.5729090909090909	0.5534545454545454	0.5374545454545454	0.7578181818181818	0.598	0.6281818181818182	0.712	0.5292727272727272	0.6556363636363637	0.286	0.40945454545454546	0.2676363636363636	0.38345454545454544	0.5867272727272728	0.6707272727272727	0.6487272727272727	0.40454545454545454	0.43454545454545457	0.562	0.6394545454545455	0.3805454545454545	0.6407272727272727	0.0	0.5349090909090909	0.3438181818181818	0.4007272727272727	0.5267272727272727	0.6907272727272727	0.5898181818181818	0.6758181818181819	0.6381818181818182	0.44636363636363635	0.42145454545454547	0.5818181818181818	0.6525454545454545	0.3952727272727273	0.6194545454545455	0.5438181818181819	0.4021818181818182	0.40763636363636363	0.5014545454545455	0.5570909090909091	0.3907272727272727	0.3361818181818182	0.6003636363636363	0.42418181818181816	0.33836363636363637
K24	0.5823636363636364	0.6670909090909091	0.6696363636363636	0.6918181818181818	0.7256363636363636	0.5901818181818181	0.6616363636363637	0.632	0.5712727272727273	0.649090909090909	0.7047272727272728	0.7547272727272727	0.6283636363636363	0.6558181818181819	0.6107272727272727	0.6225454545454545	0.7172727272727273	0.5787272727272728	0.6047272727272728	0.6256363636363637	0.636	0.5921818181818181	0.6436363636363637	0.6954545454545454	0.6389090909090909	0.6438181818181818	0.6418181818181818	0.6961818181818182	0.6589090909090909	0.6663636363636364	0.6078181818181818	0.606909090909091	0.5778181818181818	0.6629090909090909	0.6114545454545455	0.6745454545454546	0.8109090909090909	0.7245454545454545	0.7181818181818181	0.7536363636363637	0.4590909090909091	0.59	0.5381818181818182	0.6005454545454545	0.5389090909090909	0.4803636363636364	0.6650909090909091	0.6970909090909091	0.6087272727272727	0.5556363636363636	0.6369090909090909	0.5918181818181818	0.6763636363636364	0.48927272727272725	0.6494545454545455	0.5349090909090909	0.0	0.5027272727272727	0.48145454545454547	0.5970909090909091	0.4874545454545455	0.56	0.6909090909090909	0.43163636363636365	0.628	0.6352727272727273	0.6474545454545455	0.7110909090909091	0.638	0.642	0.7078181818181818	0.6103636363636363	0.511090909090909	0.6341818181818182	0.6856363636363636	0.5023636363636363	0.5809090909090909	0.6267272727272727	0.5149090909090909	0.5858181818181818
K25	0.5849090909090909	0.4409090909090909	0.5221818181818182	0.5523636363636364	0.6447272727272727	0.458	0.5881818181818181	0.48109090909090907	0.5434545454545454	0.6227272727272727	0.6381818181818182	0.636	0.5741818181818181	0.6010909090909091	0.5263636363636364	0.5249090909090909	0.7092727272727273	0.6181818181818182	0.511090909090909	0.4918181818181818	0.5587272727272727	0.5138181818181818	0.5327272727272727	0.5565454545454546	0.4678181818181818	0.5396363636363637	0.6796363636363636	0.77	0.5754545454545454	0.47709090909090907	0.5207272727272727	0.562	0.47	0.5123636363636364	0.48363636363636364	0.4792727272727273	0.7510909090909091	0.6098181818181818	0.6054545454545455	0.6827272727272727	0.46636363636363637	0.6650909090909091	0.38236363636363635	0.4103636363636364	0.3781818181818182	0.39436363636363636	0.5554545454545454	0.5923636363636363	0.6305454545454545	0.48418181818181816	0.5583636363636364	0.49636363636363634	0.5825454545454546	0.366	0.5694545454545454	0.3438181818181818	0.5027272727272727	0.0	0.29709090909090907	0.4358181818181818	0.6789090909090909	0.5641818181818182	0.6150909090909091	0.5643636363636364	0.48218181818181816	0.514	0.5203636363636364	0.6810909090909091	0.4541818181818182	0.562	0.5574545454545454	0.49527272727272725	0.36218181818181816	0.4763636363636364	0.6201818181818182	0.402	0.4547272727272727	0.518	0.4369090909090909	0.3663636363636364
K26	0.62	0.4874545454545455	0.5809090909090909	0.5992727272727273	0.7152727272727273	0.46054545454545454	0.5816363636363636	0.5085454545454545	0.5467272727272727	0.6850909090909091	0.6545454545454545	0.6603636363636364	0.5441818181818182	0.6276363636363637	0.518	0.56	0.7530909090909091	0.6181818181818182	0.4763636363636364	0.4338181818181818	0.5550909090909091	0.49818181818181817	0.5643636363636364	0.6176363636363637	0.5338181818181819	0.572	0.6572727272727272	0.7534545454545455	0.534	0.5414545454545454	0.5152727272727273	0.5001818181818182	0.5112727272727273	0.5561818181818182	0.5481818181818182	0.5750909090909091	0.7569090909090909	0.624	0.6101818181818182	0.6710909090909091	0.4189090909090909	0.6825454545454546	0.4169090909090909	0.4823636363636364	0.39654545454545453	0.4049090909090909	0.6263636363636363	0.6301818181818182	0.6616363636363637	0.45636363636363636	0.5358181818181819	0.43927272727272726	0.6209090909090909	0.3398181818181818	0.5925454545454546	0.4007272727272727	0.48145454545454547	0.29709090909090907	0.0	0.5014545454545455	0.6867272727272727	0.602	0.6596363636363637	0.5450909090909091	0.5278181818181819	0.554	0.4738181818181818	0.734909090909091	0.5383636363636364	0.5945454545454546	0.62	0.5241818181818182	0.4334545454545455	0.544	0.6027272727272728	0.37836363636363635	0.4741818181818182	0.521090909090909	0.40436363636363637	0.4309090909090909
K27	0.6003636363636363	0.5754545454545454	0.5670909090909091	0.5930909090909091	0.6332727272727273	0.5632727272727273	0.643090909090909	0.6163636363636363	0.6632727272727272	0.6561818181818182	0.7114545454545455	0.7190909090909091	0.634	0.5958181818181818	0.5934545454545455	0.5574545454545454	0.6712727272727272	0.6623636363636364	0.6289090909090909	0.6063636363636363	0.5789090909090909	0.588	0.608	0.664	0.6207272727272727	0.6298181818181818	0.6918181818181818	0.7865454545454545	0.6861818181818182	0.45381818181818184	0.6090909090909091	0.6278181818181818	0.5412727272727272	0.5703636363636364	0.49	0.5067272727272727	0.8210909090909091	0.7194545454545455	0.7109090909090909	0.7432727272727273	0.6063636363636363	0.7323636363636363	0.49618181818181817	0.5830909090909091	0.5703636363636364	0.5509090909090909	0.4649090909090909	0.6409090909090909	0.5870909090909091	0.6423636363636364	0.6727272727272727	0.6267272727272727	0.6409090909090909	0.578	0.6325454545454545	0.5267272727272727	0.5970909090909091	0.4358181818181818	0.5014545454545455	0.0	0.6941818181818182	0.5885454545454546	0.6432727272727272	0.602	0.5936363636363636	0.6072727272727273	0.6369090909090909	0.7089090909090909	0.5049090909090909	0.6263636363636363	0.6561818181818182	0.6269090909090909	0.5036363636363637	0.5976363636363636	0.7312727272727273	0.5492727272727272	0.5869090909090909	0.578	0.6198181818181818	0.5169090909090909
K28	0.57	0.7601818181818182	0.7194545454545455	0.730909090909091	0.7285454545454545	0.7263636363636363	0.7396363636363636	0.7603636363636364	0.6550909090909091	0.6812727272727273	0.8234545454545454	0.8138181818181818	0.7714545454545455	0.752	0.7714545454545455	0.740909090909091	0.684	0.584	0.7632727272727273	0.7547272727272727	0.7401818181818182	0.7381818181818182	0.7781818181818182	0.7961818181818182	0.6981818181818182	0.686	0.6125454545454545	0.6598181818181819	0.8036363636363636	0.7263636363636363	0.7436363636363637	0.7683636363636364	0.6963636363636364	0.7569090909090909	0.6874545454545454	0.7154545454545455	0.8765454545454545	0.818	0.8170909090909091	0.8521818181818182	0.5649090909090909	0.5118181818181818	0.6621818181818182	0.7174545454545455	0.7016363636363636	0.6229090909090909	0.7034545454545454	0.8038181818181818	0.6663636363636364	0.75	0.7858181818181819	0.736	0.769090909090909	0.6845454545454546	0.7701818181818182	0.6907272727272727	0.4874545454545455	0.6789090909090909	0.6867272727272727	0.6941818181818182	0.0	0.6238181818181818	0.7681818181818182	0.6021818181818182	0.7305454545454545	0.7283636363636363	0.7621818181818182	0.7303636363636363	0.7485454545454545	0.7863636363636364	0.7794545454545454	0.7190909090909091	0.6005454545454545	0.7263636363636363	0.8118181818181818	0.6141818181818182	0.7294545454545455	0.7527272727272727	0.6414545454545455	0.6936363636363636
K29	0.5889090909090909	0.6449090909090909	0.6434545454545455	0.6456363636363637	0.5965454545454546	0.6414545454545455	0.6894545454545454	0.6681818181818182	0.6181818181818182	0.6294545454545455	0.7387272727272727	0.7150909090909091	0.7074545454545454	0.6741818181818182	0.6885454545454546	0.6225454545454545	0.6341818181818182	0.612909090909091	0.6836363636363636	0.6801818181818182	0.6714545454545454	0.6625454545454545	0.6718181818181819	0.6910909090909091	0.5936363636363636	0.6383636363636364	0.651090909090909	0.7838181818181819	0.7341818181818182	0.6150909090909091	0.684	0.7167272727272728	0.61	0.6458181818181818	0.6078181818181818	0.6474545454545455	0.8307272727272728	0.7398181818181818	0.7243636363636363	0.7694545454545455	0.5978181818181818	0.6896363636363636	0.5785454545454546	0.6136363636363636	0.6134545454545455	0.5605454545454546	0.6347272727272727	0.6885454545454546	0.5847272727272728	0.6732727272727272	0.7078181818181818	0.67	0.678	0.5974545454545455	0.6529090909090909	0.5898181818181818	0.56	0.5641818181818182	0.602	0.5885454545454546	0.6238181818181818	0.0	0.6589090909090909	0.5556363636363636	0.6272727272727273	0.635090909090909	0.7014545454545454	0.4707272727272727	0.638	0.6701818181818182	0.6798181818181818	0.6427272727272727	0.5405454545454546	0.6194545454545455	0.7501818181818182	0.5789090909090909	0.6456363636363637	0.6367272727272727	0.6276363636363637	0.5807272727272728
K3	0.7029090909090909	0.5770909090909091	0.6481818181818182	0.6701818181818182	0.6998181818181818	0.64	0.7092727272727273	0.626	0.622	0.6532727272727272	0.5125454545454545	0.6589090909090909	0.6925454545454546	0.6227272727272727	0.6610909090909091	0.6045454545454545	0.7636363636363637	0.7438181818181818	0.6765454545454546	0.666	0.6563636363636364	0.6612727272727272	0.6341818181818182	0.5945454545454546	0.643090909090909	0.6221818181818182	0.7009090909090909	0.7745454545454545	0.6847272727272727	0.6505454545454545	0.6741818181818182	0.6778181818181818	0.6307272727272727	0.6183636363636363	0.6885454545454546	0.6898181818181818	0.7372727272727273	0.698	0.6405454545454545	0.7212727272727273	0.6467272727272727	0.7669090909090909	0.6714545454545454	0.5974545454545455	0.6743636363636364	0.6930909090909091	0.7481818181818182	0.5712727272727273	0.6698181818181819	0.6883636363636364	0.7383636363636363	0.6443636363636364	0.532	0.652	0.5532727272727272	0.6758181818181819	0.6909090909090909	0.6150909090909091	0.6596363636363637	0.6432727272727272	0.7681818181818182	0.6589090909090909	0.0	0.614	0.6236363636363637	0.6789090909090909	0.6992727272727273	0.7494545454545455	0.7089090909090909	0.5234545454545455	0.6632727272727272	0.704	0.5856363636363636	0.5218181818181818	0.7343636363636363	0.7103636363636363	0.7118181818181818	0.48309090909090907	0.7169090909090909	0.68
K30	0.5718181818181818	0.6214545454545455	0.6465454545454545	0.6127272727272727	0.7143636363636363	0.6296363636363637	0.6083636363636363	0.6198181818181818	0.5514545454545454	0.6172727272727273	0.5870909090909091	0.7341818181818182	0.5612727272727273	0.5585454545454546	0.5729090909090909	0.5116363636363637	0.7225454545454545	0.5976363636363636	0.5736363636363636	0.594	0.5572727272727273	0.5672727272727273	0.5730909090909091	0.6456363636363637	0.6770909090909091	0.6036363636363636	0.6034545454545455	0.7183636363636363	0.5841818181818181	0.6274545454545455	0.6050909090909091	0.5538181818181818	0.5525454545454546	0.5870909090909091	0.6098181818181818	0.69	0.7983636363636364	0.7176363636363636	0.6941818181818182	0.6607272727272727	0.5223636363636364	0.6756363636363636	0.6214545454545455	0.6336363636363637	0.636	0.6185454545454545	0.7049090909090909	0.5854545454545454	0.5225454545454545	0.6265454545454545	0.7305454545454545	0.5423636363636364	0.6210909090909091	0.5643636363636364	0.5405454545454546	0.6381818181818182	0.43163636363636365	0.5643636363636364	0.5450909090909091	0.602	0.6021818181818182	0.5556363636363636	0.614	0.0	0.666	0.6790909090909091	0.5747272727272728	0.7416363636363636	0.7265454545454545	0.5661818181818182	0.738909090909091	0.682	0.5416363636363636	0.6361818181818182	0.7025454545454546	0.588	0.6898181818181818	0.5125454545454545	0.6207272727272727	0.6650909090909091
K31	0.6938181818181818	0.474	0.6552727272727272	0.6254545454545455	0.5958181818181818	0.5054545454545455	0.6825454545454546	0.44181818181818183	0.6621818181818182	0.6405454545454545	0.6890909090909091	0.5478181818181819	0.6163636363636363	0.688	0.5325454545454545	0.5545454545454546	0.76	0.6605454545454545	0.5354545454545454	0.5803636363636364	0.6181818181818182	0.592	0.5307272727272727	0.5441818181818182	0.44072727272727275	0.6932727272727273	0.7101818181818181	0.8229090909090909	0.6590909090909091	0.5774545454545454	0.5667272727272727	0.5976363636363636	0.5916363636363636	0.6016363636363636	0.6732727272727272	0.6116363636363636	0.6812727272727273	0.5198181818181818	0.5381818181818182	0.6578181818181819	0.5681818181818182	0.6881818181818182	0.4092727272727273	0.3549090909090909	0.414	0.504	0.6896363636363636	0.5550909090909091	0.682	0.5205454545454545	0.5494545454545454	0.5905454545454546	0.5841818181818181	0.46036363636363636	0.618909090909091	0.44636363636363635	0.628	0.48218181818181816	0.5278181818181819	0.5936363636363636	0.7305454545454545	0.6272727272727273	0.6236363636363637	0.666	0.0	0.43672727272727274	0.5845454545454546	0.6389090909090909	0.5	0.5707272727272727	0.3861818181818182	0.43436363636363634	0.4209090909090909	0.4050909090909091	0.532	0.49418181818181817	0.4832727272727273	0.49872727272727274	0.5376363636363637	0.4294545454545455
K32	0.6538181818181819	0.5316363636363637	0.6078181818181818	0.6516363636363637	0.6601818181818182	0.5376363636363637	0.6716363636363636	0.5267272727272727	0.6327272727272727	0.6821818181818182	0.7070909090909091	0.582	0.6594545454545454	0.6676363636363636	0.6338181818181818	0.5849090909090909	0.7401818181818182	0.674	0.5834545454545454	0.6072727272727273	0.6352727272727273	0.5792727272727273	0.6421818181818182	0.6634545454545454	0.5081818181818182	0.6763636363636364	0.726	0.8089090909090909	0.6505454545454545	0.65	0.5967272727272728	0.6612727272727272	0.616	0.6472727272727272	0.6647272727272727	0.6710909090909091	0.7107272727272728	0.5745454545454546	0.6669090909090909	0.7427272727272727	0.58	0.6650909090909091	0.3841818181818182	0.4701818181818182	0.42927272727272725	0.5307272727272727	0.6770909090909091	0.6621818181818182	0.6663636363636364	0.5061818181818182	0.4678181818181818	0.6521818181818182	0.6567272727272727	0.47254545454545455	0.6596363636363637	0.42145454545454547	0.6352727272727273	0.514	0.554	0.6072727272727273	0.7283636363636363	0.635090909090909	0.6789090909090909	0.6790909090909091	0.43672727272727274	0.0	0.63	0.6276363636363637	0.5296363636363637	0.6347272727272727	0.5101818181818182	0.17436363636363636	0.4732727272727273	0.5267272727272727	0.5129090909090909	0.4681818181818182	0.4581818181818182	0.6207272727272727	0.5212727272727272	0.46
K33	0.6892727272727273	0.482	0.6634545454545454	0.5761818181818181	0.7481818181818182	0.5874545454545455	0.638	0.5576363636363636	0.6250909090909091	0.7121818181818181	0.6365454545454545	0.643090909090909	0.53	0.606	0.5141818181818182	0.512	0.8038181818181818	0.7247272727272728	0.5416363636363636	0.486	0.5474545454545454	0.5965454545454546	0.5114545454545455	0.6327272727272727	0.6672727272727272	0.6254545454545455	0.7432727272727273	0.8214545454545454	0.48472727272727273	0.5972727272727273	0.5778181818181818	0.5476363636363636	0.598909090909091	0.626	0.6827272727272727	0.7052727272727273	0.7061818181818181	0.5981818181818181	0.5838181818181818	0.5678181818181818	0.5336363636363637	0.7612727272727273	0.612	0.5076363636363637	0.5945454545454546	0.6161818181818182	0.7276363636363636	0.5005454545454545	0.7323636363636363	0.5981818181818181	0.6907272727272727	0.42054545454545456	0.5552727272727273	0.514	0.618	0.5818181818181818	0.6474545454545455	0.5203636363636364	0.4738181818181818	0.6369090909090909	0.7621818181818182	0.7014545454545454	0.6992727272727273	0.5747272727272728	0.5845454545454546	0.63	0.0	0.8003636363636364	0.7170909090909091	0.5803636363636364	0.6670909090909091	0.6396363636363637	0.5498181818181819	0.558	0.6067272727272728	0.5938181818181818	0.6774545454545454	0.48763636363636365	0.5956363636363636	0.6023636363636363
K34	0.6714545454545454	0.7063636363636364	0.6985454545454546	0.7616363636363637	0.5834545454545454	0.6994545454545454	0.7981818181818182	0.7201818181818181	0.7487272727272727	0.6709090909090909	0.8214545454545454	0.7498181818181818	0.804	0.7712727272727272	0.778	0.7172727272727273	0.7121818181818181	0.7054545454545454	0.7527272727272727	0.7825454545454545	0.776	0.7252727272727273	0.7918181818181819	0.7967272727272727	0.646	0.7503636363636363	0.7589090909090909	0.834	0.8283636363636364	0.7370909090909091	0.7532727272727273	0.81	0.736	0.7378181818181818	0.7490909090909091	0.7345454545454545	0.8712727272727273	0.7596363636363637	0.8	0.8605454545454545	0.6921818181818182	0.6956363636363636	0.6461818181818182	0.6738181818181819	0.6936363636363636	0.6449090909090909	0.7434545454545455	0.767090909090909	0.6798181818181818	0.7783636363636364	0.7578181818181818	0.7876363636363637	0.7505454545454545	0.7401818181818182	0.7878181818181819	0.6525454545454545	0.7110909090909091	0.6810909090909091	0.734909090909091	0.7089090909090909	0.7303636363636363	0.4707272727272727	0.7494545454545455	0.7416363636363636	0.6389090909090909	0.6276363636363637	0.8003636363636364	0.0	0.6876363636363636	0.7643636363636364	0.6649090909090909	0.6332727272727273	0.6098181818181818	0.6836363636363636	0.7892727272727272	0.6507272727272727	0.7041818181818181	0.7621818181818182	0.6792727272727273	0.6487272727272727
K35	0.7107272727272728	0.5781818181818181	0.6594545454545454	0.7065454545454546	0.6287272727272727	0.5763636363636364	0.7021818181818181	0.5905454545454546	0.6909090909090909	0.6872727272727273	0.7523636363636363	0.7170909090909091	0.7152727272727273	0.7021818181818181	0.6965454545454546	0.6561818181818182	0.7270909090909091	0.666	0.633090909090909	0.6472727272727272	0.7203636363636363	0.6414545454545455	0.6736363636363636	0.6732727272727272	0.5012727272727273	0.684	0.7501818181818182	0.8614545454545455	0.7321818181818182	0.5649090909090909	0.6429090909090909	0.6910909090909091	0.6016363636363636	0.6507272727272727	0.598	0.5194545454545455	0.8374545454545455	0.6741818181818182	0.7069090909090909	0.8138181818181818	0.6452727272727272	0.6994545454545454	0.4203636363636364	0.5194545454545455	0.4421818181818182	0.47254545454545455	0.5910909090909091	0.7214545454545455	0.6898181818181818	0.576	0.5512727272727272	0.6761818181818182	0.7221818181818181	0.5467272727272727	0.7176363636363636	0.3952727272727273	0.638	0.4541818181818182	0.5383636363636364	0.5049090909090909	0.7485454545454545	0.638	0.7089090909090909	0.7265454545454545	0.5	0.5296363636363637	0.7170909090909091	0.6876363636363636	0.0	0.7056363636363636	0.5769090909090909	0.5298181818181819	0.492	0.588	0.6723636363636364	0.5103636363636364	0.4036363636363636	0.6698181818181819	0.5587272727272727	0.3785454545454545
K36	0.7112727272727273	0.48418181818181816	0.6454545454545455	0.6314545454545455	0.653090909090909	0.6041818181818182	0.6770909090909091	0.5407272727272727	0.6405454545454545	0.608	0.45	0.6361818181818182	0.5778181818181818	0.5667272727272727	0.564	0.507090909090909	0.8	0.7598181818181818	0.5030909090909091	0.5496363636363636	0.5714545454545454	0.6207272727272727	0.48145454545454547	0.5598181818181818	0.6212727272727273	0.6823636363636364	0.7421818181818182	0.8289090909090909	0.6358181818181818	0.6221818181818182	0.6185454545454545	0.5805454545454546	0.562	0.5658181818181818	0.6694545454545454	0.6898181818181818	0.7112727272727273	0.614	0.614909090909091	0.5409090909090909	0.6098181818181818	0.7801818181818182	0.6301818181818182	0.5421818181818182	0.6285454545454545	0.6763636363636364	0.724909090909091	0.4501818181818182	0.6443636363636364	0.6389090909090909	0.7132727272727273	0.5587272727272727	0.5458181818181819	0.5863636363636363	0.5212727272727272	0.6194545454545455	0.642	0.562	0.5945454545454546	0.6263636363636363	0.7863636363636364	0.6701818181818182	0.5234545454545455	0.5661818181818182	0.5707272727272727	0.6347272727272727	0.5803636363636364	0.7643636363636364	0.7056363636363636	0.0	0.618	0.6545454545454545	0.55	0.5301818181818182	0.6267272727272727	0.6672727272727272	0.6823636363636364	0.39036363636363636	0.6881818181818182	0.6536363636363637
K37	0.7425454545454545	0.5129090909090909	0.7203636363636363	0.6787272727272727	0.6407272727272727	0.5896363636363636	0.7272727272727273	0.49254545454545456	0.7021818181818181	0.6912727272727273	0.7412727272727273	0.488	0.6583636363636364	0.7607272727272727	0.6192727272727273	0.6241818181818182	0.7914545454545454	0.7367272727272727	0.598	0.6394545454545455	0.7045454545454546	0.6790909090909091	0.6252727272727273	0.5981818181818181	0.51	0.7312727272727273	0.7821818181818182	0.8789090909090909	0.6961818181818182	0.6403636363636364	0.6427272727272727	0.676	0.6347272727272727	0.6778181818181818	0.7205454545454546	0.674	0.647090909090909	0.5367272727272727	0.6294545454545455	0.7192727272727273	0.641090909090909	0.7436363636363637	0.5470909090909091	0.4570909090909091	0.5330909090909091	0.6050909090909091	0.7314545454545455	0.631090909090909	0.7492727272727273	0.5923636363636363	0.6221818181818182	0.6572727272727272	0.6798181818181818	0.5612727272727273	0.6707272727272727	0.5438181818181819	0.7078181818181818	0.5574545454545454	0.62	0.6561818181818182	0.7794545454545454	0.6798181818181818	0.6632727272727272	0.738909090909091	0.3861818181818182	0.5101818181818182	0.6670909090909091	0.6649090909090909	0.5769090909090909	0.618	0.0	0.508	0.5350909090909091	0.49418181818181817	0.5543636363636364	0.6056363636363636	0.5832727272727273	0.6227272727272727	0.6092727272727273	0.5252727272727272
K38	0.6396363636363637	0.5514545454545454	0.6214545454545455	0.6614545454545454	0.6856363636363636	0.5114545454545455	0.6552727272727272	0.5114545454545455	0.6143636363636363	0.6945454545454546	0.7203636363636363	0.584	0.6463636363636364	0.6749090909090909	0.6116363636363636	0.5772727272727273	0.7376363636363636	0.6472727272727272	0.5474545454545454	0.5754545454545454	0.6352727272727273	0.5596363636363636	0.641090909090909	0.6616363636363637	0.48872727272727273	0.6669090909090909	0.7105454545454546	0.788	0.6478181818181818	0.6532727272727272	0.5652727272727273	0.6309090909090909	0.5978181818181818	0.6454545454545455	0.6476363636363637	0.6603636363636364	0.7049090909090909	0.5796363636363636	0.6529090909090909	0.7483636363636363	0.5621818181818182	0.646	0.3694545454545455	0.44	0.3876363636363636	0.4974545454545454	0.6850909090909091	0.6910909090909091	0.6949090909090909	0.45636363636363636	0.4429090909090909	0.6265454545454545	0.6834545454545454	0.43563636363636365	0.6734545454545454	0.4021818181818182	0.6103636363636363	0.49527272727272725	0.5241818181818182	0.6269090909090909	0.7190909090909091	0.6427272727272727	0.704	0.682	0.43436363636363634	0.17436363636363636	0.6396363636363637	0.6332727272727273	0.5298181818181819	0.6545454545454545	0.508	0.0	0.454	0.5352727272727272	0.4849090909090909	0.44636363636363635	0.42472727272727273	0.6432727272727272	0.4818181818181818	0.4541818181818182
K39	0.4849090909090909	0.46436363636363637	0.5181818181818182	0.5265454545454545	0.5661818181818182	0.47	0.598	0.49163636363636365	0.5265454545454545	0.5407272727272727	0.6512727272727272	0.618909090909091	0.5843636363636364	0.5745454545454546	0.517090909090909	0.4823636363636364	0.6292727272727273	0.5254545454545455	0.4894545454545455	0.47145454545454546	0.5465454545454546	0.5167272727272727	0.5516363636363636	0.5772727272727273	0.43654545454545457	0.5458181818181819	0.646	0.7130909090909091	0.6287272727272727	0.48254545454545456	0.518	0.5541818181818182	0.5298181818181819	0.5483636363636364	0.5658181818181818	0.5496363636363636	0.726	0.6032727272727273	0.6123636363636363	0.6898181818181818	0.40654545454545454	0.5390909090909091	0.3821818181818182	0.3936363636363636	0.4109090909090909	0.3805454545454545	0.584	0.5912727272727273	0.5914545454545455	0.4978181818181818	0.5627272727272727	0.5047272727272727	0.5710909090909091	0.4294545454545455	0.5814545454545454	0.40763636363636363	0.511090909090909	0.36218181818181816	0.4334545454545455	0.5036363636363637	0.6005454545454545	0.5405454545454546	0.5856363636363636	0.5416363636363636	0.4209090909090909	0.4732727272727273	0.5498181818181819	0.6098181818181818	0.492	0.55	0.5350909090909091	0.454	0.0	0.47963636363636364	0.5707272727272727	0.38127272727272726	0.45890909090909093	0.5134545454545455	0.4058181818181818	0.38036363636363635
K4	0.6616363636363637	0.45181818181818184	0.6045454545454545	0.5798181818181818	0.6369090909090909	0.49618181818181817	0.6585454545454545	0.4701818181818182	0.6123636363636363	0.6641818181818182	0.5716363636363636	0.5243636363636364	0.6218181818181818	0.6692727272727272	0.588	0.5449090909090909	0.7492727272727273	0.6716363636363636	0.5365454545454545	0.5981818181818181	0.6172727272727273	0.59	0.5381818181818182	0.5394545454545454	0.5241818181818182	0.6209090909090909	0.6761818181818182	0.8025454545454546	0.5981818181818181	0.5892727272727273	0.5629090909090909	0.574	0.5683636363636364	0.5774545454545454	0.6414545454545455	0.6056363636363636	0.7129090909090909	0.4978181818181818	0.4701818181818182	0.6527272727272727	0.5630909090909091	0.7130909090909091	0.5285454545454545	0.36472727272727273	0.48872727272727273	0.5865454545454546	0.6718181818181819	0.5149090909090909	0.6514545454545455	0.572	0.6501818181818182	0.5918181818181818	0.48163636363636364	0.4883636363636364	0.5598181818181818	0.5014545454545455	0.6341818181818182	0.4763636363636364	0.544	0.5976363636363636	0.7263636363636363	0.6194545454545455	0.5218181818181818	0.6361818181818182	0.4050909090909091	0.5267272727272727	0.558	0.6836363636363636	0.588	0.5301818181818182	0.49418181818181817	0.5352727272727272	0.47963636363636364	0.0	0.5789090909090909	0.5554545454545454	0.5654545454545454	0.42654545454545456	0.5658181818181818	0.5227272727272727
K40	0.7472727272727273	0.6016363636363636	0.7638181818181818	0.7281818181818182	0.7607272727272727	0.5878181818181818	0.6950909090909091	0.5587272727272727	0.6567272727272727	0.7305454545454545	0.7270909090909091	0.5363636363636364	0.5816363636363636	0.7485454545454545	0.5798181818181818	0.5916363636363636	0.8443636363636363	0.7623636363636364	0.4870909090909091	0.5741818181818181	0.6787272727272727	0.5889090909090909	0.6214545454545455	0.652	0.628	0.7618181818181818	0.7807272727272727	0.8378181818181818	0.6414545454545455	0.7210909090909091	0.5352727272727272	0.5427272727272727	0.6634545454545454	0.7256363636363636	0.761090909090909	0.768	0.5829090909090909	0.564	0.6292727272727273	0.6674545454545454	0.624	0.7321818181818182	0.5536363636363636	0.5056363636363637	0.5223636363636364	0.6403636363636364	0.7958181818181819	0.6689090909090909	0.812	0.43654545454545457	0.5096363636363637	0.6183636363636363	0.6730909090909091	0.5030909090909091	0.7041818181818181	0.5570909090909091	0.6856363636363636	0.6201818181818182	0.6027272727272728	0.7312727272727273	0.8118181818181818	0.7501818181818182	0.7343636363636363	0.7025454545454546	0.532	0.5129090909090909	0.6067272727272728	0.7892727272727272	0.6723636363636364	0.6267272727272727	0.5543636363636364	0.4849090909090909	0.5707272727272727	0.5789090909090909	0.0	0.598909090909091	0.5432727272727272	0.6132727272727273	0.57	0.5927272727272728
K5	0.5610909090909091	0.5576363636363636	0.5376363636363637	0.6023636363636363	0.6656363636363636	0.5074545454545455	0.5890909090909091	0.5569090909090909	0.572	0.6605454545454545	0.7527272727272727	0.6956363636363636	0.5834545454545454	0.6456363636363637	0.594	0.5650909090909091	0.6609090909090909	0.5469090909090909	0.522	0.5025454545454545	0.5772727272727273	0.4792727272727273	0.6487272727272727	0.6841818181818182	0.4874545454545455	0.5625454545454546	0.618	0.7425454545454545	0.6543636363636364	0.5549090909090909	0.5341818181818182	0.5938181818181818	0.5038181818181818	0.5901818181818181	0.57	0.5685454545454546	0.7878181818181819	0.6692727272727272	0.6710909090909091	0.7890909090909091	0.4552727272727273	0.6052727272727273	0.34054545454545454	0.46545454545454545	0.41709090909090907	0.35654545454545455	0.612	0.6921818181818182	0.6274545454545455	0.49872727272727274	0.5629090909090909	0.572	0.6632727272727272	0.376	0.6838181818181818	0.3907272727272727	0.5023636363636363	0.402	0.37836363636363635	0.5492727272727272	0.6141818181818182	0.5789090909090909	0.7103636363636363	0.588	0.49418181818181817	0.4681818181818182	0.5938181818181818	0.6507272727272727	0.5103636363636364	0.6672727272727272	0.6056363636363636	0.44636363636363635	0.38127272727272726	0.5554545454545454	0.598909090909091	0.0	0.42018181818181816	0.6436363636363637	0.3441818181818182	0.4050909090909091
K6	0.6841818181818182	0.6176363636363637	0.6550909090909091	0.6898181818181818	0.6612727272727272	0.5045454545454545	0.6852727272727273	0.5732727272727273	0.6338181818181818	0.6949090909090909	0.763090909090909	0.6954545454545454	0.6616363636363637	0.7081818181818181	0.6229090909090909	0.6083636363636363	0.7334545454545455	0.6203636363636363	0.534	0.564	0.682	0.5861818181818181	0.6790909090909091	0.6627272727272727	0.4954545454545455	0.668	0.6923636363636364	0.7874545454545454	0.6925454545454546	0.5956363636363636	0.5276363636363637	0.58	0.5827272727272728	0.6358181818181818	0.6218181818181818	0.576	0.8	0.6461818181818182	0.6838181818181818	0.7834545454545454	0.5709090909090909	0.6703636363636364	0.3438181818181818	0.4592727272727273	0.30363636363636365	0.4218181818181818	0.6452727272727272	0.7241818181818181	0.676	0.3470909090909091	0.39090909090909093	0.6345454545454545	0.716	0.4274545454545455	0.7018181818181818	0.3361818181818182	0.5809090909090909	0.4547272727272727	0.4741818181818182	0.5869090909090909	0.7294545454545455	0.6456363636363637	0.7118181818181818	0.6898181818181818	0.4832727272727273	0.4581818181818182	0.6774545454545454	0.7041818181818181	0.4036363636363636	0.6823636363636364	0.5832727272727273	0.42472727272727273	0.45890909090909093	0.5654545454545454	0.5432727272727272	0.42018181818181816	0.0	0.6587272727272727	0.4143636363636364	0.3836363636363636
K7	0.7049090909090909	0.4425454545454545	0.633090909090909	0.5681818181818182	0.6498181818181819	0.5750909090909091	0.6396363636363637	0.4650909090909091	0.6154545454545455	0.6201818181818182	0.46854545454545454	0.6285454545454545	0.528	0.5745454545454546	0.49163636363636365	0.5001818181818182	0.7841818181818182	0.7072727272727273	0.507090909090909	0.5323636363636364	0.5694545454545454	0.6027272727272728	0.4289090909090909	0.496	0.5978181818181818	0.6603636363636364	0.7205454545454546	0.7974545454545454	0.5518181818181818	0.5645454545454546	0.5827272727272728	0.525090909090909	0.564	0.5469090909090909	0.6385454545454545	0.6714545454545454	0.7016363636363636	0.5798181818181818	0.47763636363636364	0.5074545454545455	0.6061818181818182	0.7727272727272727	0.610909090909091	0.45490909090909093	0.5914545454545455	0.6387272727272727	0.6970909090909091	0.372	0.6249090909090909	0.6190909090909091	0.7027272727272728	0.49927272727272726	0.4250909090909091	0.5607272727272727	0.4501818181818182	0.6003636363636363	0.6267272727272727	0.518	0.521090909090909	0.578	0.7527272727272727	0.6367272727272727	0.48309090909090907	0.5125454545454545	0.49872727272727274	0.6207272727272727	0.48763636363636365	0.7621818181818182	0.6698181818181819	0.39036363636363636	0.6227272727272727	0.6432727272727272	0.5134545454545455	0.42654545454545456	0.6132727272727273	0.6436363636363637	0.6587272727272727	0.0	0.6772727272727272	0.6176363636363637
K8	0.5665454545454546	0.6025454545454545	0.6389090909090909	0.66	0.704	0.48927272727272725	0.6236363636363637	0.6130909090909091	0.5181818181818182	0.6658181818181819	0.763090909090909	0.6705454545454546	0.6058181818181818	0.6896363636363636	0.6281818181818182	0.6298181818181818	0.6663636363636364	0.5258181818181819	0.5649090909090909	0.5238181818181818	0.6449090909090909	0.564	0.6927272727272727	0.6976363636363636	0.5310909090909091	0.5552727272727273	0.6245454545454545	0.6858181818181818	0.664	0.6250909090909091	0.5538181818181818	0.5867272727272728	0.5794545454545454	0.6529090909090909	0.6285454545454545	0.6290909090909091	0.7838181818181819	0.6625454545454545	0.6909090909090909	0.7910909090909091	0.348	0.5632727272727273	0.41563636363636364	0.5103636363636364	0.39636363636363636	0.35454545454545455	0.6536363636363637	0.7445454545454545	0.647090909090909	0.4509090909090909	0.5303636363636364	0.5498181818181819	0.6494545454545455	0.38272727272727275	0.698	0.42418181818181816	0.5149090909090909	0.4369090909090909	0.40436363636363637	0.6198181818181818	0.6414545454545455	0.6276363636363637	0.7169090909090909	0.6207272727272727	0.5376363636363637	0.5212727272727272	0.5956363636363636	0.6792727272727273	0.5587272727272727	0.6881818181818182	0.6092727272727273	0.4818181818181818	0.4058181818181818	0.5658181818181818	0.57	0.3441818181818182	0.4143636363636364	0.6772727272727272	0.0	0.4509090909090909
K9	0.6301818181818182	0.5125454545454545	0.6167272727272727	0.6007272727272728	0.6243636363636363	0.511090909090909	0.6756363636363636	0.5441818181818182	0.6512727272727272	0.6705454545454546	0.7292727272727273	0.6456363636363637	0.6810909090909091	0.704	0.5910909090909091	0.5621818181818182	0.6976363636363636	0.6372727272727273	0.5845454545454546	0.5574545454545454	0.6667272727272727	0.5967272727272728	0.63	0.6205454545454545	0.44781818181818184	0.632	0.7263636363636363	0.8329090909090909	0.6785454545454546	0.49818181818181817	0.5685454545454546	0.6336363636363637	0.5863636363636363	0.6323636363636363	0.5996363636363636	0.5418181818181819	0.7618181818181818	0.6312727272727273	0.6727272727272727	0.754	0.5389090909090909	0.6727272727272727	0.3483636363636364	0.43945454545454543	0.3543636363636364	0.38636363636363635	0.5807272727272728	0.6732727272727272	0.6436363636363637	0.4670909090909091	0.44727272727272727	0.5701818181818182	0.674	0.4143636363636364	0.6638181818181819	0.33836363636363637	0.5858181818181818	0.3663636363636364	0.4309090909090909	0.5169090909090909	0.6936363636363636	0.5807272727272728	0.68	0.6650909090909091	0.4294545454545455	0.46	0.6023636363636363	0.6487272727272727	0.3785454545454545	0.6536363636363637	0.5252727272727272	0.4541818181818182	0.38036363636363635	0.5227272727272727	0.5927272727272728	0.4050909090909091	0.3836363636363636	0.6176363636363637	0.4509090909090909	0.0
