#OTUID	taxonomy	Consensus
000fd4e9ce4fcd48d2678d996244b630	Unassigned	1.0
002dc04e634abeb8c1a6dea2d8dc5188	k__Fungi;p__Ascomycota;c__Sordariomycetes;o__Glomerellales;f__Plectosphaerellaceae	1.0
003049214cd7dcd522dc492ea2042cce	Unassigned	1.0
007168fd91955592fa64de8963150b9f	k__Fungi;p__Ascomycota;c__Dothideomycetes;o__Mycosphaerellales;f__Mycosphaerellaceae;g__Mycosphaerellaceae_gen_Incertae_sedis;s__Mycosphaerellaceae_sp;sh__SH0054746.09FU	1.0
0071fff0f2abbfeaf8cf77c0e7cbc816	k__Fungi;p__Chytridiomycota;c__Chytridiomycetes;o__Chytridiales;f__Chytridiales_fam_Incertae_sedis;g__Chytridiales_gen_Incertae_sedis;s__Chytridiales_sp	1.0
007f6ac13abaf14d5e4266cc3f2d9e06	k__Fungi;p__Ascomycota;c__Sordariomycetes;o__Xylariales	1.0
00c0de3dc5ce30a0011aeb4b3f4a63f9	Unassigned	1.0
00c7874d7c49b7616ef8cf43a039f0f3	Unassigned	1.0
01015cf90d017e25e030968135d53ed9	Unassigned	1.0
012b96584cf7e838cb8a8732a5ba56f6	Unassigned	1.0
0134e9aea5f4c33a2ed7d2059d0b6e33	k__Fungi;p__Ascomycota;c__Sordariomycetes;o__Chaetosphaeriales;f__Chaetosphaeriaceae	1.0
013f8c4146882f5b6775d82feeb2884c	Unassigned	1.0
0149e61f9221101a2a70c91fa6160189	k__Fungi;p__Ascomycota;c__Eurotiomycetes;o__Chaetothyriales;f__Trichomeriaceae;g__Trichomerium;s__Trichomerium_sp	0.6
0168d636050572599c2ec340350fe502	k__Fungi;p__Ascomycota;c__Dothideomycetes;o__Pleosporales	0.75
0175521f6b26dc46c4f1cc9c059676a0	k__Fungi;p__Ascomycota;c__Eurotiomycetes;o__Chaetothyriales;f__Herpotrichiellaceae;g__Cladophialophora;s__Cladophialophora_sp	0.9
0181fcd6caa6c6ee73e0cd1e324f9090	Unassigned	1.0
0186c2686790fe998f239fc4c7d28a7a	k__Fungi;p__Ascomycota;c__Dothideomycetes	1.0
0187d35d37ac826c09394c0d26b2f7fb	k__Fungi;p__Ascomycota;c__Leotiomycetes;o__Helotiales;f__Helotiales_fam_Incertae_sedis;g__Helotiales_gen_Incertae_sedis;s__Helotiales_sp	0.7
019922a3fac6e86735b8a9ed5921bb2e	k__Fungi;p__Ascomycota;c__Leotiomycetes;o__Helotiales	1.0
01a4587cf1e92bdc653bdcd9750bb25f	Unassigned	1.0
01a6eb3d616d4dfcf4801d5073c3d4b6	Unassigned	1.0
01e375c5cf86f518488c8548d1321ed4	k__Fungi;p__Ascomycota;c__Dothideomycetes	1.0
01e63431cde91d28c3e990ecf0e75b28	Unassigned	1.0
01f0cc268b00d1e9ea92132ae1ddcecd	Unassigned	1.0
01f836aa04e4afc551b3c97f773d72d5	k__Fungi;p__Ascomycota;c__Eurotiomycetes;o__Chaetothyriales;f__Herpotrichiellaceae;g__Cladophialophora;s__Cladophialophora_sp	0.714
021c5f346ee65fd9d6554efe96937865	Unassigned	1.0
0226b6e15662d04106a9cb8ec7ae4082	k__Fungi;p__Ascomycota;c__Leotiomycetes;o__Helotiales;f__Helotiaceae	0.7
02424408da8d02d9d5f6941fbdc85bac	Unassigned	1.0
0256c9092ab81f41cc14d830c2ff3f76	k__Fungi;p__Ascomycota;c__Orbiliomycetes;o__Orbiliales;f__Orbiliales_fam_Incertae_sedis;g__Orbiliales_gen_Incertae_sedis;s__Orbiliales_sp	0.667
025e9f8070cfa905aa869508c3797e82	k__Fungi;p__Ascomycota;c__Sordariomycetes;o__Hypocreales;f__Cordycipitaceae	0.8
0260d8aee14a6121c739d4233d6d032e	Unassigned	1.0
02628f4c160efadace799ef33ea33747	k__Fungi;p__Ascomycota;c__Ascomycota_cls_Incertae_sedis;o__Ascomycota_ord_Incertae_sedis;f__Ascomycota_fam_Incertae_sedis;g__Ascomycota_gen_Incertae_sedis;s__Ascomycota_sp	0.875
0281b686a7fc73f064cf642657b22ba1	k__Fungi;p__Basidiomycota;c__Agaricomycetes;o__Agaricales;f__Marasmiaceae;g__Marasmiaceae_gen_Incertae_sedis;s__Marasmiaceae_sp;sh__SH0240842.09FU	1.0
028fdc2ef43b1402c0857bd157124b21	Unassigned	1.0
02a54533448857502af3fbd4873541e9	Unassigned	1.0
02e716f5e5780cfee945dc761e5f755d	Unassigned	1.0
0343332cff48a52eaa692426980a5084	Unassigned	1.0
035ccf5e06f5c04dac227ec7949a5751	Unassigned	1.0
037da4d1d35067428a4b48eee9e4f3f8	Unassigned	1.0
038c255fcf858416017cffa4296a6086	k__Fungi;p__Ascomycota;c__Sordariomycetes;o__Glomerellales;f__Plectosphaerellaceae	1.0
038ded05fa2580d720c498ac078f6f2f	Unassigned	1.0
03b6fe1ab74f5f2541f4381d10e3126d	Unassigned	1.0
03d94afb64e1a3353237d3e68d0d332b	Unassigned	1.0
03f784517f3b4b18339a4dde679f1d0e	Unassigned	1.0
04057078cd92704e34ee740f8783e4b2	Unassigned	1.0
04069096ec6c9fe906fff9fbdc462950	k__Fungi;p__Basidiomycota;c__Microbotryomycetes;o__Microbotryales	1.0
0409bbbf69066b53447e41ca3a0225e2	k__Fungi;p__Ascomycota;c__Sordariomycetes;o__Glomerellales;f__Plectosphaerellaceae	1.0
0418e5a077214f9e9ecc365533a0ac10	k__Fungi;p__Ascomycota;c__Eurotiomycetes;o__Chaetothyriales;f__Chaetothyriales_fam_Incertae_sedis;g__Chaetothyriales_gen_Incertae_sedis;s__Chaetothyriales_sp	1.0
041ab17194412a79ab4a2601d1e61a71	k__Fungi;p__Ascomycota;c__Dothideomycetes;o__Mycosphaerellales;f__Mycosphaerellaceae;g__Stomiopeltis;s__Stomiopeltis_sp;sh__SH0178149.09FU	1.0
0431f10b911170ad7b7db2f3d2af1f82	k__Fungi;p__Ascomycota;c__Sordariomycetes;o__Diaporthales;f__Diaporthaceae;g__Diaporthe	0.7
0436b4e4e0796569195316221636f2bc	k__Fungi;p__Ascomycota;c__Orbiliomycetes;o__Orbiliales;f__Orbiliaceae;g__Orbiliaceae_gen_Incertae_sedis;s__Orbiliaceae_sp	0.667
043bd298cc95a73c4d1d040b87a767b4	k__Fungi;p__Ascomycota;c__Ascomycota_cls_Incertae_sedis;o__Ascomycota_ord_Incertae_sedis;f__Ascomycota_fam_Incertae_sedis;g__Ascomycota_gen_Incertae_sedis;s__Ascomycota_sp;sh__SH0030133.09FU	1.0
04442b27eacab1760eb02a2892cf4af4	Unassigned	1.0
0445b37605af93a760b2f05aaaeb85d4	k__Fungi;p__Ascomycota;c__Dothideomycetes;o__Capnodiales;f__Neodevriesiaceae;g__Neodevriesia	0.6
04527a1d674d32380b9691d56278c881	k__Fungi;p__Basidiomycota;c__Agaricomycetes;o__Agaricales;f__Omphalotaceae;g__Gymnopus	0.8
045c8c70e82890f691855954ef947742	Unassigned	1.0
0461ce1970d67af4508edfa14edf8fdd	Unassigned	1.0
0485965777d055b7753de23118f0abae	k__Fungi;p__Ascomycota;c__Dothideomycetes;o__Coniosporiales;f__Coniosporiaceae;g__Coniosporium;s__Coniosporium_sp	0.7
04a39944362f9bb27ea7e851d3ae8588	k__Fungi;p__Ascomycota;c__Leotiomycetes;o__Helotiales;f__Hyaloscyphaceae;g__Arachnopeziza	0.6
04ae945592d0b41d3632923e420732ff	k__Fungi;p__Basidiomycota;c__Agaricomycetes;o__Russulales;f__Lachnocladiaceae;g__Asterostroma	0.857
04b943074ce5f45277b1dd7680166eaa	k__Fungi;p__Ascomycota;c__Taphrinomycetes;o__Taphrinales;f__Taphrinaceae;g__Taphrina	0.9
04dcb4a42eabe94511fbe52bbabfa723	Unassigned	1.0
04f6ca62d59e26e3d33dd08b9a7d2b74	Unassigned	1.0
050cd054d89049c3ad8da4385b0ce906	k__Fungi;p__Ascomycota;c__Eurotiomycetes;o__Chaetothyriales;f__Herpotrichiellaceae;g__Cladophialophora;s__Cladophialophora_sp	0.9
051cf92a4e04e57ce971302adb932f19	k__Fungi;p__Ascomycota;c__Leotiomycetes;o__Helotiales;f__Hyaloscyphaceae	0.6
0535c80dd411c12debdd54475b33ea50	k__Fungi;p__Ascomycota;c__Sordariomycetes;o__Hypocreales;f__Ophiocordycipitaceae;g__Tolypocladium;s__Tolypocladium_sp	0.8
053b9de2e478e65cd4ccc09d0cdbecdb	k__Fungi;p__Ascomycota;c__Dothideomycetes;o__Mycosphaerellales;f__Teratosphaeriaceae;g__Teratosphaeria;s__Teratosphaeria_sp	0.7
053fbf3e16a6dac752d9c2cc4d5799db	Unassigned	1.0
0583912ad7ee2409a89e365a704a098b	Unassigned	1.0
058468116c3be7a67fa5a33cf5bde6b0	Unassigned	1.0
05aea3be2ecdd226604575c5b851e46a	Unassigned	1.0
05af03ab727d4f099eb81ab026f07f9b	Unassigned	1.0
05b77eeccec2a410f91b2ccbe982a6b7	k__Fungi;p__Basidiomycota;c__Agaricostilbomycetes;o__Agaricostilbales;f__Chionosphaeraceae;g__Kurtzmanomyces;s__Kurtzmanomyces_sp;sh__SH0017157.09FU	1.0
05e640c4f6adf229aa714ac54a43a518	k__Fungi;p__Ascomycota;c__Leotiomycetes;o__Helotiales	0.8
05e9ad86fc749831c4d845c8fff889dd	k__Fungi;p__Ascomycota;c__Ascomycota_cls_Incertae_sedis;o__Ascomycota_ord_Incertae_sedis;f__Ascomycota_fam_Incertae_sedis;g__Ascomycota_gen_Incertae_sedis;s__Ascomycota_sp;sh__SH0163261.09FU	1.0
05f05a93eeec4a89cf17960f0269ca9f	Unassigned	1.0
05f557238ff7ca055f692c44d391573b	k__Fungi;p__Basidiomycota;c__Ustilaginomycetes;o__Ustilaginales;f__Ustilaginaceae;g__Farysia;s__Farysia_taiwaniana;sh__SH0100091.09FU	1.0
05f58fe26a8ee22125d79d1234986c89	k__Fungi;p__Ascomycota;c__Leotiomycetes;o__Helotiales	0.8
062b6bb719027d507c6476319ad1a013	k__Fungi;p__Ascomycota;c__Sordariomycetes;o__Xylariales;f__Xylariaceae;g__Annulohypoxylon	1.0
063601bcec055b22481be85df589971d	k__Fungi;p__Ascomycota;c__Leotiomycetes;o__Helotiales	1.0
0637f92d567a6b328264750b4a84fce2	Unassigned	1.0
063c26520fe77564e4d941ea53bbd464	k__Fungi;p__Ascomycota;c__Dothideomycetes;o__Pleosporales;f__Phaeosphaeriaceae;g__Phaeosphaeriaceae_gen_Incertae_sedis;s__Phaeosphaeriaceae_sp	0.6
065cb245b1a2f724efc9c8576649e2b5	Unassigned	1.0
065e0732f8cccdda99acddbe6a630399	Unassigned	1.0
066203f284f10c061be3c717c80c7edc	k__Fungi;p__Basidiomycota;c__Ustilaginomycetes;o__Ustilaginales;f__Ustilaginaceae;g__Farysia;s__Farysia_taiwaniana;sh__SH0100091.09FU	1.0
0681694069e8684d2146726a2072249d	k__Fungi;p__Ascomycota;c__Eurotiomycetes;o__Chaetothyriales;f__Strelitzianaceae;g__Strelitziana;s__Strelitziana_sp	0.6
068736c70975f8b99752a648fa5f126f	Unassigned	1.0
0689d88d93bf96b5ed157b241fe8b7b6	k__Fungi;p__Ascomycota;c__Eurotiomycetes;o__Chaetothyriales;f__Trichomeriaceae;g__Trichomerium	0.8
06a1a0d6603d0a16ffb1baf0c895e886	k__Fungi;p__Ascomycota;c__Dothideomycetes;o__Capnodiales;f__Neodevriesiaceae;g__Neodevriesia	0.75
06b58b7c6963d2d0b01bfa88a979bd55	k__Fungi;p__Ascomycota;c__Leotiomycetes;o__Helotiales;f__Sclerotiniaceae	0.7
06d5616ba10280191fdaf074da6b8c3a	Unassigned	1.0
070c5bf052f1ce61e9ef137fc1522c21	Unassigned	1.0
0724a6a46ddf90cc108a70360306ffcb	Unassigned	1.0
073e761db9c5a408a16d2cfd3fbf8eae	Unassigned	1.0
0783ef1a5bbb9197c3c34f60d030704e	Unassigned	1.0
079240a1ba113328cf31bd0c39964cfb	k__Fungi;p__Mortierellomycota;c__Mortierellomycetes;o__Mortierellales;f__Mortierellaceae;g__Mortierella	0.667
079ff885a1255e5f8b181257b1f7e7c7	k__Fungi;p__Ascomycota;c__Sordariomycetes;o__Hypocreales	1.0
07a24ee852bc0fedabd79be5dc218748	Unassigned	1.0
07e126b091d4fcb480a5b49621eb5e99	Unassigned	1.0
07e610a81fa51bbad48505b4c0d61768	Unassigned	1.0
07f1a44ff4dbe4bcf7e1158d043fde6e	k__Fungi;p__Ascomycota;c__Eurotiomycetes;o__Chaetothyriales;f__Herpotrichiellaceae;g__Cladophialophora;s__Cladophialophora_sp	1.0
08142776d5825999c9f0098e49b72d96	Unassigned	1.0
081fe3d656b3471a7b7bc62f3c47116a	Unassigned	1.0
08537b3d3d67086ebf3514712d9c727a	Unassigned	1.0
08590cea92cc38ba9dfdd14c92a78231	Unassigned	1.0
0863476385d570b3e8da6e13a3489201	Unassigned	1.0
0865daf4febb809cccd059d153faf8e5	Unassigned	1.0
0878393c81e390c869f3d90deecee1e8	Unassigned	1.0
087f34b4389b9e27ca6aa3810a22c1ad	Unassigned	1.0
087ff930645bb039f746972d55187a1f	k__Fungi;p__Ascomycota;c__Dothideomycetes;o__Capnodiales;f__Capnodiales_fam_Incertae_sedis;g__Capnodiales_gen_Incertae_sedis;s__Capnodiales_sp;sh__SH0105167.09FU	1.0
0890349f7fc4f3f59ad584e9668276bc	k__Fungi;p__Ascomycota;c__Leotiomycetes;o__Helotiales	0.8
089209ca1b3b0eb456c322b9f505f75d	k__Fungi;p__Basidiomycota;c__Agaricomycetes;o__Agaricomycetes_ord_Incertae_sedis;f__Agaricomycetes_fam_Incertae_sedis;g__Agaricomycetes_gen_Incertae_sedis;s__Agaricomycetes_sp;sh__SH0132304.09FU	1.0
089c4267d69cd5bdd1b53e7ad9efb1f0	Unassigned	1.0
089f805463d80561d3649738b8c24823	k__Fungi;p__Ascomycota;c__Sordariomycetes;o__Xylariales;f__Diatrypaceae	0.9
08a266419eefd8471325d6a4cda3ef94	Unassigned	1.0
08a79214c62411a3f8fc439aa36228be	Unassigned	1.0
08ab86e249303dda7a5b561d7caab1d9	Unassigned	1.0
08c9c40faf5c717b2257743a20f1be4b	k__Fungi;p__Basidiomycota;c__Tremellomycetes;o__Tremellales	1.0
08e475750c4175b8da12fdad5ff5645d	Unassigned	1.0
08e4aee125e2e07a94a75a038a605257	k__Fungi;p__Ascomycota;c__Sordariomycetes;o__Hypocreales	1.0
08fd7930394b7a1ae1945c4af09e94b2	Unassigned	1.0
09265584a9f0168b7b352ba8ec5c27b3	Unassigned	1.0
0926cc9b2c9b6956ddb63c97d2cd4c00	k__Fungi;p__Ascomycota	1.0
092ae7979c9789d39718786ce2460795	k__Fungi;p__Ascomycota;c__Eurotiomycetes;o__Eurotiales;f__Aspergillaceae;g__Penicillium;s__Penicillium_sp	0.583
0958ef3629a4898c28ecbe7f1f4f4dfb	k__Fungi;p__Ascomycota;c__Sordariomycetes;o__Hypocreales;f__Nectriaceae	1.0
0962905ae346d7f50536d475a96f29a9	Unassigned	1.0
099e15b849ff05ebaeb41634525348c1	k__Fungi;p__Ascomycota;c__Leotiomycetes;o__Helotiales	0.8
09aaf6cdd1d614126d569d2a0896c529	Unassigned	1.0
09b4f93df9c657dbd67bd175f95c1cd5	k__Fungi;p__Basidiomycota;c__Agaricomycetes;o__Agaricales;f__Agaricales_fam_Incertae_sedis;g__Agaricales_gen_Incertae_sedis;s__Agaricales_sp	0.667
09c0c6bfd38ca13162dec03ef8f23c61	Unassigned	1.0
09d7a21750378c148e3355ba92c98da6	Unassigned	1.0
09dc62c65311026c06be3d0c0446ef7c	Unassigned	1.0
09f79f71385c72763bbe6598b3ac7a04	k__Fungi;p__Ascomycota;c__Orbiliomycetes;o__Orbiliales;f__Orbiliaceae	0.9
0a031b82e3590abd705c6c9cd543505a	k__Fungi;p__Ascomycota;c__Leotiomycetes;o__Helotiales;f__Helotiaceae	0.7
0a0799a916bde5ff251707c0073a0e7b	Unassigned	1.0
0a10095b35ef549f04ef0d30cf7c5eab	k__Fungi;p__Ascomycota;c__Sordariomycetes	0.7
0a27f4549fe318cd0c1b5461e98e5e2c	Unassigned	1.0
0a352b74d512568e411b37d2945b52ad	k__Fungi;p__Ascomycota;c__Dothideomycetes;o__Pleosporales;f__Phaeosphaeriaceae;g__Setophoma	0.8
0a3f47577dd532abbd37f9b14b51c51f	k__Fungi;p__Ascomycota;c__Dothideomycetes	1.0
0a4d3ccfd05cfc592d516f1fb7c93acb	Unassigned	1.0
0a4e4e4a2553f58c54f0e0a0c429fed5	Unassigned	1.0
0a6e10be80fc2f7ad06ae7ef4816ce08	k__Fungi;p__Ascomycota;c__Sordariomycetes;o__Hypocreales;f__Nectriaceae	0.667
0a6e2939d9ee4baf0b847359b20b880b	Unassigned	1.0
0a7e98fa22aceb699640e1ca2b465b5a	k__Fungi;p__Ascomycota;c__Dothideomycetes;o__Pleosporales;f__Didymellaceae	1.0
0aa4d9776df9fd6460c16370e30113d2	Unassigned	1.0
0ac248a066c9ba81d906aadc4aa8fac1	k__Fungi;p__Ascomycota;c__Dothideomycetes;o__Mycosphaerellales;f__Teratosphaeriaceae	0.7
0ade779c60bd11cc3503ba41ced768d6	k__Fungi;p__Ascomycota;c__Sordariomycetes;o__Hypocreales;f__Nectriaceae;g__Fusarium	0.6
0ae5f550f7cafcc018a6a756c1a51d4a	Unassigned	1.0
0af21e0127a4e9ec639dc2b421236d6c	k__Fungi;p__Ascomycota;c__Dothideomycetes;o__Capnodiales;f__Cladosporiaceae;g__Cladosporium;s__Cladosporium_salinae;sh__SH0235682.09FU	1.0
0afbb4bf7cd88ccba6cc490dd3c40e67	k__Fungi;p__Ascomycota;c__Sordariomycetes;o__Hypocreales;f__Clavicipitaceae;g__Conoideocrella;s__Conoideocrella_luteorostrata;sh__SH0048935.09FU	1.0
0b1f08b91633803e15d6b82b4890eea4	k__Fungi;p__Ascomycota;c__Dothideomycetes;o__Pleosporales;f__Pleosporales_fam_Incertae_sedis;g__Trichobotrys;s__Trichobotrys_effusa;sh__SH0135300.09FU	1.0
0b2725a791dcc157c1e8a93e4dd9c34e	k__Fungi;p__Ascomycota;c__Eurotiomycetes;o__Eurotiales;f__Aspergillaceae;g__Penicillium	0.917
0b353c5d1518bbe5a3c69d54e5b732bb	Unassigned	1.0
0b3f2428356d892d7be1d1960443357c	Unassigned	1.0
0b47853beab99f8c102100c514411f54	Unassigned	1.0
0b55bc39d6c7e5c1928c2cc621f4ab37	Unassigned	1.0
0b63fbb6dc798900326f1c03c76e5ef9	k__Fungi;p__Ascomycota;c__Dothideomycetes;o__Pleosporales;f__Phaeosphaeriaceae	1.0
0b73126d12e6dd283a8614acc72a418c	Unassigned	1.0
0b9080ef4f0d0dbc0ca9d15045df4b9e	Unassigned	1.0
0b9de4227dafc44085d0887deef16c2b	Unassigned	1.0
0ba4a62817ce947da0dc1db751a7433e	Unassigned	1.0
0bab26ad8d9b77dfefa133c62982235a	k__Fungi;p__Ascomycota;c__Eurotiomycetes;o__Chaetothyriales;f__Cyphellophoraceae;g__Cyphellophora;s__Cyphellophora_sp	0.6
0bbc7d6d05ba70b6698f7bf2731438cc	k__Fungi;p__Ascomycota;c__Lecanoromycetes;o__Peltigerales;f__Pannariaceae;g__Pannariaceae_gen_Incertae_sedis;s__Pannariaceae_sp;sh__SH0067353.09FU	1.0
0bbfeb8bc19094eb47d4a22b14de281b	k__Fungi;p__Ascomycota;c__Lecanoromycetes;o__Ostropales;f__Stictidaceae;g__Fitzroyomyces;s__Fitzroyomyces_cyperacearum;sh__SH0101991.09FU	1.0
0bd88bc3cb9b006aabac0e22c37465d8	k__Fungi;p__Ascomycota;c__Sordariomycetes;o__Glomerellales	0.889
0bdd42d1d6b7efb88641ed92a93f93ae	k__Fungi;p__Ascomycota;c__Sordariomycetes;o__Hypocreales;f__Hypocreales_fam_Incertae_sedis;g__Hypocreales_gen_Incertae_sedis;s__Hypocreales_sp	0.7
0bdffc52b938f13afff99da6e1506d23	k__Fungi;p__Basidiomycota;c__Agaricomycetes;o__Agaricales;f__Marasmiaceae;g__Tetrapyrgos	0.7
0be9515375f6a14f0731ab8a453f3927	Unassigned	1.0
0bf57fed47142c085eb52ddf763893e2	k__Fungi;p__Ascomycota;c__Eurotiomycetes;o__Chaetothyriales	1.0
0bfa8771f2f3069f563be0ee80791b54	k__Fungi;p__Ascomycota;c__Leotiomycetes;o__Helotiales	0.9
0c03c7cf289f1f043fbafc14461d9772	Unassigned	1.0
0c0f5feacc7f692a00afc8f0ff29b30f	k__Fungi;p__Basidiomycota;c__Agaricomycetes;o__Polyporales;f__Irpicaceae	0.8
0c2a8c9d1fe605512bcfb3fa32f2f0e1	Unassigned	1.0
0c47c9218cbc2b505bafe466c9521775	Unassigned	1.0
0c48305ed57ce352fad61142395a35be	Unassigned	1.0
0c5dc91061491997c9c9330cd28af418	k__Fungi;p__Ascomycota;c__Dothideomycetes	1.0
0c60b7b2dfb39e0e7fbd06dd648b2f92	Unassigned	1.0
0c6e3d40293af7b5eef913017f3b9c1e	k__Fungi;p__Ascomycota;c__Eurotiomycetes;o__Phaeomoniellales	0.857
0ca35346f884e76ccce4e9c10d99ced8	k__Fungi;p__Ascomycota;c__Sordariomycetes;o__Diaporthales;f__Harknessiaceae;g__Harknessia	1.0
0caf70395640c76f15a70d375fc80216	k__Fungi;p__Ascomycota;c__Sordariomycetes;o__Hypocreales;f__Cordycipitaceae;g__Simplicillium;s__Simplicillium_formicidae;sh__SH0039569.09FU	1.0
0cb7e7a2eadaf25297f1aa462b5aa979	Unassigned	1.0
0cc6fb4cf9e727329279c03a75accc58	k__Fungi;p__Ascomycota;c__Sordariomycetes;o__Hypocreales	0.9
0cdba90011cfb46c4de7e99211d6387d	Unassigned	1.0
0d2068b2f091eeb88564f9977ef4f6a2	k__Fungi;p__Ascomycota;c__Sordariomycetes;o__Hypocreales	1.0
0d29b08db69dd3219f87bad3b582eda8	k__Fungi;p__Ascomycota	1.0
0d3b4b55c2951b186bee6734f9b7fc97	Unassigned	1.0
0d3cd82a3a3ac2adf1079224a4a0690d	k__Fungi;p__Ascomycota;c__Eurotiomycetes;o__Chaetothyriales;f__Trichomeriaceae;g__Trichomerium;s__Trichomerium_sp	0.6
0d415c4e6996db96ccd11f156a9168d7	k__Fungi;p__Ascomycota;c__Sordariomycetes;o__Hypocreales;f__Ophiocordycipitaceae;g__Tolypocladium	0.7
0d4fe8d650565cb2f3872acd2e5ca8a9	Unassigned	1.0
0d687d3d43c9f74a8d6c1352ca6bcab4	k__Fungi;p__Ascomycota	1.0
0d741795f748e3080daa877ddc108af5	Unassigned	1.0
0d83ee87418229eb647eb1b8aa7aaa7a	k__Fungi;p__Ascomycota;c__Dothideomycetes	1.0
0d8b69618d62b11d94096b23ddc32bc6	Unassigned	1.0
0d8d166ba7e605db219dd83b3c9ec93a	k__Fungi;p__Ascomycota;c__Dothideomycetes;o__Capnodiales;f__Capnodiales_fam_Incertae_sedis;g__Capnodiales_gen_Incertae_sedis;s__Capnodiales_sp	0.667
0d9e1dd4fe32de92ff4f5a0e4a8a3390	Unassigned	1.0
0da291384ad51bf04c5a58285a476bdc	k__Fungi;p__Ascomycota;c__Dothideomycetes;o__Pleosporales;f__Didymellaceae	1.0
0db320d48269fad66c25f3c0e352b1f2	k__Fungi;p__Ascomycota;c__Dothideomycetes;o__Mycosphaerellales;f__Mycosphaerellaceae	1.0
0dd3fe00d2aca922f186dd68ce2d2b94	k__Fungi;p__Ascomycota;c__Lecanoromycetes;o__Lecanorales;f__Catillariaceae;g__Solenopsora	0.8
0e0af6807e87850077594834214fd032	k__Fungi;p__Basidiomycota;c__Agaricomycetes;o__Agaricales;f__Typhulaceae;g__Typhula	1.0
0e0e6454d174a52d4aebcc855a25466c	Unassigned	1.0
0e216eec87465622b0274e08fb5c5607	k__Fungi;p__Basidiomycota;c__Agaricostilbomycetes;o__Agaricostilbales;f__Chionosphaeraceae;g__Kurtzmanomyces;s__Kurtzmanomyces_sp;sh__SH0017157.09FU	1.0
0e22e13fb6ca95fcfd31a0d752c5abca	Unassigned	1.0
0e2a3c5300f104116d8d7564092d7bbb	Unassigned	1.0
0e2a5619453b7b3c369e740dec170b70	k__Fungi;p__Ascomycota;c__Eurotiomycetes;o__Chaetothyriales;f__Trichomeriaceae;g__Trichomerium	0.8
0e542891249d7e7f7b6f8ace280f092a	Unassigned	1.0
0e709126136fd3b298a3e4398e3c8ea8	Unassigned	1.0
0e81a6d5bb827509884d088467686c94	k__Fungi;p__Ascomycota;c__Sordariomycetes;o__Xylariales	1.0
0ea9358df276a655bea5d9c1e60ebc4b	Unassigned	1.0
0ec17dcbe7ab2a69bca725111bf363fb	k__Fungi;p__Ascomycota;c__Orbiliomycetes;o__Orbiliales;f__Orbiliaceae;g__Orbiliaceae_gen_Incertae_sedis;s__Orbiliaceae_sp;sh__SH0116474.09FU	1.0
0ec3e0b5e197c74383692463d236555e	k__Fungi;p__Basidiomycota;c__Agaricomycetes;o__Russulales;f__Stereaceae	1.0
0ec4da5d26a5ff582e13ba8033951b17	k__Fungi;p__Ascomycota;c__Dothideomycetes;o__Pleosporales;f__Periconiaceae;g__Periconia	1.0
0ec6d580aaa7f239b22174ca84d9c96f	k__Fungi;p__Ascomycota;c__Sordariomycetes;o__Hypocreales;f__Nectriaceae;g__Fusarium	0.727
0ec7e498c621eb0ef99aae54893f5af7	k__Fungi;p__Ascomycota;c__Sordariomycetes;o__Xylariales;f__Xylariales_fam_Incertae_sedis;g__Xylariales_gen_Incertae_sedis;s__Xylariales_sp;sh__SH0051286.09FU	1.0
0ed53a5cc2e95aa2991f8c053e457b79	k__Fungi;p__Ascomycota;c__Sordariomycetes;o__Sordariomycetes_ord_Incertae_sedis	0.75
0ede479d514cf720b96e09b94d383125	Unassigned	1.0
0ee9b990554f058c57bd7bb036ecea42	k__Fungi;p__Ascomycota;c__Dothideomycetes;o__Mycosphaerellales;f__Mycosphaerellaceae	1.0
0ef3fccb9324f9899cdee43b850eae43	Unassigned	1.0
0ef99c35cb5a86b384af3c18a604861e	k__Fungi;p__Ascomycota;c__Lecanoromycetes;o__Lecanorales;f__Stereocaulaceae;g__Lepraria;s__Lepraria_finkii	1.0
0f1fb483a69374eb0c8673940fd3a435	Unassigned	1.0
0f316ef2d5d975968d4bbc34689ecb57	Unassigned	1.0
0f412288c65b29e85e6c35f9d414ff6f	Unassigned	1.0
0f4c89b052146c0bd0d57c6863ab6522	Unassigned	1.0
0f55a08bc41922f185a0fd1694322925	Unassigned	1.0
0f64861bc01919de798fd22760deb934	Unassigned	1.0
0f6df23697bc58141ad88e239ddd608f	k__Fungi;p__Basidiomycota;c__Cystobasidiomycetes;o__Sakaguchiales;f__Sakaguchiaceae;g__Sakaguchia;s__Sakaguchia_lamellibrachiae;sh__SH0196338.09FU	1.0
0f918a84c9bd61cf9d9e65634ea2c13d	Unassigned	1.0
0f9aaf576e4f8de43c0fb9a1266321cb	Unassigned	1.0
0f9c3b672a6940c05c5d71c95529a99b	Unassigned	1.0
0fa02e877b1996e3cbdd1ca45b250de6	k__Fungi;p__Ascomycota;c__Dothideomycetes;o__Asterinales	0.571
0fc1fc5b8fc00d54ee8e5c10d485e2ff	k__Fungi;p__Fungi_phy_Incertae_sedis;c__Fungi_cls_Incertae_sedis;o__Fungi_ord_Incertae_sedis;f__Fungi_fam_Incertae_sedis;g__Fungi_gen_Incertae_sedis;s__Fungi_sp;sh__SH0140015.09FU	1.0
0fd3a32c74eed7227c774cd4eb58d9e8	k__Fungi;p__Ascomycota;c__Lecanoromycetes;o__Ostropales;f__Stictidaceae;g__Cryptodiscus;s__Cryptodiscus_sp	0.571
0fe485dfab426d90a64fb2ffae01d015	Unassigned	1.0
0fe4fd2d52faf664f3fd640b89a48748	Unassigned	1.0
0fe60cf6c81c052fae1047ac1065fe8c	k__Fungi;p__Basidiomycota;c__Microbotryomycetes;o__Sporidiobolales;f__Sporidiobolaceae;g__Sporobolomyces	1.0
10146f505a3e03aff6ecba851a2cde88	k__Fungi;p__Ascomycota;c__Sordariomycetes;o__Hypocreales;f__Clavicipitaceae	1.0
1018b14c016433f9565b61fc6344b1c6	k__Fungi;p__Ascomycota;c__Eurotiomycetes;o__Chaetothyriales;f__Herpotrichiellaceae	0.7
101a37931e30207ddc468908d6d94c87	Unassigned	1.0
10217c404555912b057ba814234885c6	k__Fungi;p__Ascomycota;c__Dothideomycetes;o__Pleosporales	1.0
1024102f7a56a11e002f6cdccc142791	Unassigned	1.0
103a8880a47641997672a0af9600d173	Unassigned	1.0
103ef289893118d98e1bfcaf22f53259	k__Fungi;p__Ascomycota;c__Sordariomycetes;o__Hypocreales;f__Nectriaceae	1.0
10589c8f658997f8271a4fc32e2ab724	k__Fungi;p__Ascomycota;c__Eurotiomycetes;o__Chaetothyriales;f__Herpotrichiellaceae	0.571
1062c6d9b38a971cf4d0c0413de2d472	Unassigned	1.0
1073d1002a14597dbb53f096463883d1	Unassigned	1.0
107b969ccf124ca6479ed5d0477140f8	Unassigned	1.0
108d1546072fd2d5fec1c6887cfb4049	k__Fungi;p__Ascomycota;c__Sordariomycetes;o__Xylariales;f__Xylariaceae;g__Virgaria	0.6
10ab6c3599eceec1d350ca97042c367d	Unassigned	1.0
110478c63a8c96c8493ceb647a1316c2	k__Fungi;p__Ascomycota;c__Dothideomycetes;o__Capnodiales;f__Capnodiales_fam_Incertae_sedis;g__Pseudoramichloridium;s__Pseudoramichloridium_henryi;sh__SH0056779.09FU	1.0
111079306c936889cabb297225e8eb67	Unassigned	1.0
1111e4cc187e083a27f0e2120259c2bf	k__Fungi;p__Ascomycota;c__Lecanoromycetes;o__Ostropales;f__Ostropales_fam_Incertae_sedis;g__Ostropales_gen_Incertae_sedis;s__Ostropales_sp;sh__SH0231824.09FU	1.0
1116928d1a68cf124eb6250767f85eba	k__Fungi;p__Basidiomycota;c__Agaricomycetes;o__Agaricales;f__Stephanosporaceae	1.0
1127b9e697fa1944a2ff040350d75b04	k__Fungi;p__Basidiomycota;c__Agaricomycetes;o__Agaricales;f__Typhulaceae;g__Typhula;s__Typhula_sp;sh__SH0221614.09FU	1.0
11340bc72adf06f2ebb8a6349ffb644e	k__Fungi;p__Ascomycota;c__Sordariomycetes;o__Hypocreales;f__Nectriaceae	0.9
113f7d17e7d8cb787c42e25572d41190	k__Fungi;p__Ascomycota;c__Eurotiomycetes;o__Chaetothyriales	1.0
1140651fec05f9341563738e4578d3f1	k__Fungi;p__Ascomycota;c__Leotiomycetes;o__Helotiales;f__Hyaloscyphaceae	0.6
118c3823b83933a1fa8e0b4757306ecd	Unassigned	1.0
1191b1f8fbaae8949ec4bcf080a64dc2	Unassigned	1.0
1199a22a12396fb0f4a0acfcaae88e0c	Unassigned	1.0
11b0c21bba742320d9ac7e9be822e832	k__Fungi;p__Ascomycota;c__Ascomycota_cls_Incertae_sedis;o__Ascomycota_ord_Incertae_sedis;f__Ascomycota_fam_Incertae_sedis;g__Ascomycota_gen_Incertae_sedis;s__Ascomycota_sp	0.875
11ba96cb93801cbbc2f0c03325c81a95	Unassigned	1.0
11c3bd0978266078f3869ecbf05bd252	k__Fungi;p__Basidiomycota;c__Microbotryomycetes;o__Sporidiobolales;f__Sporidiobolaceae	1.0
11db17a8a8c587c09a8735666d06b536	Unassigned	1.0
11f6d5243f1dbc298d7fd3b65f58babb	k__Fungi;p__Ascomycota;c__Eurotiomycetes;o__Eurotiales;f__Aspergillaceae;g__Aspergillus	0.8
1203d5a3211ff799e0e88953861beca6	Unassigned	1.0
12329d790e28febfc16ba56ac3bc6e53	Unassigned	1.0
124596935c989c9f08d9bfad87cffcca	Unassigned	1.0
124b635bdd8bbc30a96f4d15d8fdf4d0	k__Fungi;p__Basidiomycota	1.0
12517effa7e030d11c5fa2ea4c959185	Unassigned	1.0
125411615ad39fb3b3310789c418e39e	k__Fungi;p__Basidiomycota;c__Cystobasidiomycetes	1.0
1275b0bc9881386536673629e93161d0	Unassigned	1.0
129b286b063b8b08f44e25455b54642e	k__Fungi;p__Ascomycota;c__Dothideomycetes;o__Mycosphaerellales;f__Mycosphaerellaceae;g__Pseudocercospora	0.9
12c3c7f035fb2dad57a37d5cfe99642e	k__Fungi;p__Basidiomycota;c__Agaricomycetes;o__Agaricales;f__Strophariaceae;g__Galerina	0.818
12c98b6d8d4e5304531b39850ff24052	Unassigned	1.0
12f24026787e04e3e6556ed50b3f66c2	k__Fungi;p__Ascomycota;c__Eurotiomycetes;o__Chaetothyriales;f__Herpotrichiellaceae;g__Cladophialophora;s__Cladophialophora_sp;sh__SH0133210.09FU	1.0
12f53b33d1ad77ca556ee07bd0904f8f	Unassigned	1.0
1306b4d216f09cf63e7e798c8a4f3ab2	k__Fungi;p__Ascomycota;c__Sordariomycetes;o__Xylariales;f__Xylariaceae;g__Anthostomella;s__Anthostomella_sp	0.8
1307c7688ece0c37b7294b680cb869dd	k__Fungi;p__Ascomycota;c__Sordariomycetes	1.0
1323db67ec9c0355fc55b510551c6846	Unassigned	1.0
135984d09f1fd65a4a120e2d0ab30bd2	Unassigned	1.0
137b508b469e5399a0bdd357ca993c41	k__Fungi;p__Ascomycota;c__Lecanoromycetes;o__Ostropales;f__Stictidaceae	1.0
13a475dc54aba23d1e32ade7ecd147df	Unassigned	1.0
13b02382c13aba8cc816bcbc64a9f1b5	k__Fungi;p__Ascomycota;c__Dothideomycetes;o__Myriangiales;f__Myriangiaceae;g__Myriangiaceae_gen_Incertae_sedis;s__Myriangiaceae_sp;sh__SH0060666.09FU	1.0
13bd82b6d1dc61acf09d34b871ff92eb	Unassigned	1.0
13c402aac2acd9e283b931fb4abaaf29	Unassigned	1.0
13cb8df77c61657963677ad9a25df96e	k__Fungi;p__Ascomycota;c__Sordariomycetes;o__Hypocreales	1.0
13e7b8a06495a2a02960d987f52945c4	k__Fungi;p__Ascomycota;c__Dothideomycetes;o__Dothideales;f__Saccotheciaceae;g__Aureobasidium	0.7
13f8ea3b2ca4e574e83630fbef9eb8a0	k__Fungi;p__Ascomycota;c__Dothideomycetes	1.0
140698a61f0c214faf6aa0186b802141	Unassigned	1.0
1414776b8c5f1b21f58b21298134cf5b	Unassigned	1.0
142ea32401edb46a69ba0fb18aae6200	k__Fungi;p__Fungi_phy_Incertae_sedis;c__Fungi_cls_Incertae_sedis;o__Fungi_ord_Incertae_sedis;f__Fungi_fam_Incertae_sedis;g__Fungi_gen_Incertae_sedis;s__Fungi_sp;sh__SH0125523.09FU	1.0
144372acc76686bd15495713a6915b04	Unassigned	1.0
14450651dcacf8b270cebd91f4966321	Unassigned	1.0
147605ac92290625ce60c0e15e35adf5	Unassigned	1.0
14849075a0500ef77a234f07029542c8	Unassigned	1.0
149df7a4e891b979b23833f426f840fe	k__Fungi;p__Ascomycota;c__Dothideomycetes;o__Mycosphaerellales;f__Teratosphaeriaceae	0.6
14c9a7eab24c1136679f3d39b2e74b92	k__Fungi;p__Ascomycota;c__Leotiomycetes;o__Helotiales	0.8
14d1de40c9af7b8a02d1cb55623a02e4	k__Fungi;p__Ascomycota;c__Dothideomycetes;o__Pleosporales;f__Cucurbitariaceae;g__Pyrenochaeta;s__Pyrenochaeta_sp;sh__SH0025203.09FU	1.0
14eeed70905d9c14dea3e37fb40c1afa	Unassigned	1.0
14f096c025da6b7dcd323a5d01b32e75	Unassigned	1.0
14f2443ad02f6c763fc761abea7bc052	Unassigned	1.0
150531e7a22d18062fc8710f008ddbb9	k__Fungi;p__Ascomycota;c__Sordariomycetes;o__Hypocreales	0.9
150695884b915d9c9840481a93225b3f	Unassigned	1.0
1506d8d2e94cb3b3b0502c72f0cd4aaa	Unassigned	1.0
1527d7b96e143b682098794c9a3f6744	Unassigned	1.0
152fa747e11bb153b78d8ecb76315d46	Unassigned	1.0
15394f07f35f28542cd29551494d11e0	k__Fungi;p__Basidiomycota;c__Agaricomycetes	1.0
153c6d7629ab0f66fc3e466956b9f517	k__Fungi;p__Ascomycota;c__Dothideomycetes;o__Mycosphaerellales;f__Mycosphaerellaceae	0.8
155614fc917eaba5e435fd4e5ca81a9e	k__Fungi;p__Basidiomycota	1.0
15738972678f59aac0f31603f0f742fc	Unassigned	1.0
157b665777504de5691429066abab6b4	Unassigned	1.0
158924bf92401cdde21fb391c14dd7a6	Unassigned	1.0
15a6b87a78b68d8ab6628812a2969c50	k__Fungi;p__Ascomycota;c__Dothideomycetes;o__Strigulales;f__Strigulaceae;g__Strigula;s__Strigula_univelbiserialis;sh__SH0055344.09FU	1.0
15abdc9234c3018b5932b75f28dfbc2c	Unassigned	1.0
15d0688d59e425ce5ff5b1eca0d09741	k__Fungi;p__Ascomycota;c__Leotiomycetes;o__Helotiales;f__Helotiales_fam_Incertae_sedis;g__Helotiales_gen_Incertae_sedis;s__Helotiales_sp;sh__SH0024634.09FU	1.0
15d83c12edc6995a9b290c449bee0076	Unassigned	1.0
15fe3d1eb784e8dfd09b3591299c0e47	Unassigned	1.0
16070a9f8cacb9e31b05eb78878b7c48	Unassigned	1.0
1620aff1cb6ee83162b68abd9de557f1	Unassigned	1.0
1630894877f5a9bd8769db25deaf155b	Unassigned	1.0
16a3180f876939b540dc032e78860b90	Unassigned	1.0
16ae4ca09b8ef62bfab44b8cefd9622b	Unassigned	1.0
16b731d806810ab39466688bef0b1213	k__Fungi;p__Ascomycota;c__Sordariomycetes;o__Sordariales;f__Sordariales_fam_Incertae_sedis	0.8
16e1f55f2ef29677142531b2147f3558	k__Fungi;p__Ascomycota;c__Sordariomycetes;o__Glomerellales;f__Plectosphaerellaceae	1.0
16e5656a179e64a63637698313634bab	k__Fungi;p__Basidiomycota;c__Cystobasidiomycetes;o__Sakaguchiales;f__Sakaguchiaceae;g__Sakaguchia;s__Sakaguchia_lamellibrachiae;sh__SH0196338.09FU	1.0
16e8045bdabfe76e6296ff4bbd2b1df1	Unassigned	1.0
16ee8321fe741650c55eca33cecb3d1a	k__Fungi;p__Ascomycota;c__Sordariomycetes;o__Hypocreales	0.9
1729ef24dc2edf0da5063da5178711c4	k__Fungi;p__Basidiomycota;c__Agaricomycetes;o__Agaricales;f__Typhulaceae;g__Typhula	1.0
172cad5d74484862d4af6bbd9d0aca83	Unassigned	1.0
17446fd0571874806b671947893cca21	Unassigned	1.0
1768437a8ffb5ca575c23e790eebad4c	Unassigned	1.0
17864a4f944e418e449b9b9258877e2a	Unassigned	1.0
17b1486228446aa08ce0d8c35bb0e403	Unassigned	1.0
17b1796a89099f815f770a66fed85825	Unassigned	1.0
17bc34d8bb8b565308c7f5f4d11a77cb	Unassigned	1.0
17c929ec64bfe11114d6406f3c21131f	k__Fungi;p__Basidiomycota;c__Tremellomycetes;o__Filobasidiales;f__Piskurozymaceae;g__Solicoccozyma	0.8
17e6fa76c6fc69f2a651301273398cc3	k__Fungi;p__Ascomycota;c__Sordariomycetes;o__Hypocreales;f__Hypocreales_fam_Incertae_sedis;g__Acremonium	0.8
17f016c1e758df984fb13b70fc147600	Unassigned	1.0
17f03f6b7ef90b6725829cbcebab7c6e	k__Fungi;p__Ascomycota;c__Sordariomycetes;o__Hypocreales;f__Hypocreales_fam_Incertae_sedis;g__Hypocreales_gen_Incertae_sedis;s__Hypocreales_sp	1.0
1808045dd2078222ed2caceba3133687	Unassigned	1.0
180bd66ad32c626252a02237409a2920	k__Fungi;p__Ascomycota;c__Leotiomycetes;o__Helotiales	1.0
18292f14ff34b209de306975b8a63d70	Unassigned	1.0
183f27c73f0acd574885ebf3a06a06fb	k__Fungi;p__Ascomycota;c__Eurotiomycetes;o__Chaetothyriales;f__Herpotrichiellaceae	0.556
184106a78d8f11bc6118902891ff7d27	k__Fungi;p__Ascomycota;c__Sordariomycetes;o__Glomerellales;f__Glomerellaceae;g__Colletotrichum	0.9
184bbbee7a22ef73b8be7a9a7654fa21	Unassigned	1.0
18657311fcf42fd69270e5132968d5f4	Unassigned	1.0
1894b75939a39dc3af0fe142e17b63cb	Unassigned	1.0
18d103dc754034ed778c640f32a61995	k__Fungi;p__Basidiomycota;c__Basidiomycota_cls_Incertae_sedis;o__Basidiomycota_ord_Incertae_sedis;f__Basidiomycota_fam_Incertae_sedis;g__Basidiomycota_gen_Incertae_sedis;s__Basidiomycota_sp	0.6
18d8c9cb0d6c52dc91386ab4833ecfc8	Unassigned	1.0
18ff73ebcefccf23c35904406bcf790e	Unassigned	1.0
191c339636f2891586322117a6c62ee2	Unassigned	1.0
19374a247ecd02913f0c8855ba8cf3bc	Unassigned	1.0
193d6d612ff6f1c01771c2c856a90ee2	Unassigned	1.0
193f03d44ab8869a29acc049f7efc96f	Unassigned	1.0
1944e79d320726b7a77a6d2284048a6b	k__Fungi;p__Ascomycota;c__Sordariomycetes;o__Xylariales;f__Xylariaceae	0.9
19465b4c0d34547a65a227c36e8fe61d	Unassigned	1.0
19565d22f535012fb6368f6ea0943e3c	Unassigned	1.0
195b42b1f3f3a380139baa32c7d71158	Unassigned	1.0
195bdd4efafc35f98ea781654fd259a6	k__Fungi;p__Ascomycota;c__Lecanoromycetes	1.0
1978ef68f71103ee90a4417dd2d5d46c	Unassigned	1.0
19851664a6f6266adf31a1444ec8b657	k__Fungi;p__Ascomycota;c__Sordariomycetes;o__Hypocreales;f__Nectriaceae	0.6
19a82e991d04ce8e69607d48c9913a76	Unassigned	1.0
19b9eeae47b7a1501ba742adf77b1cf1	Unassigned	1.0
19d1c126d527ba199bda8f1a9fdc91df	k__Fungi;p__Ascomycota;c__Sordariomycetes;o__Cordanales;f__Cordanaceae;g__Cordana	0.75
19dcc1f4fea71104a05702e8a8ee419e	k__Fungi;p__Ascomycota;c__Orbiliomycetes;o__Orbiliales;f__Orbiliaceae;g__Hyalorbilia;s__Hyalorbilia_sp	1.0
19f68efb17e58f467a405c6c170eace3	k__Fungi;p__Basidiomycota;c__Agaricomycetes;o__Sebacinales;f__Serendipitaceae;g__Serendipita;s__Serendipita_sp	0.6
19fcdb6ba1d4eab25df80047daf71e9a	k__Fungi;p__Basidiomycota;c__Microbotryomycetes;o__Microbotryomycetes_ord_Incertae_sedis;f__Chrysozymaceae;g__Yurkovia	1.0
1a0175527b45a8661ef2837925092507	Unassigned	1.0
1a01b05aff2041318b130ce53cb9a354	k__Fungi;p__Basidiomycota;c__Agaricomycetes;o__Tremellodendropsidales;f__Tremellodendropsidales_fam_Incertae_sedis;g__Tremellodendropsidales_gen_Incertae_sedis;s__Tremellodendropsidales_sp	0.9
1a042f9efac0ce1045d2c6e6c97feda5	Unassigned	1.0
1a0607136ef1ca4b825bf7db7c5beeb2	k__Fungi;p__Basidiomycota;c__Agaricomycetes;o__Trechisporales;f__Trechisporales_fam_Incertae_sedis;g__Trechisporales_gen_Incertae_sedis;s__Trechisporales_sp	1.0
1a2f70f7fa35bac885d5b09642080d4f	Unassigned	1.0
1a3437cae8f5a3a2226b09027d09fd5a	Unassigned	1.0
1a370566b39e638b2da71250d846846a	k__Fungi;p__Basidiomycota;c__Atractiellomycetes;o__Atractiellales;f__Atractiellales_fam_Incertae_sedis;g__Atractiellales_gen_Incertae_sedis;s__Atractiellales_sp;sh__SH0018779.09FU	1.0
1a3d01eb35e357393b3319ebfe879624	k__Fungi;p__Ascomycota;c__Eurotiomycetes;o__Chaetothyriales;f__Herpotrichiellaceae	1.0
1a4d2a6da8c488d3f4ce1f783243f2f9	Unassigned	1.0
1a7c50e0204ec58cae110165855a17a3	Unassigned	1.0
1a885bbb2c3cfe0fe73a664f3bccdc42	Unassigned	1.0
1a95c6c7d30593d9b37409f2d3a92f82	Unassigned	1.0
1aa18f0617b7abb0ca6bd8f095cfb8da	k__Fungi;p__Basidiomycota;c__Tremellomycetes;o__Filobasidiales;f__Piskurozymaceae;g__Piskurozyma;s__Piskurozyma_sp	0.6
1aa45e5ec0cb2d3a862bb7814d3e70f0	k__Fungi;p__Basidiomycota;c__Agaricomycetes;o__Sebacinales;f__Sebacinaceae;g__Sebacina;s__Sebacina_sp	1.0
1aa5ace0e7af83c797ea3fdbe3825db2	Unassigned	1.0
1ab6334fbb7ee6157447a35a6f44ac17	k__Fungi;p__Ascomycota;c__Sordariomycetes;o__Hypocreales;f__Bionectriaceae	0.571
1abd5b92b58f0c0b1b41aa8f3dd36dfe	Unassigned	1.0
1ac5ce8fc5a0c0b62b27174553d843aa	k__Fungi;p__Ascomycota;c__Dothideomycetes;o__Tubeufiales;f__Tubeufiaceae	0.6
1ad0304afe7c45541a19d7707e0940e6	Unassigned	1.0
1ad51b6a9dd0511d7b2be9a304b56072	Unassigned	1.0
1aeeb36b3ce04eeef149ff9ecd940c19	k__Fungi;p__Basidiomycota;c__Agaricomycetes;o__Cantharellales;f__Cantharellales_fam_Incertae_sedis;g__Cantharellales_gen_Incertae_sedis;s__Cantharellales_sp	1.0
1b0493e1578c01ca433e5bf31d4b4dfc	k__Fungi;p__Ascomycota;c__Sordariomycetes;o__Sordariomycetes_ord_Incertae_sedis;f__Sordariomycetes_fam_Incertae_sedis;g__Rhamphoria;s__Rhamphoria_sp	0.75
1b3eb48f4e7d604c97dbc8f7b9416dde	k__Fungi;p__Ascomycota;c__Sordariomycetes;o__Glomerellales;f__Glomerellaceae;g__Colletotrichum	1.0
1b4fab7b09784b2bd6504215b20f9008	k__Fungi;p__Basidiomycota;c__Tremellomycetes;o__Tremellales;f__Bulleribasidiaceae;g__Vishniacozyma;s__Vishniacozyma_insularis;sh__SH0056965.09FU	1.0
1b5166705acc92e99357a18bac55658a	Unassigned	1.0
1b8a77ececc1a2be1afeb930efe8de30	Unassigned	1.0
1b9748e78b6eb1812ecd2e16be11613c	k__Fungi;p__Ascomycota;c__Dothideomycetes;o__Venturiales;f__Venturiaceae;g__Cylindrosympodioides;s__Cylindrosympodioides_sp	0.8
1ba1ec5f9b145ba21457e06d4d87f1a7	k__Fungi;p__Ascomycota;c__Dothideomycetes;o__Mycosphaerellales;f__Mycosphaerellaceae	0.8
1ba8eaaf4d5bf3b7b7f4abd65df3c1a1	k__Fungi;p__Ascomycota;c__Orbiliomycetes;o__Orbiliales;f__Orbiliales_fam_Incertae_sedis;g__Orbiliales_gen_Incertae_sedis;s__Orbiliales_sp	0.9
1ba9291d9d9a5ba5d316e9a413714191	Unassigned	1.0
1bbe816560f364986f925704b96ce1d9	Unassigned	1.0
1bcc533a41673caf08973146ef6fcf36	Unassigned	1.0
1bde45200a8291320fa92696bf0408b6	Unassigned	1.0
1bfaec2cf4e232ffefc75a7b71949f72	Unassigned	1.0
1bfaf29561b46c93bd3315ce04dcfd9a	k__Fungi;p__Ascomycota;c__Sordariomycetes;o__Hypocreales;f__Nectriaceae	1.0
1c16d3cd3f5b281e0a0b2aadf33c71e0	Unassigned	1.0
1c1962fcad5ad05a87c2af89841cab39	k__Fungi;p__Ascomycota	1.0
1c1c268026f4c03b039051dbc44054ae	Unassigned	1.0
1c1c30a90d05543d34b36fe6bd134d56	Unassigned	1.0
1c2c94f27615cb256c155e3ce9841d2b	k__Fungi;p__Ascomycota;c__Sordariomycetes;o__Hypocreales	1.0
1c6712ed078a94fb880e38edff3856be	Unassigned	1.0
1c696d63cefb2e9b4aafa5ed1b9e68a4	Unassigned	1.0
1c9cbefc808cb0fcb4d1e9fa08bf976d	Unassigned	1.0
1ca3ed761a5e10f2416446490e058eca	Unassigned	1.0
1cee071268f8884415db9156a8a535df	Unassigned	1.0
1d26e9a9c9eb7c39c816899ab2e415f5	k__Fungi;p__Ascomycota;c__Dothideomycetes;o__Dothideomycetes_ord_Incertae_sedis;f__Dothideomycetes_fam_Incertae_sedis;g__Dothideomycetes_gen_Incertae_sedis;s__Dothideomycetes_sp;sh__SH0024292.09FU	1.0
1d2af22897df97587752ec3b67f3aee9	Unassigned	1.0
1d88719eca408e85e94c98f923834a05	k__Fungi;p__Ascomycota;c__Sordariomycetes;o__Xylariales	0.7
1dd152bfc29d22edd5096c0eb188e08b	k__Fungi;p__Ascomycota;c__Sordariomycetes;o__Distoseptisporales;f__Distoseptisporaceae;g__Distoseptispora	0.9
1dd2a2b853e925187248d57c6a064e21	k__Fungi;p__Ascomycota;c__Sordariomycetes;o__Hypocreales;f__Nectriaceae;g__Nectria	0.6
1dd606477fb32a20690bf9a959d96af6	Unassigned	1.0
1dd9a60385b7abf990303e09ba034ab7	k__Fungi;p__Ascomycota;c__Eurotiomycetes;o__Chaetothyriales;f__Herpotrichiellaceae;g__Exophiala;s__Exophiala_sp	0.6
1e24034cbbbf0feb5d7c19a268ba0824	k__Fungi;p__Ascomycota;c__Sordariomycetes;o__Hypocreales;f__Cordycipitaceae;g__Simplicillium	0.875
1e35951a9f2cdd65b2de0d11cdfa4040	k__Fungi;p__Ascomycota;c__Dothideomycetes;o__Pleosporales	0.9
1e589bea9e15b18e1a3cfa954149800b	k__Fungi;p__Ascomycota;c__Sordariomycetes;o__Xylariales;f__Xylariales_fam_Incertae_sedis;g__Subulispora	0.6
1e6ebc5764fe366d4541ac0ae589293f	Unassigned	1.0
1e6edacce246633726bf3be534e78b60	Unassigned	1.0
1e77d202d40820d001740eecab8efc1c	k__Fungi;p__Ascomycota;c__Dothideomycetes;o__Mycosphaerellales;f__Teratosphaeriaceae	0.9
1ea6619b74bab535c88ccc9dcf9e1b4e	k__Fungi;p__Ascomycota;c__Sordariomycetes;o__Hypocreales;f__Cordycipitaceae	0.9
1ed9bca08757a23c2a86c0f66c767882	Unassigned	1.0
1eda46e51383b9f7e9fb87bd2161bd0a	Unassigned	1.0
1ee1895fb8f3ddd8b98568efd2f2c4f2	Unassigned	1.0
1ee75a72bf49a39be11f38848eabcfeb	Unassigned	1.0
1ef3b8760fe44ec32879b809138817bf	k__Fungi;p__Ascomycota;c__Sordariomycetes;o__Hypocreales;f__Stachybotryaceae	0.6
1ef930cf8178b28aa23185cb983b8f66	k__Fungi;p__Ascomycota;c__Sordariomycetes;o__Hypocreales;f__Stachybotryaceae	0.833
1f09c4508a6fa6a06d6cd9e1715e2a45	k__Fungi;p__Ascomycota;c__Dothideomycetes;o__Pleosporales;f__Roussoellaceae	0.7
1f2cacf29c47faf66445803a6b9e2f13	Unassigned	1.0
1f489dc063202e8438cf3834f121f517	Unassigned	1.0
1f50a1600ebfcd423af07d040583e6c1	Unassigned	1.0
1f60bb948252d5c42534cc8018b2e250	k__Fungi;p__Ascomycota;c__Dothideomycetes;o__Capnodiales;f__Neodevriesiaceae;g__Neodevriesia	0.667
1f61531c0b5dc83adfc78686819683be	Unassigned	1.0
1f951394a5efac885f0dee53bebfd914	k__Fungi;p__Ascomycota;c__Leotiomycetes	1.0
1f9c113a7a8f33f7a00de6d8dc6a79cb	Unassigned	1.0
200bcc41c4531ea880acf575fac0af59	k__Fungi;p__Ascomycota;c__Eurotiomycetes;o__Chaetothyriales;f__Herpotrichiellaceae;g__Herpotrichiellaceae_gen_Incertae_sedis;s__Herpotrichiellaceae_sp	0.7
2039a1d0708b1d3f5b1e51f18f0b248c	Unassigned	1.0
205c2e34ccf0887f330a3ddb9ab93a6d	k__Fungi;p__Ascomycota;c__Leotiomycetes;o__Helotiales	0.8
207fcff2aa30fc580e171f995663ac19	k__Fungi;p__Ascomycota;c__Sordariomycetes;o__Hypocreales;f__Hypocreaceae;g__Hypomyces;s__Hypomyces_semitranslucens;sh__SH0215891.09FU	1.0
209cf6d744a89d341f5fefecb368fd33	k__Fungi;p__Ascomycota;c__Eurotiomycetes;o__Chaetothyriales;f__Herpotrichiellaceae;g__Phialophora;s__Phialophora_japonica;sh__SH0241937.09FU	1.0
20a655710f6725b57ee0b6cdb3f946f2	Unassigned	1.0
20ab7a0ea0ac693ae80de527029039ab	k__Fungi;p__Ascomycota;c__Leotiomycetes;o__Helotiales	0.8
20ac7868f6b0180ec3fbfc67b90b26b9	Unassigned	1.0
20b91c1796badcebe9eb8d5a8ad68ffa	Unassigned	1.0
20c130b8e1f990a5b3ae4a9a59bb96bb	k__Fungi;p__Ascomycota;c__Sordariomycetes;o__Glomerellales;f__Reticulascaceae;g__Reticulascaceae_gen_Incertae_sedis;s__Reticulascaceae_sp	0.857
2103ae6bc5e67219bac59d95c55f6fb3	k__Fungi;p__Fungi_phy_Incertae_sedis;c__Fungi_cls_Incertae_sedis;o__Fungi_ord_Incertae_sedis;f__Fungi_fam_Incertae_sedis;g__Fungi_gen_Incertae_sedis;s__Fungi_sp;sh__SH0072103.09FU	1.0
211bb9ba8e02d976b0cebee568991f4a	Unassigned	1.0
21284078b8bc6af0994e339e1233b59e	Unassigned	1.0
212afd9f0567396814bc7e207d135106	k__Fungi;p__Ascomycota;c__Leotiomycetes;o__Helotiales;f__Helotiales_fam_Incertae_sedis;g__Helotiales_gen_Incertae_sedis;s__Helotiales_sp	1.0
2147cc556bf7f5c2ef8e1de46c02bcc5	Unassigned	1.0
215cb7b333b0fdb247b52aeea1f3bf5c	k__Fungi;p__Ascomycota;c__Dothideomycetes;o__Pleosporales;f__Didymellaceae	1.0
216c907bb808fc56517cfb4df46e525d	k__Fungi;p__Ascomycota;c__Dothideomycetes;o__Pleosporales;f__Tetraplosphaeriaceae;g__Tetraploa	1.0
2172513949db6c8e36e2089cbb7e7442	Unassigned	1.0
217a0184f38fafa2ba3a50c5d6f73f1b	k__Fungi;p__Ascomycota;c__Sordariomycetes;o__Diaporthales;f__Diaporthaceae;g__Diaporthe	0.6
219c3ba09fa9aa73f760e1942ec036fc	Unassigned	1.0
21a4af4289ced8a979b8ce29590876e0	Unassigned	1.0
21bf50e82ad9a2370d7425757218da01	k__Fungi;p__Ascomycota;c__Dothideomycetes;o__Mycosphaerellales;f__Teratosphaeriaceae;g__Teratosphaeria;s__Teratosphaeria_majorizuluensis;sh__SH0056198.09FU	1.0
21e0049ec6fd34c03288dc33c8b8949c	k__Fungi;p__Ascomycota;c__Dothideomycetes;o__Mycosphaerellales;f__Mycosphaerellaceae	1.0
2214ec7862a230a2593a887ea73fc230	Unassigned	1.0
221d636d9b34fde767d2309ab7fabcdf	Unassigned	1.0
221f2bab12c665ffddaac8f6319da2ea	k__Fungi;p__Ascomycota;c__Leotiomycetes;o__Helotiales;f__Helotiales_fam_Incertae_sedis;g__Chalara	0.6
2229ba85b5af2eb67a7c7a6c97a340fc	k__Fungi;p__Ascomycota;c__Leotiomycetes;o__Helotiales	0.9
225431098d8ec4dc095743a2229c8491	k__Fungi;p__Ascomycota;c__Sordariomycetes;o__Myrmecridiales;f__Myrmecridiaceae	0.714
225575bb37da5ee67f667fe9bdc406bb	Unassigned	1.0
225fbd2604818ebb79ae4680d20f8beb	k__Fungi;p__Ascomycota;c__Leotiomycetes;o__Helotiales	1.0
226973072000842d5cc9700a02a63c86	Unassigned	1.0
2269fce70fce3930bd041f177bd74f1d	Unassigned	1.0
228570d877aa2c3b88eccb67ca87539f	k__Fungi;p__Ascomycota;c__Sordariomycetes;o__Hypocreales;f__Cordycipitaceae	1.0
229d6caba86b8c75f3bf07867439d597	k__Fungi;p__Ascomycota;c__Dothideomycetes	0.7
22b182e79f305408e71cf3ea9e2e3991	k__Fungi;p__Ascomycota;c__Dothideomycetes;o__Capnodiales;f__Capnodiales_fam_Incertae_sedis;g__Capnodiales_gen_Incertae_sedis;s__Capnodiales_sp	0.667
22e3a003f2dc4ed5b1bdd476f1132cc5	k__Fungi;p__Ascomycota;c__Dothideomycetes;o__Capnodiales;f__Cladosporiaceae;g__Cladosporium	0.667
230422609d3043dfe994ad86592f43cb	Unassigned	1.0
23169502499dd4c664c00d80fd32140e	Unassigned	1.0
231ccafeb6e34bc0a6ada18ae062d2f8	k__Fungi;p__Basidiomycota;c__Agaricomycetes;o__Agaricales;f__Tricholomataceae;g__Hemimycena;s__Hemimycena_sp	0.857
232262cb737706de169771eda4ae4317	k__Fungi;p__Basidiomycota;c__Tremellomycetes;o__Filobasidiales;f__Filobasidiaceae;g__Filobasidium;s__Filobasidium_mucilaginum;sh__SH0004607.09FU	1.0
23266e9cd7daca89e2db2707efbd0b07	k__Fungi;p__Ascomycota;c__Lecanoromycetes;o__Caliciales;f__Physciaceae;g__Heterodermia	1.0
2348d6088d9b33103115fd9ca87eb6d2	k__Fungi;p__Ascomycota;c__Dothideomycetes;o__Mycosphaerellales;f__Teratosphaeriaceae	0.9
2349a3ac00693a8cb5e7c7bbac86ca00	k__Fungi;p__Ascomycota;c__Sordariomycetes;o__Xylariales;f__Sporocadaceae;g__Seiridium	0.6
2366f25272b5f7bc6759a4fd18618c24	Unassigned	1.0
237b4d53113784647d184890d62f0099	k__Fungi;p__Ascomycota;c__Sordariomycetes;o__Hypocreales;f__Hypocreales_fam_Incertae_sedis;g__Hypocreales_gen_Incertae_sedis;s__Hypocreales_sp	1.0
23a4b1e4eaae9a506d1c9960fb9376ee	Unassigned	1.0
23a755f9cfb5cd69f6852b1c6f3502fd	Unassigned	1.0
23a8a1e0dc2e94204ba3ab4bd92a7714	Unassigned	1.0
23ce1dadd70fa53a1c86cc873864059a	Unassigned	1.0
240ff19249d7d516b6d130cd3d8e8165	Unassigned	1.0
24173912452d0c15369ffbef17da0101	k__Fungi;p__Basidiomycota;c__Tremellomycetes;o__Filobasidiales;f__Filobasidiaceae;g__Heterocephalacria;s__Heterocephalacria_sp	0.7
2424cf7f8d8424d2a9de859a119d11e5	Unassigned	1.0
2425fef1af3620472a2aaac39a121763	k__Fungi;p__Ascomycota;c__Sordariomycetes;o__Hypocreales;f__Nectriaceae	0.8
245256722f531b980b88eddb675553a6	Unassigned	1.0
24620d267c29a2d989c843ec2c4b961a	Unassigned	1.0
246ca20e3c76a79c75d7ab6e695e2790	Unassigned	1.0
2472925372864e53455c850e81305e55	k__Fungi;p__Ascomycota;c__Dothideomycetes;o__Mycosphaerellales;f__Mycosphaerellaceae;g__Zasmidium	0.7
247e2d0475fc5c65eacecc2cbb3c3129	Unassigned	1.0
248358987bca47a374483fa641ad47f9	Unassigned	1.0
24bd1f18395f1d6ae6c524392a5155ef	Unassigned	1.0
24bf7c44647353e112e2f346679af1dc	Unassigned	1.0
24d2c7d4e080ccc5995950a74a5398c1	Unassigned	1.0
24d352702e433fb6136cd845ac857341	Unassigned	1.0
24e74d80a14c45a5cf5d90ec5a781cc7	k__Fungi;p__Ascomycota;c__Sordariomycetes;o__Hypocreales;f__Nectriaceae;g__Fusarium	0.6
24e76ce074d0fff3fa087c5b2ed36bf5	Unassigned	1.0
24e92cafe2a1b405a7308d0b39a1bb0e	Unassigned	1.0
2502b7f068fd10d9d898133257631902	k__Fungi;p__Basidiomycota;c__Cystobasidiomycetes	1.0
250a4b05f67009547fe3ca222593c248	Unassigned	1.0
2517e70204c6ed290aecf28459ea3dbd	k__Fungi;p__Ascomycota;c__Eurotiomycetes;o__Chaetothyriales	1.0
2538f429702d369e4ef5d104f3031d56	Unassigned	1.0
2541373f79dbdb58a5fd0c3639633e41	Unassigned	1.0
254befc928fcceac4fb7e6a2b50c99ad	Unassigned	1.0
2559c5a5f4e0e7b35d798a7aad51c6f3	Unassigned	1.0
2576ca46a2646d86b873436b207a1d1b	Unassigned	1.0
2586c23192875f7d91128bc03369cb79	Unassigned	1.0
2588c0e92c3bd8099369999c182d4811	Unassigned	1.0
25977964434e33fd45eb27238908e261	k__Fungi;p__Ascomycota;c__Ascomycota_cls_Incertae_sedis;o__Ascomycota_ord_Incertae_sedis;f__Ascomycota_fam_Incertae_sedis;g__Ascomycota_gen_Incertae_sedis;s__Ascomycota_sp;sh__SH0119517.09FU	1.0
25caa876c45bad35b85abd80c3f03825	Unassigned	1.0
262679eabfe3d4eb8ab10fbd61ee4734	Unassigned	1.0
262d1b8d081f69eae9bddd29cc4662f7	k__Fungi;p__Ascomycota;c__Dothideomycetes;o__Mycosphaerellales	1.0
262e80e5d9dea77d3d9969942d20e05e	Unassigned	1.0
2642cf235d5a3137b031538797c940d6	k__Fungi;p__Ascomycota;c__Eurotiomycetes;o__Chaetothyriales;f__Herpotrichiellaceae;g__Herpotrichiellaceae_gen_Incertae_sedis;s__Herpotrichiellaceae_sp	0.8
26571b0c26ae188b395fecdd89c1c5f4	k__Fungi;p__Ascomycota;c__Sordariomycetes;o__Hypocreales;f__Nectriaceae	0.556
26710ecfb746df5bcaaba6da4feb568e	k__Fungi;p__Ascomycota;c__Lecanoromycetes;o__Lecanorales;f__Ramalinaceae;g__Bacidina	0.7
268233683f3ec233651f788e19099a04	k__Fungi;p__Ascomycota;c__Dothideomycetes;o__Pleosporales;f__Didymosphaeriaceae;g__Didymosphaeriaceae_gen_Incertae_sedis;s__Didymosphaeriaceae_sp	0.667
268c5798bb76b189667b0f45cfba78de	Unassigned	1.0
268f7ddd093edf75dc8e2b8db0efd13d	k__Fungi;p__Basidiomycota;c__Cystobasidiomycetes	1.0
26b3f188256c90fc4d73ab44ce48e8bd	k__Fungi;p__Ascomycota;c__Dothideomycetes;o__Mycosphaerellales	0.75
26d1abf62976b882d0b0e7ced7ed0787	Unassigned	1.0
26db99a5038877e392ab310fadafc5bb	k__Fungi;p__Ascomycota;c__Ascomycota_cls_Incertae_sedis;o__Ascomycota_ord_Incertae_sedis;f__Ascomycota_fam_Incertae_sedis;g__Ascomycota_gen_Incertae_sedis;s__Ascomycota_sp	0.857
26e449aaf87a2ad7d51a6be95c4e9043	k__Fungi;p__Ascomycota;c__Dothideomycetes	0.833
26e8dc1eab158c242e9e4375bed481a6	k__Fungi;p__Basidiomycota;c__Cystobasidiomycetes	1.0
26ff1d659f3cec1693e70c9b23c4f411	Unassigned	1.0
27055c13e2787ed5d616a01546e90e6c	Unassigned	1.0
2706796151f6fc89bc7630a1cb14a576	Unassigned	1.0
2706efeae31a56c6241507d48bef9273	k__Fungi;p__Ascomycota;c__Leotiomycetes;o__Helotiales	1.0
271a702f2780cc2668af49996aca0858	k__Fungi;p__Ascomycota;c__Sordariomycetes;o__Glomerellales;f__Glomerellaceae;g__Colletotrichum	0.9
272efca5021566190cd35131e076c8e8	k__Fungi;p__Ascomycota;c__Eurotiomycetes;o__Chaetothyriales;f__Chaetothyriales_fam_Incertae_sedis;g__Chaetothyriales_gen_Incertae_sedis;s__Chaetothyriales_sp	0.667
27472cc6f4c79f55e7591f6137cd26bd	Unassigned	1.0
27542898acdcc691fb6e81088fc4a66e	k__Fungi;p__Basidiomycota;c__Cystobasidiomycetes	1.0
27549fdc7ed7e15a5750edb1ae06c1fd	Unassigned	1.0
276ab812fda4a0f3de4b93a6c2d22985	k__Fungi;p__Ascomycota;c__Eurotiomycetes;o__Chaetothyriales;f__Herpotrichiellaceae;g__Exophiala;s__Exophiala_sp	0.6
27778c37efd228b028d173337cd6d148	k__Fungi;p__Ascomycota;c__Sordariomycetes;o__Glomerellales;f__Plectosphaerellaceae	0.75
277cc7c999ec23b23b02a5f8910d9bc5	k__Fungi;p__Basidiomycota;c__Agaricomycetes;o__Auriculariales;f__Auriculariales_fam_Incertae_sedis;g__Auriculariales_gen_Incertae_sedis;s__Auriculariales_sp;sh__SH0040618.09FU	1.0
279c1c38ad953a65b3fecfafa5c01476	Unassigned	1.0
27b4b5f2f7a5299d52788fcb7288f2a0	Unassigned	1.0
27ced344d0b7fc0a8cc8e7f843b691de	k__Fungi;p__Ascomycota;c__Sordariomycetes;o__Hypocreales;f__Nectriaceae	1.0
27d222a98443c26239c7a0a301181ae2	k__Fungi;p__Ascomycota;c__Orbiliomycetes;o__Orbiliales;f__Orbiliaceae;g__Orbilia	0.667
27e0d013a43a38d5128b4997bba94e66	Unassigned	1.0
27e6935e9fb4f85bf282f950a580d898	Unassigned	1.0
27f063a8aaecd3da36285dd506e9b599	Unassigned	1.0
281570c53f242e0bde1abcc4e12aa514	Unassigned	1.0
281d3d81d1ec360caf5e2b71e6efe2a1	k__Fungi;p__Ascomycota;c__Dothideomycetes;o__Capnodiales;f__Neodevriesiaceae;g__Neodevriesia	0.7
28217bfea66704e125de7a6ad46e30f0	k__Fungi;p__Basidiomycota;c__Cystobasidiomycetes	1.0
282720e2274fccaa468b75693c729765	k__Fungi;p__Ascomycota;c__Dothideomycetes;o__Pleosporales;f__Neophaeosphaeriaceae;g__Neophaeosphaeriaceae_gen_Incertae_sedis;s__Neophaeosphaeriaceae_sp	1.0
28283315b7edb807a42ba5d68f79f93e	Unassigned	1.0
2829c7dcab859096783856f99ad17736	k__Fungi;p__Ascomycota;c__Leotiomycetes;o__Helotiales	1.0
2834fece52f14ae9bb8158b3b26e4e32	k__Fungi;p__Ascomycota;c__Dothideomycetes;o__Dothideales	0.8
2844d80f1eae568a96740ce826806089	k__Fungi;p__Basidiomycota;c__Agaricomycetes;o__Agaricales;f__Agaricaceae;g__Agaricus	1.0
2849889d9ad4b0932f9e9445c3e4569f	Unassigned	1.0
28563ad2770e84199387b6c5962f5f6a	k__Fungi;p__Basidiomycota;c__Agaricomycetes;o__Trechisporales;f__Hydnodontaceae;g__Trechispora;s__Trechispora_sp	1.0
285894bee10d00bf086ab92112b4a061	k__Fungi;p__Ascomycota;c__Orbiliomycetes;o__Orbiliales;f__Orbiliaceae;g__Orbilia	0.667
28771c2a5dee850464ba52e4e35501f1	k__Fungi;p__Ascomycota;c__Sordariomycetes;o__Xylariales;f__Graphostromataceae;g__Biscogniauxia;s__Biscogniauxia_citriformis;sh__SH0160693.09FU	1.0
2878336b0ff24437bcf9b51f5b9611dc	Unassigned	1.0
28817ae5fbb176c2a8fe16090e566672	Unassigned	1.0
288d0e3d44ddc776e45d51667e85834c	k__Fungi;p__Basidiomycota;c__Cystobasidiomycetes	1.0
28a12b632ea320e97742c0b9e6843db4	Unassigned	1.0
28a6478a6deb0089b45ebc90460eabf3	k__Fungi;p__Ascomycota;c__Sordariomycetes;o__Glomerellales;f__Plectosphaerellaceae	1.0
28c3e03115630aa00946e703ad964b73	k__Fungi;p__Ascomycota;c__Dothideomycetes;o__Capnodiales;f__Capnodiales_fam_Incertae_sedis;g__Capnodiales_gen_Incertae_sedis;s__Capnodiales_sp	0.667
28de66f6fcdce39517a9865f55ec1f65	k__Fungi;p__Ascomycota;c__Sordariomycetes;o__Glomerellales;f__Plectosphaerellaceae	1.0
28e223095157cb92a5d006eaaa51e98b	k__Fungi;p__Ascomycota;c__Sordariomycetes;o__Hypocreales;f__Bionectriaceae	0.8
28e5ff3b5f574deadb4bb45be85911e7	k__Fungi;p__Ascomycota;c__Sordariomycetes;o__Sordariomycetes_ord_Incertae_sedis;f__Sordariomycetes_fam_Incertae_sedis;g__Sordariomycetes_gen_Incertae_sedis;s__Sordariomycetes_sp;sh__SH0058548.09FU	1.0
290faa48d5f411a23f396ba6e6d743f9	k__Fungi;p__Ascomycota;c__Dothideomycetes;o__Capnodiales;f__Capnodiales_fam_Incertae_sedis;g__Capnodiales_gen_Incertae_sedis;s__Capnodiales_sp	0.667
29103dbffed77215403e8d76c9d7fa9e	k__Fungi;p__Basidiomycota;c__Agaricomycetes;o__Hymenochaetales;f__Rickenellaceae;g__Resinicium	1.0
291238f8210c56ce65d68223236afd48	Unassigned	1.0
2915480fcfaf34a995c58058eb5709ab	k__Fungi;p__Ascomycota;c__Dothideomycetes;o__Pleosporales;f__Pleosporaceae	1.0
2925139211e04a007ca876597c34b85a	Unassigned	1.0
292ddf1e153afd5eb5a966ec078ddf15	Unassigned	1.0
294499ecd07280e5ea8a3703bfb264a1	Unassigned	1.0
2949d12149f82fab262aa10bff3be546	Unassigned	1.0
29643f7e196bdca8f5062cfbc3dc9246	k__Fungi;p__Basidiomycota;c__Agaricomycetes;o__Agaricomycetes_ord_Incertae_sedis;f__Agaricomycetes_fam_Incertae_sedis;g__Agaricomycetes_gen_Incertae_sedis;s__Agaricomycetes_sp	1.0
29699e90dfc96449bc0e5bccf06a746b	Unassigned	1.0
296b931e2ea0e62f706dc98bd9de362b	Unassigned	1.0
29b5c3c044426ca8dd2dfaf7ca59c802	k__Fungi;p__Ascomycota;c__Dothideomycetes;o__Dothideomycetes_ord_Incertae_sedis;f__Dothideomycetes_fam_Incertae_sedis;g__Dothideomycetes_gen_Incertae_sedis;s__Dothideomycetes_sp	0.667
29cf9a4438ab89c23a09206a762aaa3f	k__Fungi;p__Ascomycota;c__Eurotiomycetes;o__Chaetothyriales;f__Herpotrichiellaceae;g__Cladophialophora	0.833
29d5c944d689155ce136f480aa4cfd87	k__Fungi;p__Basidiomycota;c__Agaricomycetes;o__Polyporales;f__Polyporaceae	0.8
29e5d1c76797cbe516c899232c3a6502	k__Fungi;p__Ascomycota;c__Leotiomycetes;o__Helotiales;f__Tympanidaceae	0.6
29e903b0098267e55eb8cf553efbf6af	Unassigned	1.0
2a07d5fc896d0571ad5bd60f5bfa5902	Unassigned	1.0
2a1667cfc123ac4144afa52c3b0ed33a	k__Fungi;p__Basidiomycota;c__Agaricomycetes;o__Cantharellales;f__Hydnaceae;g__Sistotrema;s__Sistotrema_sp	1.0
2a16984bd31f8bff053460be56cd1a90	k__Fungi;p__Basidiomycota;c__Agaricomycetes;o__Agaricales;f__Entolomataceae;g__Entoloma;s__Entoloma_sp	0.9
2a2807d01269052a79e1357482cf34b0	Unassigned	1.0
2a40d0864039f15311015f749f7274c6	k__Fungi;p__Ascomycota;c__Ascomycota_cls_Incertae_sedis;o__Ascomycota_ord_Incertae_sedis;f__Ascomycota_fam_Incertae_sedis;g__Ascomycota_gen_Incertae_sedis;s__Ascomycota_sp;sh__SH0030133.09FU	1.0
2a4bf885bede4592ae1c5e8df3e49836	Unassigned	1.0
2a5a0f3e59ee19791d3c98f54bf2dba6	k__Fungi;p__Ascomycota;c__Dothideomycetes;o__Pleosporales;f__Didymellaceae	1.0
2a62502af3a077829f94282ebb6cad97	k__Fungi;p__Ascomycota;c__Lecanoromycetes;o__Ostropales;f__Stictidaceae	0.667
2a63ac0c665dcb2f636ed784952a0dde	Unassigned	1.0
2a68e9f1439da692fbc8f5286042b051	Unassigned	1.0
2a809093a95f99d80f714ddf5fd85383	k__Fungi;p__Ascomycota;c__Dothideomycetes;o__Pleosporales;f__Didymosphaeriaceae;g__Spegazzinia	0.8
2ac4b57cb3830dfe399826b1fbb58483	k__Fungi;p__Ascomycota;c__Dothideomycetes;o__Pleosporales	0.75
2acb6037e1b46653c9e7cfeffb0f19c6	k__Fungi;p__Ascomycota;c__Sordariomycetes;o__Hypocreales	1.0
2ace7b077657e67a92e5602564428b88	k__Fungi;p__Ascomycota;c__Sordariomycetes;o__Hypocreales;f__Nectriaceae	0.7
2acfa61b6e620f6c775307382fd750a7	k__Fungi;p__Ascomycota;c__Sordariomycetes;o__Myrmecridiales;f__Myrmecridiales_fam_Incertae_sedis;g__Atractospora;s__Atractospora_verruculosa;sh__SH0082832.09FU	1.0
2ad68c922492f88ffab81caf0e6aefc4	k__Fungi;p__Ascomycota;c__Leotiomycetes;o__Helotiales;f__Tympanidaceae	0.6
2b22e93d839ec3d6f67c6cf3a4c86c47	Unassigned	1.0
2b2dfebfa19ef77f913682f248aa1ac6	Unassigned	1.0
2b411e21bbd336a1759e4e9a255d4fd9	k__Fungi;p__Ascomycota;c__Dothideomycetes;o__Pleosporales;f__Didymellaceae	1.0
2b49165b756c8d2bd01f3e61e47e833b	Unassigned	1.0
2b5c7250ce7ae7067cb973ce07f93273	k__Fungi;p__Ascomycota;c__Dothideomycetes;o__Dothideomycetes_ord_Incertae_sedis;f__Dothideomycetes_fam_Incertae_sedis;g__Dothideomycetes_gen_Incertae_sedis;s__Dothideomycetes_sp	0.75
2b61950f1a651927401387d189d7cb9d	Unassigned	1.0
2b61f9bc4182e746dc6330ef0ccb8c68	Unassigned	1.0
2b67953c77ede32dc8f3641fb0977767	Unassigned	1.0
2b99fc3689e27cbe0bfbd6b1b299bc8b	k__Fungi;p__Ascomycota	1.0
2b9cf70a0156b218bd815663203e76a1	Unassigned	1.0
2bcaa77c2f5b2c3f1473facb52da4604	Unassigned	1.0
2bdd0e0d22ffc6d728074a467101ad0f	Unassigned	1.0
2be1aea709f5685e842690594f671ce7	k__Fungi;p__Ascomycota;c__Dothideomycetes;o__Capnodiales;f__Neodevriesiaceae	0.7
2bfc2f672f09b7cb3ed40c78dab99045	k__Fungi;p__Ascomycota;c__Dothideomycetes;o__Pleosporales;f__Dictyosporiaceae;g__Gregarithecium;s__Gregarithecium_curvisporum;sh__SH0135299.09FU	1.0
2c5a570efdbb8514092a55cee1fce242	Unassigned	1.0
2c60351193c3321271f3cd24fda7a7a1	Unassigned	1.0
2c641ac59726e8a1c55fc6e07362b81c	Unassigned	1.0
2c9304246a14099d7ab5df77ea8ede17	Unassigned	1.0
2cb6bbaef8b8f3ba7caacea416527f42	k__Fungi;p__Basidiomycota;c__Exobasidiomycetes;o__Exobasidiales;f__Brachybasidiaceae;g__Meira;s__Meira_sp;sh__SH0169997.09FU	1.0
2cba030eb49ef40378f2a54c0cf953da	Unassigned	1.0
2cc94e8f8ab1d20fc7536a7a65de1eb4	Unassigned	1.0
2ce38ba53119ea589b0653e5cc9a2f9c	Unassigned	1.0
2d02ba0ffd3c3b9150673ac10fedcd8d	k__Fungi;p__Ascomycota;c__Sordariomycetes;o__Hypocreales;f__Stachybotryaceae	0.8
2d3eab29685f9bbced97ea0fe1cc7e16	k__Fungi;p__Ascomycota;c__Leotiomycetes;o__Helotiales;f__Hyaloscyphaceae	0.6
2d60f2354f22603ac4450f24fb4c31d2	k__Fungi;p__Ascomycota;c__Dothideomycetes;o__Dothideales;f__Saccotheciaceae;g__Aureobasidium	0.7
2d9dd6d2c3111c11d6199a23bef12fe3	k__Fungi;p__Ascomycota;c__Eurotiomycetes;o__Chaetothyriales;f__Herpotrichiellaceae;g__Herpotrichiellaceae_gen_Incertae_sedis;s__Herpotrichiellaceae_sp	0.75
2db64ead74e4897bcadde590609c702e	Unassigned	1.0
2dc0292de260d5ed87c40485f4799829	k__Fungi;p__Ascomycota;c__Dothideomycetes;o__Capnodiales;f__Neodevriesiaceae;g__Neodevriesia	0.8
2dcb6685614b85d17a459c3aee890c69	Unassigned	1.0
2de26b533213fb5cc2d44dd1b3f58fa5	k__Fungi;p__Ascomycota;c__Dothideomycetes;o__Pleosporales;f__Periconiaceae;g__Periconia	0.889
2de5f767fedddd0b9702a28dcc4631f8	k__Fungi;p__Ascomycota;c__Eurotiomycetes;o__Chaetothyriales;f__Herpotrichiellaceae;g__Exophiala	0.9
2de990f4f405a9f0a7cce3ce033dfb0c	k__Fungi	1.0
2e08df70666a8e0806a0aaebc4bab95d	k__Fungi;p__Ascomycota;c__Leotiomycetes	1.0
2e2b9400b290e6875aa5aac68da3298d	k__Fungi;p__Ascomycota;c__Sordariomycetes;o__Amphisphaeriales;f__Pestalotiopsidaceae;g__Pestalotiopsis	0.7
2e329829cae03325c9dbc0bb70d776de	k__Fungi;p__Ascomycota;c__Dothideomycetes;o__Pleosporales;f__Dictyosporiaceae;g__Dictyosporium	0.6
2e3e39000a27d3e200ebfad6cc126be8	Unassigned	1.0
2e48ff14e3d0b438ea5851d1d8508443	k__Fungi;p__Ascomycota;c__Dothideomycetes;o__Pleosporales	0.75
2e5d77ea8b057050bdc534970721c29a	Unassigned	1.0
2e9c2f4f37e7c5e71fa0e790b74e4ebd	Unassigned	1.0
2eadd8de6ce5beee6faaa5bd3a00c1ba	Unassigned	1.0
2eb56691c5111826dba8830b41379042	k__Fungi;p__Ascomycota;c__Dothideomycetes;o__Mycosphaerellales;f__Teratosphaeriaceae;g__Salinomyces;s__Salinomyces_polonicus;sh__SH0060095.09FU	1.0
2ebcd2c6e40656f23324bc516e4726e9	Unassigned	1.0
2ec09771f522273d3115e4d57b6c5b38	Unassigned	1.0
2ec2402626ecbcc38b1832b25a8b4f4f	k__Fungi;p__Ascomycota;c__Dothideomycetes;o__Mycosphaerellales	0.9
2ec716634a4d7046402b6a0d97968974	k__Fungi;p__Ascomycota;c__Dothideomycetes;o__Capnodiales;f__Cladosporiaceae;g__Toxicocladosporium	1.0
2edcf694230d64181f80b148560c889a	Unassigned	1.0
2f18236e3f0c89ffe13b78d805040bd2	Unassigned	1.0
2f25081473f13ce7041655ea2397fee7	Unassigned	1.0
2f3824084588a1f6a5f5bdf80b4ceb01	k__Fungi;p__Basidiomycota;c__Agaricostilbomycetes;o__Agaricostilbales;f__Chionosphaeraceae;g__Kurtzmanomyces;s__Kurtzmanomyces_sp;sh__SH0017157.09FU	1.0
2f3854fc236a74022a6e199f35366146	k__Fungi;p__Ascomycota;c__Dothideomycetes;o__Pleosporales;f__Torulaceae;g__Torula	1.0
2f5125d4aefc94f8b724fdce31d99f37	Unassigned	1.0
2f6ca70605c83cea362d4d4cbd7080ba	k__Fungi;p__Ascomycota;c__Eurotiomycetes;o__Chaetothyriales;f__Trichomeriaceae;g__Trichomerium;s__Trichomerium_sp	0.6
2f7aaff856fcf16b4d2ac03b6de6299f	Unassigned	1.0
2f9ca66d8d67966057650a77df0e3027	Unassigned	1.0
2faa69568e4bdb2f57e282573bfa3470	Unassigned	1.0
2fc00c417797a8f6205956027b06430a	k__Fungi;p__Ascomycota;c__Dothideomycetes;o__Pleosporales;f__Didymosphaeriaceae	0.8
2fc76741e7d9d047e05fd15db89bbd70	Unassigned	1.0
2fdaf5a3e5f9682abf87d8e3b06fe89e	Unassigned	1.0
2fde62f027d27112fa992474e1baa561	Unassigned	1.0
2ffa20896fe669f568f147a8abfae106	k__Fungi;p__Basidiomycota;c__Agaricomycetes;o__Auriculariales;f__Exidiaceae;g__Eichleriella	0.7
30127ac2cf72ed25b52040cde8ba66fe	k__Fungi;p__Ascomycota;c__Leotiomycetes;o__Helotiales;f__Tympanidaceae;g__Tympanidaceae_gen_Incertae_sedis;s__Tympanidaceae_sp	0.9
302b33538ac5bc1ec91cd2ff69a142e9	Unassigned	1.0
30340b001742abb430be78411540e0a1	Unassigned	1.0
3038038ba49dc99aa6cb9ad603692c2e	Unassigned	1.0
305c5c4b16f3f76b92addd19b862848e	Unassigned	1.0
307271ddf123e4a57918c17ea9751050	Unassigned	1.0
30800ed9802bd9c9b8631003fb24d5ae	k__Fungi;p__Ascomycota;c__Lecanoromycetes;o__Ostropales;f__Coenogoniaceae;g__Coenogonium;s__Coenogonium_isidiatum;sh__SH0150169.09FU	1.0
30812aa985d709e093bf355e21fb056e	Unassigned	1.0
308bafbe4c794361ef4cdab2984bd500	k__Fungi;p__Basidiomycota;c__Agaricomycetes;o__Hymenochaetales;f__Schizoporaceae	0.6
309466ba72d2ed047c36bab13ff2f663	k__Fungi;p__Basidiomycota;c__Agaricomycetes;o__Polyporales	0.818
3094e76e1d42bc0f13a507e43b0b8e50	Unassigned	1.0
30a0b12209d1402a88bc485adacd09d0	k__Fungi;p__Ascomycota;c__Eurotiomycetes;o__Eurotiales;f__Aspergillaceae;g__Penicillium	0.75
30a269f53c5d97276312b0d28feec6f4	k__Fungi;p__Basidiomycota	1.0
30b28ab1df94bf65d98c2a48738ccf84	Unassigned	1.0
30fea2571ce7f5a38c9cb89c9efbc8ae	Unassigned	1.0
311b2153daa4f7e06791739f3c5c2803	k__Fungi;p__Ascomycota;c__Dothideomycetes	0.8
3120e545f3e6cf2f7e65ecf58ee7794d	k__Fungi;p__Basidiomycota;c__Agaricomycetes;o__Russulales;f__Russulales_fam_Incertae_sedis;g__Russulales_gen_Incertae_sedis;s__Russulales_sp	0.75
313ba0e9b7818ea064c8da119ad8ca16	k__Fungi;p__Ascomycota;c__Sordariomycetes;o__Xylariales	0.7
313c4ed5b8a281d4db5755a7797a0d51	k__Fungi;p__Ascomycota;c__Eurotiomycetes;o__Chaetothyriales;f__Trichomeriaceae;g__Trichomerium;s__Trichomerium_sp	0.6
31555d96e335051759925f625ecf16f2	Unassigned	1.0
315c95540bcef39887fe512db1bd3a8d	Unassigned	1.0
31604e1df27291116a71346824b6b5d7	k__Fungi;p__Ascomycota;c__Dothideomycetes;o__Pleosporales	1.0
31710f04c1d3def7bfea4ec1a43757f0	k__Fungi;p__Ascomycota;c__Dothideomycetes;o__Capnodiales;f__Cladosporiaceae;g__Cladosporium	0.714
317b80f5286fc31cf9a0042ed506b900	k__Fungi;p__Ascomycota;c__Lecanoromycetes;o__Baeomycetales;f__Trapeliaceae;g__Placynthiella	0.6
318de5e0556b85dd23d329c5bc18e804	k__Fungi;p__Ascomycota;c__Dothideomycetes;o__Pleosporales;f__Phaeosphaeriaceae;g__Leptospora	0.7
31998a3a125f8a360eb193cfd087e465	k__Fungi;p__Ascomycota;c__Sordariomycetes;o__Sordariales;f__Chaetomiaceae	0.667
31a242b18c8d4556f19b10abf79b6a73	Unassigned	1.0
31a7b296de5bf64135ca5b960c26ee29	Unassigned	1.0
31c3489ed7c776cf5b1adec4f3b43842	Unassigned	1.0
31c7815e6a1018097d54baf02915305e	k__Fungi;p__Ascomycota;c__Eurotiomycetes;o__Chaetothyriales;f__Chaetothyriales_fam_Incertae_sedis;g__Chaetothyriales_gen_Incertae_sedis;s__Chaetothyriales_sp	0.833
31d183a26c8830b787de1394bbb7f207	k__Fungi;p__Ascomycota;c__Eurotiomycetes;o__Chaetothyriales;f__Herpotrichiellaceae;g__Herpotrichiellaceae_gen_Incertae_sedis;s__Herpotrichiellaceae_sp	0.8
31ec7d4438ff7961af05a388f6daae20	Unassigned	1.0
320389805afe4248c869681f0aaf6f14	k__Fungi;p__Basidiomycota;c__Agaricomycetes;o__Sebacinales;f__Serendipitaceae;g__Serendipita;s__Serendipita_sp	0.8
321ac4eb589cb65468df7e73723e2c1d	k__Fungi;p__Ascomycota;c__Saccharomycetes;o__Saccharomycetales;f__Saccharomycetaceae;g__Kazachstania	1.0
322258465e429d6c84a45f2081262d63	k__Fungi;p__Ascomycota;c__Eurotiomycetes;o__Eurotiales;f__Aspergillaceae;g__Talaromyces	0.6
32264f0ba9aa1788af6a400b0018f765	k__Fungi;p__Basidiomycota;c__Microbotryomycetes;o__Microbotryomycetes_ord_Incertae_sedis;f__Chrysozymaceae;g__Slooffia	0.75
32273fec0887ff522a661151d5c36905	Unassigned	1.0
32334ce874186dcd5d06c93c489bcc00	Unassigned	1.0
324ba8878ef9593e837a89dce0f002db	Unassigned	1.0
3253b0b1589c499bc72760ec851b851a	Unassigned	1.0
3256261d6710ab0d0a9a4ee2a5cd0c8d	k__Fungi;p__Ascomycota;c__Sordariomycetes;o__Hypocreales;f__Nectriaceae	0.857
325795f80c1fb4233b7f925982e10c70	Unassigned	1.0
327b906bcb8859e3773e1c90fd861f9c	Unassigned	1.0
328641aa50f84f5fe40b77ef20a56726	Unassigned	1.0
328b9baf6469142b7556eafe8921fc34	Unassigned	1.0
3297799bb764660041664c714d1162b6	k__Fungi;p__Ascomycota;c__Eurotiomycetes;o__Chaetothyriales;f__Herpotrichiellaceae	1.0
32a816fddaa3d9ba3b0e745c8ab2c342	Unassigned	1.0
32c3d497a81d638bbcceab06e0f2ce51	Unassigned	1.0
32e7ffaee3b3f502f678f3fb0c16b45c	Unassigned	1.0
32edf52d12c8f3a27ee6876204a14eba	k__Fungi;p__Ascomycota;c__Dothideomycetes;o__Mycosphaerellales	0.8
32fc3c3640f84fb6510e753353e67248	k__Fungi;p__Ascomycota;c__Leotiomycetes;o__Helotiales;f__Hyaloscyphaceae;g__Hyaloscyphaceae_gen_Incertae_sedis;s__Hyaloscyphaceae_sp	0.6
330f5c0f704255db16da248e9288270c	k__Fungi;p__Ascomycota;c__Eurotiomycetes;o__Chaetothyriales;f__Chaetothyriales_fam_Incertae_sedis;g__Chaetothyriales_gen_Incertae_sedis;s__Chaetothyriales_sp;sh__SH0079233.09FU	1.0
331826f878a025fcdf42d0efe4d01a9e	Unassigned	1.0
3322bd6ce42445c2cb7858054dc4db8b	Unassigned	1.0
334aeca03db78077b356f804abf797e4	k__Fungi;p__Basidiomycota;c__Agaricomycetes;o__Agaricales;f__Agaricales_fam_Incertae_sedis;g__Agaricales_gen_Incertae_sedis;s__Agaricales_sp;sh__SH0221305.09FU	1.0
334f889a917c30cd4717473ca5efde92	k__Fungi;p__Ascomycota;c__Dothideomycetes;o__Pleosporales;f__Teichosporaceae;g__Teichosporaceae_gen_Incertae_sedis;s__Teichosporaceae_sp	0.667
3359d224015c63b277a17431788522c3	Unassigned	1.0
3360c13de7c23379206ce79273df2b86	Unassigned	1.0
3373de9584fc7350b45a0ba453b781e2	k__Fungi;p__Ascomycota;c__Sordariomycetes;o__Xylariales;f__Amphisphaeriaceae;g__Microdochium;s__Microdochium_sp;sh__SH0032221.09FU	1.0
33925e123d5c13e9e0ea3849559cbc81	Unassigned	1.0
3392f93413554c0c71fafcd324587847	Unassigned	1.0
3396642b0653d86774d4813a8b9ed6d5	k__Fungi;p__Basidiomycota;c__Agaricomycetes;o__Agaricales;f__Agaricales_fam_Incertae_sedis;g__Agaricales_gen_Incertae_sedis;s__Agaricales_sp	1.0
33be7b50b8d21b954634a4a2583ff462	Unassigned	1.0
33bfc5618b4a3cac9578a02a258f0df9	k__Fungi;p__Ascomycota;c__Dothideomycetes;o__Myriangiales	0.667
33d95ba3b22c0fc7de853220b2e0e418	Unassigned	1.0
33ecaf3305bb300967203b55c1aa6894	k__Fungi;p__Ascomycota;c__Ascomycota_cls_Incertae_sedis;o__Ascomycota_ord_Incertae_sedis;f__Ascomycota_fam_Incertae_sedis;g__Ascomycota_gen_Incertae_sedis;s__Ascomycota_sp;sh__SH0030133.09FU	1.0
340052bbb2791693743f7a28d0cc23c4	Unassigned	1.0
3403a65c3542cd11edc0802fb8e4c84e	Unassigned	1.0
3411935e684c8b8eb629307d7114eb23	k__Fungi;p__Ascomycota;c__Sordariomycetes;o__Hypocreales;f__Hypocreales_fam_Incertae_sedis;g__Acremonium	0.6
341b82d97879499eaed42abeea3cb702	Unassigned	1.0
3471a745cecdfe75177afecdf17fc130	Unassigned	1.0
348509a36b02367d10f56d7a97958f62	k__Fungi;p__Ascomycota;c__Eurotiomycetes;o__Chaetothyriales;f__Cyphellophoraceae;g__Cyphellophora	0.8
34990ea3e9fd4bd7a451911e7e8f4c5e	Unassigned	1.0
34a9b0481b11d26a83f9ae29935c8784	k__Fungi;p__Ascomycota;c__Sordariomycetes;o__Hypocreales;f__Niessliaceae;g__Niesslia	0.667
34afe0268ed24cd3fd836e405cc6b58e	Unassigned	1.0
34affe5341b1c4c928fdf4c864e16147	k__Fungi;p__Ascomycota;c__Eurotiomycetes;o__Chaetothyriales;f__Trichomeriaceae;g__Trichomerium	0.6
34b6a81fb2a01dd166c218fab4949f82	Unassigned	1.0
34c7a654a841b076226cd48adb74f3e8	Unassigned	1.0
34cf0fd33139dc984aa21b4b601a104e	Unassigned	1.0
34f759be91621bfd3953494f551aaab4	Unassigned	1.0
34ff6fd6f25fa5793429ec7d67517978	k__Fungi;p__Ascomycota;c__Eurotiomycetes;o__Chaetothyriales;f__Cyphellophoraceae;g__Cyphellophora;s__Cyphellophora_sp	0.6
3500592c927a6d021c83dddf2c1f611e	k__Fungi;p__Ascomycota;c__Eurotiomycetes;o__Chaetothyriales	1.0
351b9b1944b39aa2904b8b33da3d9efc	Unassigned	1.0
3534216b4286a454fd4272765160e715	k__Fungi;p__Ascomycota;c__Lecanoromycetes;o__Leprocaulales;f__Leprocaulaceae;g__Leprocaulon;s__Leprocaulon_quisquiliare;sh__SH0050911.09FU	1.0
354f01ff0cf1cc11a47bb3d0c4b01677	Unassigned	1.0
355a3f0db6a24a5bd9a380d41fbc9943	k__Fungi;p__Ascomycota;c__Eurotiomycetes;o__Chaetothyriales;f__Trichomeriaceae	1.0
3565e2e8354232fbcc8beedb32441809	Unassigned	1.0
35a49d455224ae9df58e1aaefb2eaa7b	Unassigned	1.0
35b6e3a952cb2e1bb3ca889bc87d90eb	k__Fungi;p__Ascomycota;c__Sordariomycetes;o__Xylariales;f__Castanediellaceae;g__Castanediella;s__Castanediella_sp	0.8
35bcbe32a60883bfad95c398c7848c9a	Unassigned	1.0
35bd11ae59b7d4b6ea8cd5323772992c	Unassigned	1.0
35c7fdd89ba621acad66deae5054f70b	Unassigned	1.0
35d0ad3eff630a1dc6099a97d07c6a72	k__Fungi;p__Ascomycota;c__Sordariomycetes;o__Xylariales;f__Hypoxylaceae;g__Hypoxylon	1.0
35d46d1634c12c4b81c8ddf6a5759ff9	Unassigned	1.0
35dbd124703e4a9b546459c63a9d607c	k__Fungi;p__Ascomycota	1.0
35ecd15663780c905b48197636514978	k__Fungi;p__Ascomycota;c__Dothideomycetes;o__Capnodiales;f__Cladosporiaceae;g__Cladosporium	1.0
35f0265e46dfed17fedba2e558cfad9e	Unassigned	1.0
360b7c557aad2a148ee700d1a96b8fe4	Unassigned	1.0
361e3a34befb986692047af823a0c3f3	k__Fungi;p__Ascomycota;c__Dothideomycetes;o__Capnodiales;f__Capnodiales_fam_Incertae_sedis;g__Pseudoramichloridium;s__Pseudoramichloridium_henryi;sh__SH0056779.09FU	1.0
363491ce075f3d5b10201882f95a51d8	k__Fungi;p__Basidiomycota;c__Microbotryomycetes;o__Leucosporidiales;f__Leucosporidiaceae;g__Leucosporidium;s__Leucosporidium_sp	0.75
363ba34d87111d1e7d80b86d63abbb65	Unassigned	1.0
363e079d6d1eaaedbff94cf4e12a8b6d	k__Fungi;p__Ascomycota;c__Ascomycota_cls_Incertae_sedis;o__Ascomycota_ord_Incertae_sedis;f__Ascomycota_fam_Incertae_sedis;g__Ascomycota_gen_Incertae_sedis;s__Ascomycota_sp;sh__SH0081022.09FU	1.0
363ea1f3aedfefcddcc0d88e67d169f5	Unassigned	1.0
364b2fde333657285b23ed27204ce299	Unassigned	1.0
367f4ae2e54941b6e55e7f7335ea58d8	k__Fungi;p__Basidiomycota;c__Agaricomycetes;o__Agaricomycetes_ord_Incertae_sedis;f__Agaricomycetes_fam_Incertae_sedis;g__Agaricomycetes_gen_Incertae_sedis;s__Agaricomycetes_sp	1.0
368b9dd55bc36ad9b37247a80cc52233	Unassigned	1.0
368bf0de4a409d43dc968fd7da3473d5	Unassigned	1.0
36a19b83f5e1ca18636dc4c595cbe9a9	Unassigned	1.0
36b25865650b06696e19f283d8f6997f	Unassigned	1.0
36d44acc66ed4bdf16bbed0a92a0706e	k__Fungi;p__Ascomycota;c__Eurotiomycetes;o__Chaetothyriales;f__Herpotrichiellaceae;g__Cladophialophora;s__Cladophialophora_sp	1.0
36d6f16f18742b1470235c6f49faf684	Unassigned	1.0
36e6be6887a26af076913ffc9b7688a1	Unassigned	1.0
36fd32226e14333d400809aaaa6575c3	Unassigned	1.0
370bae33f16059ebf4b80fc90ed92d6d	Unassigned	1.0
370d500068395f3b1236690364512021	Unassigned	1.0
371dab48e3f1d404664af28398c76c4f	Unassigned	1.0
37280b725b510fb20140a7c552e68c17	Unassigned	1.0
3740abb29f709b1cc7d1ce37ad249447	k__Fungi;p__Ascomycota;c__Eurotiomycetes;o__Chaetothyriales;f__Herpotrichiellaceae;g__Capronia;s__Capronia_sp;sh__SH0044024.09FU	1.0
3775930b5ebb975271a26c6522f8450f	Unassigned	1.0
377dd941398a621e8d826fdc0cd9a2c0	Unassigned	1.0
37b7b52894b165b75b0b2c77c18c00a8	Unassigned	1.0
37dc2218f20ce06b1710e3ae3f4cf68b	k__Fungi;p__Ascomycota;c__Sordariomycetes;o__Xylariales;f__Graphostromataceae	0.7
380055e4c2a4ca2faf0d428b1609d8e9	k__Fungi;p__Ascomycota;c__Lecanoromycetes;o__Lecanorales;f__Ramalinaceae	1.0
3809234a32c93ba891d547b99b6fbd4a	Unassigned	1.0
380b425e53f15602447626ff12b1e0e2	k__Fungi;p__Ascomycota;c__Sordariomycetes;o__Sordariomycetes_ord_Incertae_sedis;f__Sordariomycetes_fam_Incertae_sedis;g__Sordariomycetes_gen_Incertae_sedis;s__Sordariomycetes_sp;sh__SH0045602.09FU	1.0
381a2883ab56aa85cec510561c8eaa34	Unassigned	1.0
38639a06c172b241f44b80de87622352	Unassigned	1.0
3865d59b04c7829aa09435968d908cec	k__Fungi;p__Ascomycota;c__Dothideomycetes;o__Dothideales;f__Dothideaceae;g__Dothidea;s__Dothidea_sp	0.667
388551d78a77bec79382b836dfa54762	k__Fungi;p__Ascomycota;c__Dothideomycetes;o__Capnodiales;f__Neodevriesiaceae;g__Neodevriesia	0.7
3893becf2f48c57db81bec890e061cd4	k__Fungi;p__Ascomycota;c__Sordariomycetes;o__Myrmecridiales;f__Myrmecridiaceae;g__Neomyrmecridium	0.7
38a289b9fb3c4025408f7a57e1735692	k__Fungi;p__Basidiomycota;c__Agaricomycetes;o__Corticiales;f__Corticiaceae;g__Waitea;s__Waitea_sp	0.8
38b19512c2c88617bf2e580ec6d8413f	k__Fungi;p__Ascomycota;c__Eurotiomycetes;o__Chaetothyriales;f__Herpotrichiellaceae;g__Cladophialophora;s__Cladophialophora_sp	0.875
38b2e321e575f3908389d413254a82fa	Unassigned	1.0
38bb180024c6f230d6959709174e2159	k__Fungi;p__Ascomycota;c__Lecanoromycetes;o__Peltigerales;f__Lobariaceae;g__Sticta	1.0
38cbe9dbaefcd2bad91758b304ebef90	Unassigned	1.0
38ed56c8ad84aa2cd1f635afd10adef2	Unassigned	1.0
38fa1ad08bda1316204196c9916f5f2e	Unassigned	1.0
3902ee41323b858acbd725ff02e5039f	Unassigned	1.0
39051e985afaf84a47d456d4e4308699	Unassigned	1.0
3908a232aebafee5faedc88f7905b7a7	Unassigned	1.0
390c6f948026753b9b3c4fbabcf47cc6	Unassigned	1.0
3915ee4f547f3eb5d79059b2e25663c3	k__Fungi;p__Ascomycota;c__Dothideomycetes	0.833
391d6418b772e3b3ef435f70dda16e75	Unassigned	1.0
393fee4ab676ba1c0ac2d30d723091b2	k__Fungi;p__Basidiomycota;c__Agaricomycetes;o__Cantharellales;f__Ceratobasidiaceae;g__Ceratobasidium;s__Ceratobasidium_sp	0.8
3954b909724b634d298df5819f73a820	Unassigned	1.0
395f0dcf645e6cc4080501c319ee21a4	Unassigned	1.0
398fd7aa8bb0acb161d9ec62c3178136	k__Fungi;p__Fungi_phy_Incertae_sedis;c__Fungi_cls_Incertae_sedis;o__Fungi_ord_Incertae_sedis;f__Fungi_fam_Incertae_sedis;g__Fungi_gen_Incertae_sedis;s__Fungi_sp;sh__SH0099306.09FU	1.0
39940d2e728a05348489b2188acb03ac	k__Fungi;p__Ascomycota;c__Lecanoromycetes;o__Ostropales;f__Ostropales_fam_Incertae_sedis;g__Ostropales_gen_Incertae_sedis;s__Ostropales_sp;sh__SH0231824.09FU	1.0
399e55b226f4f167de89628e7f853e89	k__Fungi;p__Ascomycota;c__Sordariomycetes;o__Glomerellales;f__Glomerellaceae;g__Colletotrichum	1.0
39b58765aa4c20e27cf36569d11aa3e0	Unassigned	1.0
39c1fd5b8e0820174e04067cb174aa03	k__Fungi;p__Ascomycota;c__Saccharomycetes;o__Saccharomycetales;f__Saccharomycodaceae;g__Hanseniaspora	1.0
39c77232abc1162a954a5be113823e87	Unassigned	1.0
39de164638d8713642e411407c1ea406	Unassigned	1.0
3a0aaeab42ed2ca7874dbf80fe5b9833	Unassigned	1.0
3a27f6a80f904ea84316957814594aec	k__Fungi;p__Ascomycota;c__Lecanoromycetes;o__Lecanorales;f__Micareaceae;g__Micarea	1.0
3a5d777871beae9f3d3210e9c0ba551c	Unassigned	1.0
3a646fa0124004b80a784c180e1ef7b9	Unassigned	1.0
3a71cbf3a56c6308672561a00998d4cf	Unassigned	1.0
3a7ebaf65cc276ac35517bbe48d19406	k__Fungi;p__Ascomycota;c__Sordariomycetes;o__Hypocreales;f__Nectriaceae	1.0
3a8229d00dbdf30576b770bb2a1cd346	Unassigned	1.0
3a97e3bd00c347f8b1b289c2e03c3362	k__Fungi;p__Basidiomycota;c__Microbotryomycetes;o__Kriegeriales;f__Kriegeriaceae	0.667
3aa93d03836be8d8c35a47d7e25853ac	Unassigned	1.0
3aac3b5c46a06400b8f2990a1129f522	k__Fungi;p__Ascomycota;c__Dothideomycetes;o__Pleosporales;f__Pleosporales_fam_Incertae_sedis;g__Pleosporales_gen_Incertae_sedis;s__Pleosporales_sp;sh__SH0054472.09FU	1.0
3abc285f159d25539b304001f649677e	Unassigned	1.0
3ac8c4bc4c70010a42f090d15338c2e1	k__Fungi;p__Ascomycota;c__Eurotiomycetes;o__Chaetothyriales	1.0
3ade1994438a7f3090eee25bfcd362c9	Unassigned	1.0
3ae3cc061384af5c4bb092e3a87c0152	Unassigned	1.0
3afcb91f9f89a4c147bd9f024dd9b623	k__Fungi;p__Ascomycota;c__Eurotiomycetes;o__Chaetothyriales;f__Cyphellophoraceae;g__Cyphellophora	0.667
3b183dbbfe2409aa501145dfb85816c2	Unassigned	1.0
3b1c6fb11d0b7a1c1d0bb9554143c456	Unassigned	1.0
3b2bebd61ebe565b7dd267e539657fb5	Unassigned	1.0
3b4803327a567b2026cf66b0ddca3259	Unassigned	1.0
3b67d53dd8d50f5e6598c3bc6c7cd26d	k__Fungi;p__Ascomycota;c__Sordariomycetes;o__Hypocreales;f__Hypocreaceae;g__Cladobotryum;s__Cladobotryum_soroaense;sh__SH0215917.09FU	1.0
3b7500473b5272cf64349608e98ac7c6	Unassigned	1.0
3b81801528b7e15101d6ed5a0111c32a	Unassigned	1.0
3b8c2660017644fd6fafb9176628d6fa	Unassigned	1.0
3bb73e7f083e7026ad47f522cbe9b6b8	Unassigned	1.0
3bcdd0b353bcb04608727a6b44e7dd75	k__Fungi;p__Ascomycota;c__Dothideomycetes;o__Mycosphaerellales;f__Teratosphaeriaceae	0.667
3bd14859262cf1cbe72c543d0a8afdb7	Unassigned	1.0
3bd2a06b8ae6eca733244fbc7a22aeb4	Unassigned	1.0
3bd7077022e585f7da88290e697208ed	k__Fungi;p__Basidiomycota;c__Agaricomycetes;o__Cantharellales;f__Cantharellales_fam_Incertae_sedis;g__Cantharellales_gen_Incertae_sedis;s__Cantharellales_sp	1.0
3bdc95b83a00f3780f58b0b769fe1d51	Unassigned	1.0
3be28a49fbcc10c92608b4240e3da3bc	k__Fungi;p__Ascomycota;c__Sordariomycetes;o__Hypocreales;f__Hypocreales_fam_Incertae_sedis;g__Hypocreales_gen_Incertae_sedis;s__Hypocreales_sp	0.6
3beadd9f4b9da69ed816f4e48cf895f7	k__Fungi;p__Ascomycota;c__Leotiomycetes;o__Helotiales;f__Helotiales_fam_Incertae_sedis;g__Helotiales_gen_Incertae_sedis;s__Helotiales_sp	0.7
3bfc000d54f8685c625836f806edc208	Unassigned	1.0
3c09c84abc309eab3f62cf09096a181e	Unassigned	1.0
3c120e4484617cb8797ae2e40c4926f4	Unassigned	1.0
3c2875cb299948a37ac1c3a95f264aa0	Unassigned	1.0
3c3b95f1381f68b1cc01d0989d2095e2	Unassigned	1.0
3c407f4919ef488573362f5cc4b5d5a2	Unassigned	1.0
3c58f2877e929d0ed971dbfce1b1dbb1	k__Fungi;p__Ascomycota;c__Pezizomycotina_cls_Incertae_sedis;o__Pezizomycotina_ord_Incertae_sedis;f__Pezizomycotina_fam_Incertae_sedis;g__Pezizomycotina_gen_Incertae_sedis;s__Pezizomycotina_sp	0.8
3c6ab1786cfe3b87c76896d600e09fce	Unassigned	1.0
3c7a4f165dd4d3953ab4d9ecb535166e	Unassigned	1.0
3cb7f895481ed15f12bbf2b7de81cc45	k__Fungi;p__Ascomycota;c__Sordariomycetes;o__Xylariales	0.9
3cc75fd402f8f084d7f06fa8a65ed092	Unassigned	1.0
3cd7fd999c903b64b62763fd3d1b2f4a	k__Fungi;p__Ascomycota;c__Sordariomycetes	0.6
3cdd83d183a4a5920c1dfdb67af63cc4	Unassigned	1.0
3ceb790100f4435b079b613b3082bb02	k__Fungi;p__Ascomycota;c__Sordariomycetes;o__Sordariomycetidae_ord_Incertae_sedis;f__Rhamphoriaceae;g__Rhamphoriaceae_gen_Incertae_sedis;s__Rhamphoriaceae_sp;sh__SH0148800.09FU	1.0
3d0a045a210c928e6d28898b1ac9508d	k__Fungi;p__Ascomycota;c__Leotiomycetes;o__Helotiales;f__Helotiaceae;g__Hymenoscyphus;s__Hymenoscyphus_sp	0.8
3d134950e2212b8806389e738755d663	k__Fungi;p__Basidiomycota;c__Cystobasidiomycetes	1.0
3d1ed5fb7a9671c1ac33140021e4ebca	Unassigned	1.0
3d29d664d596be9f749f8f49fef4365b	k__Fungi;p__Basidiomycota;c__Agaricomycetes;o__Trechisporales;f__Hydnodontaceae;g__Trechispora;s__Trechispora_nivea;sh__SH0139672.09FU	1.0
3d2c78c9e42830fe71e963da3f8d8e24	k__Fungi;p__Ascomycota;c__Eurotiomycetes;o__Chaetothyriales;f__Trichomeriaceae;g__Trichomerium	0.7
3d44ce70451a809d0ed8f873501a1602	k__Fungi;p__Ascomycota;c__Sordariomycetes;o__Hypocreales;f__Bionectriaceae	0.571
3d4dce9ecab1a5b95bca78e6e9de43f2	k__Fungi;p__Ascomycota;c__Eurotiomycetes;o__Chaetothyriales;f__Herpotrichiellaceae;g__Veronaea	0.6
3d5d175cc50b4ecbb3944e4dc25aa0af	k__Fungi;p__Ascomycota;c__Sordariomycetes;o__Atractosporales;f__Conlariaceae;g__Conlarium;s__Conlarium_sp	0.6
3d5f05576ee53d8da98a9288a886c489	k__Fungi;p__Ascomycota;c__Dothideomycetes;o__Dothideomycetes_ord_Incertae_sedis;f__Dothideomycetes_fam_Incertae_sedis;g__Dothideomycetes_gen_Incertae_sedis;s__Dothideomycetes_sp	0.6
3d6721169c4c9c0ad3d9d5c6435b32ac	Unassigned	1.0
3d712526fc9356b806a6c22bf1229dc7	k__Fungi;p__Ascomycota;c__Sordariomycetes;o__Hypocreales;f__Stachybotryaceae;g__Alfaria	0.667
3d87a3c8af7d0f91b2d5b0d0ce26c19c	Unassigned	1.0
3d976d17fc9a7b30f8697eaf92e377b2	Unassigned	1.0
3dae436d9311120228a4d462048e17c1	Unassigned	1.0
3daef9b8fc25e7ec818207b04a27df3e	k__Fungi;p__Ascomycota;c__Dothideomycetes;o__Botryosphaeriales;f__Aplosporellaceae;g__Aplosporella	1.0
3dc0530d5257a2a564726bc6e3dad3cd	k__Fungi;p__Basidiomycota;c__Agaricomycetes;o__Sebacinales;f__Serendipitaceae;g__Serendipita;s__Serendipita_sp	0.6
3dd14d92ebe411ea8dd4cc3551b23490	Unassigned	1.0
3e262d1905e591fc99657f63c684f706	Unassigned	1.0
3e45ad9003ef592f38911702d09ff5d9	Unassigned	1.0
3e689b711d4345635090bfaa6ca08ae2	k__Fungi;p__Ascomycota;c__Lecanoromycetes;o__Ostropales;f__Stictidaceae;g__Cryptodiscus;s__Cryptodiscus_sp	0.9
3e718774034f8049e0921fb6d5f2a3e9	k__Fungi;p__Ascomycota;c__Dothideomycetes;o__Pleosporales;f__Torulaceae;g__Torula;s__Torula_fici;sh__SH0048636.09FU	1.0
3e7ca669c72fada7212b32d64d90e434	Unassigned	1.0
3e8db8feaae248faafcbb2521c1e2c23	Unassigned	1.0
3e9dd860870bce7ea4801c3d5ef8a498	k__Fungi;p__Ascomycota;c__Orbiliomycetes;o__Orbiliales;f__Orbiliales_fam_Incertae_sedis;g__Orbiliales_gen_Incertae_sedis;s__Orbiliales_sp	1.0
3ea00db273f89be583b9d964adc9a626	k__Fungi;p__Ascomycota;c__Leotiomycetes;o__Helotiales	1.0
3ebe59feaf391069b28352b5c44519d7	k__Fungi;p__Ascomycota;c__Dothideomycetes;o__Mycosphaerellales	0.6
3edfa292e7dd24cd51563ffb2965e545	k__Fungi;p__Chytridiomycota;c__Chytridiomycota_cls_Incertae_sedis;o__Chytridiomycota_ord_Incertae_sedis;f__Chytridiomycota_fam_Incertae_sedis;g__Chytridiomycota_gen_Incertae_sedis;s__Chytridiomycota_sp	1.0
3efe17db7a1635931aa8460f5e509a94	Unassigned	1.0
3f23b1a11ea66f4c4254f6f693a8c9cc	k__Fungi;p__Ascomycota;c__Dothideomycetes;o__Pleosporales;f__Didymosphaeriaceae	0.7
3f24061600d8eed0e7d02812b331a496	Unassigned	1.0
3f35e67005b8265b5511e661fd584b0c	k__Fungi;p__Ascomycota;c__Dothideomycetes;o__Mycosphaerellales;f__Teratosphaeriaceae;g__Teratosphaeriaceae_gen_Incertae_sedis;s__Teratosphaeriaceae_sp	0.667
3f997acb6b36a10e7ba00a64fe58483d	k__Fungi;p__Basidiomycota;c__Agaricomycetes;o__Cantharellales	1.0
3f9b8cf6e216cac989dba8ed6c7dd129	k__Fungi;p__Ascomycota;c__Sordariomycetes;o__Hypocreales	1.0
3fa92e4866641db2fd0e8cf615c2b160	k__Fungi;p__Ascomycota;c__Dothideomycetes;o__Pleosporales;f__Pleosporales_fam_Incertae_sedis;g__Pleosporales_gen_Incertae_sedis;s__Pleosporales_sp;sh__SH0054472.09FU	1.0
3fb5aba2fd207f052c262c4362ff427e	Unassigned	1.0
3fe3ce3d6c5564e1c31ab715ea5a15f0	k__Fungi;p__Ascomycota	1.0
40141cbe4783532dc6517f0a276d8df9	Unassigned	1.0
4020992bd34d6e4bd801eced26c865e1	k__Fungi;p__Basidiomycota;c__Agaricostilbomycetes;o__Agaricostilbales;f__Chionosphaeraceae;g__Kurtzmanomyces;s__Kurtzmanomyces_sp;sh__SH0017157.09FU	1.0
40378eca3b25b639b996fa9e6ca4e46f	Unassigned	1.0
403940e406bfe1b624787ecda7d00a04	k__Fungi;p__Ascomycota;c__Orbiliomycetes;o__Orbiliales;f__Orbiliales_fam_Incertae_sedis;g__Orbiliales_gen_Incertae_sedis;s__Orbiliales_sp	0.857
404b7c7dd89851b141cdaba65a3452c0	Unassigned	1.0
40692b2b5139c9da26fb336ff17e8764	Unassigned	1.0
4088b534048d8efbfcfa21f895089c1e	k__Fungi;p__Ascomycota;c__Eurotiomycetes;o__Chaetothyriales;f__Trichomeriaceae;g__Trichomerium;s__Trichomerium_sp	0.6
408ac6be697aa0f75898aa6e13c5f53f	k__Fungi;p__Ascomycota;c__Sordariomycetes;o__Hypocreales;f__Stachybotryaceae	1.0
409287ce3d4ae80cd33d6a9791ace7f6	k__Fungi;p__Ascomycota;c__Sordariomycetes;o__Pleurotheciales;f__Pleurotheciaceae;g__Pleurotheciaceae_gen_Incertae_sedis;s__Pleurotheciaceae_sp	0.667
4092df92574713bb69799104eb1dd71f	k__Fungi;p__Basidiomycota;c__Agaricomycetes;o__Polyporales;f__Phanerochaetaceae	0.7
4094b7c120bfe138e0d6a657470aa168	k__Fungi;p__Ascomycota;c__Dothideomycetes	1.0
40a892a925f4fb453de53771e73a7b8c	k__Fungi;p__Ascomycota;c__Dothideomycetes;o__Mycosphaerellales;f__Teratosphaeriaceae	0.7
40b551291ada139e8b3a331cc324c70a	k__Fungi;p__Ascomycota;c__Eurotiomycetes;o__Chaetothyriales;f__Chaetothyriales_fam_Incertae_sedis;g__Chaetothyriales_gen_Incertae_sedis;s__Chaetothyriales_sp;sh__SH0098997.09FU	1.0
40c98c4bf3cded5ab5df3085e9ce3c99	k__Fungi;p__Ascomycota;c__Leotiomycetes;o__Helotiales	0.6
40cb01fa2d25494d0d93b4c79e7d2a66	k__Fungi;p__Ascomycota;c__Dothideomycetes;o__Capnodiales;f__Capnodiales_fam_Incertae_sedis;g__Capnodiales_gen_Incertae_sedis;s__Capnodiales_sp	1.0
40d8987e6dab4431901415cb04c7d299	Unassigned	1.0
4111f09401b696f6319decbb635c4130	Unassigned	1.0
411324311d0104aa3f1a63d0368c4c81	Unassigned	1.0
4116a1f1962d3faedc4b3f9b91690e67	k__Fungi;p__Ascomycota;c__Sordariomycetes;o__Xylariales;f__Sporocadaceae	0.8
4142e8395e015eb6289cfd6457b83bf7	Unassigned	1.0
4151e6c83ce5ac527d3201440f1ecb9d	Unassigned	1.0
415e14f98b9ce387acc7eb8aae65f7ee	k__Fungi;p__Ascomycota;c__Dothideomycetes;o__Mycosphaerellales;f__Teratosphaeriaceae	0.875
416d9e59c3f3c27ea09a02a740327424	k__Fungi;p__Basidiomycota;c__Agaricomycetes;o__Trechisporales;f__Trechisporales_fam_Incertae_sedis;g__Trechisporales_gen_Incertae_sedis;s__Trechisporales_sp	1.0
416e082390480bec644f113f8d3280b4	Unassigned	1.0
416ee0f8850d6cedae400107377fcb89	Unassigned	1.0
417a1a88bc52ece946e4f2587c593774	Unassigned	1.0
418e730ccba3bd4631047b29664917bd	k__Fungi;p__Ascomycota;c__Sordariomycetes;o__Xylariales;f__Hypoxylaceae;g__Hypoxylon	1.0
419415ee29862fa5260adf04cf1ccfb0	k__Fungi;p__Ascomycota;c__Dothideomycetes;o__Mycosphaerellales;f__Teratosphaeriaceae;g__Teratosphaeriaceae_gen_Incertae_sedis;s__Teratosphaeriaceae_sp	0.7
419dfe3a715fb0fb9f46b24abb237601	Unassigned	1.0
41b0b5e27f6ed1b0e8c990b5fb8fb247	Unassigned	1.0
41b9279cbcd06ea956e08a9b87f2c4f0	Unassigned	1.0
41d16f5a0d867a4b95fb0694cd2340db	Unassigned	1.0
41d89f01502a05bb9c765e04ce2057db	Unassigned	1.0
41e3bf5fbb8e2298f3e8b99791e2dd32	k__Fungi;p__Ascomycota;c__Sordariomycetes;o__Hypocreales	1.0
41fbc697bbf8f7fb74bd3e9a75ce6826	Unassigned	1.0
41fc340bcbe71e1c6d7d10be57b654f3	k__Fungi;p__Ascomycota;c__Dothideomycetes;o__Pleosporales;f__Massarinaceae;g__Helminthosporium	1.0
4205ff53b11b95e27c6029b1e8f57101	Unassigned	1.0
422c64569c5fc9c7d8d05e4b00cdfe5f	k__Fungi;p__Basidiomycota;c__Agaricomycetes;o__Agaricales;f__Agaricaceae;g__Agaricus	1.0
425cfedfe2fc0e452c07034c2bdebd0f	Unassigned	1.0
427ca2b355c38a66c8e7b8d3e0157ad1	Unassigned	1.0
427f60721e49ee970ee711461a440256	Unassigned	1.0
4284c54dceb984f0c6593cfcee808239	Unassigned	1.0
42a07484999572261145c0a3d6b81071	Unassigned	1.0
42a6b0af779d6318bc9272e59980a77b	k__Fungi;p__Ascomycota;c__Dothideomycetes;o__Pleosporales;f__Periconiaceae;g__Periconia	0.857
42ac1d8369d67ef5ed33e1f3e3f293f1	k__Fungi;p__Ascomycota;c__Eurotiomycetes;o__Chaetothyriales;f__Herpotrichiellaceae;g__Herpotrichiellaceae_gen_Incertae_sedis;s__Herpotrichiellaceae_sp	0.6
42b6eade0b16d9708bc2aeaf1f8445f9	Unassigned	1.0
42be969373dc7a1557f346553422de5c	Unassigned	1.0
42c0dc09578b03e9dd5a9c819fbf5bc6	Unassigned	1.0
42ed4d417550285aaeed3ab4564755aa	k__Fungi;p__Ascomycota;c__Sordariomycetes;o__Hypocreales;f__Nectriaceae;g__Fusarium	0.727
42f1a5f97ac46674586036d65d143329	k__Fungi;p__Ascomycota;c__Eurotiomycetes;o__Chaetothyriales;f__Trichomeriaceae	0.9
4324bc09336d52f106cbaf4316f67f7b	Unassigned	1.0
4338c47a61dcaf5497a47bf00ab1a6a8	k__Fungi;p__Ascomycota;c__Eurotiomycetes;o__Eurotiales;f__Aspergillaceae;g__Aspergillus;s__Aspergillus_penicillioides	0.571
433e9bf9fe85f00fee4d9a1db617aff8	Unassigned	1.0
43427414a89cdb6ca1743ec1e7c9bfe6	k__Fungi;p__Ascomycota;c__Leotiomycetes;o__Leotiales;f__Cochlearomycetaceae;g__Cochlearomycetaceae_gen_Incertae_sedis;s__Cochlearomycetaceae_sp	1.0
434c65b2d7c716e89c06d65725a3d69f	Unassigned	1.0
435c9742bf9aa389c678a62e967d266b	k__Fungi;p__Ascomycota;c__Ascomycota_cls_Incertae_sedis;o__Ascomycota_ord_Incertae_sedis;f__Ascomycota_fam_Incertae_sedis;g__Ascomycota_gen_Incertae_sedis;s__Ascomycota_sp	0.667
4365e29790e99157700286d60230a4bd	Unassigned	1.0
437563464b3754cc10f42998ae11d9d5	k__Fungi;p__Ascomycota;c__Lecanoromycetes;o__Ostropales;f__Ostropales_fam_Incertae_sedis;g__Ostropales_gen_Incertae_sedis;s__Ostropales_sp;sh__SH0033546.09FU	1.0
437584e31bb032e0607c1cd3e4eb11c5	k__Fungi;p__Ascomycota;c__Dothideomycetes;o__Botryosphaeriales;f__Botryosphaeriaceae	0.8
4376f3d10a461fc416e64fd746f4d3cf	k__Fungi;p__Ascomycota;c__Eurotiomycetes;o__Chaetothyriales;f__Trichomeriaceae;g__Trichomerium;s__Trichomerium_sp	0.6
4377717431e147a069f6bd44f1afe1ff	Unassigned	1.0
43817b43788c2c438dcd36bde849fce1	k__Fungi;p__Ascomycota;c__Sordariomycetes;o__Hypocreales;f__Hypocreaceae	1.0
439485757ed798035337a305d6cbe543	Unassigned	1.0
439c366bb820537e5e8ad051396d8ba7	Unassigned	1.0
43ae19872762c09f37b703d3380bce44	Unassigned	1.0
43f0662104bafdfdf9e6628c072b577d	Unassigned	1.0
43f542d4822f08630b704e1617e01a63	k__Fungi;p__Ascomycota;c__Dothideomycetes;o__Dothideomycetes_ord_Incertae_sedis;f__Dothideomycetes_fam_Incertae_sedis;g__Dothideomycetes_gen_Incertae_sedis;s__Dothideomycetes_sp;sh__SH0080937.09FU	1.0
43f7305cab92c948fae9a457323ed672	k__Fungi;p__Ascomycota;c__Sordariomycetes;o__Hypocreales;f__Ophiocordycipitaceae	1.0
4405a3b9933a2bed946e9147cedbd4ff	k__Fungi;p__Ascomycota;c__Leotiomycetes;o__Helotiales;f__Tympanidaceae	0.7
440b37343cda871f47d9973e49cd9178	Unassigned	1.0
440e03387218a3bae9ab98b14222d0e4	k__Fungi;p__Basidiomycota;c__Agaricomycetes;o__Trechisporales;f__Trechisporales_fam_Incertae_sedis;g__Trechisporales_gen_Incertae_sedis;s__Trechisporales_sp	1.0
4417e92e534f505dfe91e077906a4a86	k__Fungi;p__Ascomycota;c__Sordariomycetes;o__Sordariales;f__Sordariales_fam_Incertae_sedis	0.7
441ee4512865b2adbc848d2dee0a2b2d	k__Fungi;p__Mucoromycota;c__Umbelopsidomycetes;o__Umbelopsidales;f__Umbelopsidaceae;g__Umbelopsis;s__Umbelopsis_sp	0.75
442ad6be714b0c84c1857c64deed05dd	Unassigned	1.0
442f0fc0660f8d890cc3ca28b2050ccc	Unassigned	1.0
443ad4b801662d053ec876da149ddf89	Unassigned	1.0
443b358c75ed445b4d9a09a9aeca6f82	Unassigned	1.0
443f9f22821828cc915f5a022d3f9e5b	k__Fungi;p__Ascomycota;c__Dothideomycetes;o__Pleosporales;f__Tetraplosphaeriaceae;g__Tetraploa	1.0
4488349c68c0e45a975727b33a02c1a6	k__Fungi;p__Ascomycota;c__Dothideomycetes;o__Pleosporales;f__Teichosporaceae	1.0
44b18b65232e275c3649107ddd2ad4b0	k__Fungi;p__Ascomycota;c__Leotiomycetes;o__Helotiales	1.0
44b2a426c952d288dd27a7cbfc83c44c	Unassigned	1.0
44c6578c72826e8c6d6f04add7025a50	k__Fungi;p__Basidiomycota;c__Agaricomycetes;o__Agaricales;f__Inocybaceae;g__Inocybe;s__Inocybe_sp	1.0
44eb7668156428f10c572b5c9992030f	Unassigned	1.0
44f09deaae5cc3d8795ab36ae3b96553	Unassigned	1.0
44f37a779633112458dcd9070381d976	Unassigned	1.0
44fcadc48d4715cb5f278365f53d5863	Unassigned	1.0
450023d1b834f2f5c01fd85222e21624	Unassigned	1.0
4524269096f15d344b850100af21205a	k__Fungi;p__Ascomycota;c__Leotiomycetes;o__Helotiales	1.0
455dc69e928f36c4265ca2443f926e81	Unassigned	1.0
4565ecacd0e571cd4ead9e6b8b4cab59	Unassigned	1.0
45733262af1d3629597ce289e20dd8d5	k__Fungi;p__Fungi_phy_Incertae_sedis;c__Fungi_cls_Incertae_sedis;o__Fungi_ord_Incertae_sedis;f__Fungi_fam_Incertae_sedis;g__Fungi_gen_Incertae_sedis;s__Fungi_sp;sh__SH0140015.09FU	1.0
4574476bae90b6953873b4cd09ed3e45	k__Fungi;p__Ascomycota;c__Dothideomycetes;o__Pleosporales;f__Didymosphaeriaceae;g__Paraconiothyrium	0.625
457e407749d44ecdf18aaca178f3c65b	k__Fungi;p__Ascomycota;c__Leotiomycetes;o__Helotiales	0.7
45a0c16b19b11587d8bf2c22182b51ae	Unassigned	1.0
45a97129f0ec0e03bd58f524df0b8203	k__Fungi;p__Ascomycota;c__Dothideomycetes;o__Pleosporales;f__Pleosporales_fam_Incertae_sedis;g__Pseudochaetosphaeronema	0.6
45d4459612a506dda79b938325f141e7	Unassigned	1.0
45f51fa817e0daa3d3e7178d2bf988bd	Unassigned	1.0
45ff4f5ae268770e9c93407aa36da3ae	k__Fungi;p__Ascomycota;c__Eurotiomycetes;o__Chaetothyriales;f__Herpotrichiellaceae;g__Cladophialophora;s__Cladophialophora_sp	0.6
462915c0792b3e167c60791b7b49f1e4	Unassigned	1.0
4639919a4aaa3f52e98a57506904309d	k__Fungi;p__Ascomycota;c__Dothideomycetes;o__Mycosphaerellales	0.8
4640bbdada9e90f920a78a4bf46f2a6f	k__Fungi;p__Basidiomycota;c__Agaricomycetes;o__Agaricales;f__Tricholomataceae;g__Resupinatus	0.6
46935b50e8b6b0d9868afe9acb466e17	k__Fungi;p__Ascomycota;c__Dothideomycetes;o__Pleosporales;f__Pleosporales_fam_Incertae_sedis	1.0
46b382ed98360e2175af5e8a9fc8e721	k__Fungi;p__Basidiomycota;c__Agaricomycetes;o__Hymenochaetales;f__Schizoporaceae;g__Lyomyces	0.6
46c947777cf58078fce518320e0b29db	k__Fungi;p__Ascomycota;c__Dothideomycetes	1.0
46d5b6bdffc19a0d200bdfd5f31f249b	k__Fungi;p__Mortierellomycota;c__Mortierellomycetes;o__Mortierellales;f__Mortierellaceae;g__Mortierella	0.667
46dc597f81e09e3e8282230f69c12eff	k__Fungi;p__Ascomycota;c__Eurotiomycetes;o__Chaetothyriales	1.0
46e16e0ae6ab05ea9f2348964c690d6c	k__Fungi;p__Ascomycota;c__Sordariomycetes;o__Sordariales;f__Sordariales_fam_Incertae_sedis	0.7
4707ec93ba4461b8599914c23638f4ff	Unassigned	1.0
470a96e294c83121a38a6dd715372feb	Unassigned	1.0
476bfb7fa20d13b3f598182f9c75421e	Unassigned	1.0
4782bf030c84e89845073163c8b879a8	Unassigned	1.0
478581bd2b81d03424b4a7f85c3070ad	k__Fungi;p__Ascomycota	1.0
478ba89b6f83f2d94afb263aa0c003d5	Unassigned	1.0
47a8208d87393ec69bdb1173c2e443e5	k__Fungi;p__Ascomycota;c__Dothideomycetes;o__Capnodiales;f__Neodevriesiaceae;g__Neodevriesia	0.7
47bd50ed64b073586624c2e5e1733720	Unassigned	1.0
47bfc0cf13097a5c662ef32a27a8d11b	Unassigned	1.0
47ce4911af3735f550f780180674f4f3	Unassigned	1.0
47ff0ab27be3d392c44fb4bf018c7570	Unassigned	1.0
48127f0dcf1a54bac37ec1dfd7673990	k__Fungi;p__Ascomycota;c__Sordariomycetes;o__Hypocreales;f__Clavicipitaceae	0.7
4821e324910d939be5891d0ed0ff19f1	Unassigned	1.0
4827f4c2653ff057c6487c94987ffb7d	k__Fungi;p__Ascomycota;c__Dothideomycetes;o__Myriangiales;f__Myriangiales_fam_Incertae_sedis;g__Myriangiales_gen_Incertae_sedis;s__Myriangiales_sp;sh__SH0034789.09FU	1.0
4829eea0fe562bc6c444f26a95b40f29	Unassigned	1.0
48552db2a849bd1c5e3dacc1bda25032	k__Fungi;p__Ascomycota;c__Sordariomycetes;o__Hypocreales;f__Cordycipitaceae;g__Leptobacillium;s__Leptobacillium_leptobactrum;sh__SH0029226.09FU	1.0
4857b24b97fa09cdb83187196b475db0	Unassigned	1.0
4859740aee58edaf9557e88ddf87968d	Unassigned	1.0
48661f5fd25769eb9ba100b00ff9e7a6	Unassigned	1.0
487a6129ec9e84e24a9fda316db941c7	Unassigned	1.0
488d67aa43c67048e802b98136b63ecc	Unassigned	1.0
48971756e17b226760d78e13096110d8	Unassigned	1.0
48a553107305898234f9d49f9004a7a7	Unassigned	1.0
48ab623c52b07e240ef8bac7b1a1ce4b	Unassigned	1.0
48c248d49391da1883524c26713cddef	Unassigned	1.0
48cb0e98fcf1e9f39feb4785fa30e8e7	k__Fungi;p__Ascomycota;c__Sordariomycetes;o__Hypocreales;f__Ophiocordycipitaceae;g__Tolypocladium	0.8
4906b35ae1bb6f16f1217ca4874f6d9b	Unassigned	1.0
4913408f8496795367ac7252b5c6d86b	k__Fungi;p__Basidiomycota;c__Atractiellomycetes;o__Atractiellales;f__Phleogenaceae;g__Phleogenaceae_gen_Incertae_sedis;s__Phleogenaceae_sp;sh__SH0225244.09FU	1.0
491ad73d62b2386cb37c367df34e056f	k__Fungi;p__Basidiomycota;c__Agaricomycetes;o__Hymenochaetales;f__Hymenochaetaceae;g__Hymenochaete	1.0
4934e43559ef7e93dc0e6f157b28f95a	Unassigned	1.0
49392008f7ae08bedcfb38b40d6ab04d	k__Fungi;p__Ascomycota;c__Sordariomycetes;o__Hypocreales	1.0
4943a2b255498268ef547033bbe2cf21	k__Fungi;p__Ascomycota;c__Dothideomycetes;o__Pleosporales;f__Didymellaceae	1.0
4944c471509da32f2d4e9797f5eb3bb7	Unassigned	1.0
4957302c50c5fefb3d7fe49ed3932100	k__Fungi;p__Ascomycota;c__Dothideomycetes;o__Pleosporales;f__Pleosporales_fam_Incertae_sedis;g__Pleosporales_gen_Incertae_sedis;s__Pleosporales_sp	0.667
49676408359deed746a9712f4ba143ab	Unassigned	1.0
49683975c4dbc05a3f4cf7b943af5484	k__Fungi;p__Basidiomycota;c__Agaricomycetes;o__Trechisporales;f__Trechisporales_fam_Incertae_sedis;g__Trechisporales_gen_Incertae_sedis;s__Trechisporales_sp	1.0
4973e3c79bf2c48f9746f3832ce9a462	k__Fungi;p__Ascomycota;c__Dothideomycetes;o__Pleosporales;f__Pleosporales_fam_Incertae_sedis	1.0
497ef5c4101f17bd6b11215dc2f8cc37	Unassigned	1.0
49844e7ca63c3fb0b56e792cdb6c7ab0	k__Fungi;p__Ascomycota;c__Dothideomycetes;o__Capnodiales;f__Capnodiales_fam_Incertae_sedis;g__Capnodiales_gen_Incertae_sedis;s__Capnodiales_sp	1.0
498fe16a3b81ab56164d7525e7eaf72b	Unassigned	1.0
499b6d704b9fe1f28b42ed3bf356bdcd	Unassigned	1.0
49b1b26d39893b3ac61a8b8bc20f4778	k__Fungi;p__Ascomycota;c__Dothideomycetes;o__Pleosporales;f__Lentitheciaceae;g__Lentitheciaceae_gen_Incertae_sedis;s__Lentitheciaceae_sp;sh__SH0234133.09FU	1.0
49c6276c79541f8cc13ea8a48c631e63	k__Fungi;p__Ascomycota;c__Sordariomycetes;o__Xylariales;f__Amphisphaeriaceae;g__Microdochium;s__Microdochium_sp;sh__SH0032221.09FU	1.0
49df785366f54759707109a70abaf800	k__Fungi;p__Ascomycota;c__Sordariomycetes;o__Hypocreales	1.0
4a087f20eb2e817f6a1a8955044cf0c9	Unassigned	1.0
4a89a271fb1ba14921d98076e8608a43	Unassigned	1.0
4a91c8481fdf0c8017b98d43af8a2c8b	k__Fungi;p__Ascomycota;c__Sordariomycetes;o__Xylariales;f__Diatrypaceae;g__Peroneutypa	1.0
4ab013b17c5bff1a3532af8dfbdbf7db	k__Fungi;p__Ascomycota;c__Sordariomycetes;o__Hypocreales	0.833
4ac2558bdfec97760cb68a1afd6bbe56	k__Fungi;p__Ascomycota;c__Sordariomycetes;o__Hypocreales	1.0
4af95120494ee5fab4841e9505876e0b	k__Fungi;p__Basidiomycota;c__Agaricomycetes;o__Sebacinales;f__Sebacinaceae;g__Sebacina;s__Sebacina_sp	0.9
4aff62547529562d9881f134844c7e8e	k__Fungi;p__Ascomycota;c__Dothideomycetes;o__Mycosphaerellales;f__Mycosphaerellaceae;g__Pseudocercospora	1.0
4b1488c11af28f934c0310b7ba3b605d	Unassigned	1.0
4b1aa295f36da2c68e03b8f0e7f04a91	Unassigned	1.0
4b33738b4f896945ebe0074fcb6792de	Unassigned	1.0
4b339fd9f49e8255969850011ea082fb	Unassigned	1.0
4b3a403450c42bd0f966fcf135599efd	Unassigned	1.0
4b529bc3c63a9e3c0c3a526ce7b7921f	Unassigned	1.0
4b61cf56c71a461aad980f1466bedeb8	k__Fungi;p__Ascomycota;c__Eurotiomycetes;o__Chaetothyriales;f__Trichomeriaceae;g__Brycekendrickomyces;s__Brycekendrickomyces_acaciae;sh__SH0125364.09FU	1.0
4b6b1adb35694a0f2def19da9cce4fe6	k__Fungi;p__Fungi_phy_Incertae_sedis;c__Fungi_cls_Incertae_sedis;o__Fungi_ord_Incertae_sedis;f__Fungi_fam_Incertae_sedis;g__Fungi_gen_Incertae_sedis;s__Fungi_sp	1.0
4b887ed343950ce0d2da07994aeab527	k__Fungi;p__Ascomycota;c__Dothideomycetes;o__Mycosphaerellales;f__Teratosphaeriaceae;g__Teratosphaeria	0.8
4b8d461f61e67d8f97e043aad6d5f5eb	Unassigned	1.0
4baf4e5f2b75b20435c29fe371f6118b	Unassigned	1.0
4bbc6b07ee07669cc162eb817f77734e	k__Fungi;p__Ascomycota;c__Eurotiomycetes;o__Chaetothyriales	1.0
4bdbcc0a5acb48f73f7cc375c93222dc	k__Fungi;p__Basidiomycota;c__Agaricomycetes;o__Agaricales;f__Cystostereaceae;g__Cystidiodontia	0.75
4bf16ac2281cbdc60d688437cdc2db0f	Unassigned	1.0
4bfe433f48f73e43b61f3fac649b3279	k__Fungi;p__Ascomycota;c__Sordariomycetes;o__Hypocreales;f__Nectriaceae	0.9
4c027784d3cd7876f96411d4f148c344	Unassigned	1.0
4c02996cff53a40d159c13bb185647a5	k__Fungi;p__Ascomycota;c__Sordariomycetes;o__Hypocreales	1.0
4c05dd6c27095a411da778a657583c39	k__Fungi;p__Ascomycota;c__Dothideomycetes;o__Pleosporales;f__Cucurbitariaceae;g__Neocucurbitaria	0.667
4c0997a75d71faefa5a0c101c5f9078f	Unassigned	1.0
4c1a51d50c91dba974d5a0802044d8f5	Unassigned	1.0
4c2627a44eb6021b0e104020e446b1c8	k__Fungi;p__Ascomycota;c__Ascomycota_cls_Incertae_sedis;o__Ascomycota_ord_Incertae_sedis;f__Ascomycota_fam_Incertae_sedis;g__Ascomycota_gen_Incertae_sedis;s__Ascomycota_sp;sh__SH0030133.09FU	1.0
4c3c4ef30737c0361ddbde731a6c6b6c	k__Fungi;p__Ascomycota;c__Dothideomycetes;o__Pleosporales	1.0
4c421def6df2c29fc4023ee606b37211	k__Fungi;p__Ascomycota;c__Dothideomycetes;o__Tubeufiales;f__Tubeufiaceae;g__Tubeufiaceae_gen_Incertae_sedis;s__Tubeufiaceae_sp	0.9
4c47a234385696eb6614e31931c687ab	k__Fungi;p__Ascomycota;c__Dothideomycetes;o__Pleosporales	1.0
4c4c4f6319d9207a42ac3224be455f35	k__Fungi;p__Basidiomycota;c__Agaricomycetes;o__Agaricales;f__Strophariaceae;g__Pholiota	0.727
4c5e0bf7fc7f92b1c82abab86fe88cd4	k__Fungi;p__Ascomycota;c__Dothideomycetes;o__Mycosphaerellales;f__Mycosphaerellaceae;g__Stomiopeltis;s__Stomiopeltis_sp;sh__SH0178149.09FU	1.0
4c6760ca79464d01c8f6883f090ac7f0	Unassigned	1.0
4c6953ba9cf971bb9f0d9286ee0262c2	k__Fungi;p__Ascomycota;c__Eurotiomycetes;o__Chaetothyriales;f__Herpotrichiellaceae	0.6
4c7aecd340929d1c8f677520743edfbe	Unassigned	1.0
4c90f52828b706986d79009aff0e5743	k__Fungi;p__Ascomycota;c__Orbiliomycetes;o__Orbiliales;f__Orbiliaceae;g__Orbilia;s__Orbilia_aristata	0.667
4c9363576650465edbdf7528e3d15276	Unassigned	1.0
4ca5daf7ff863993ef9834003a2db5d7	k__Fungi;p__Basidiomycota;c__Agaricomycetes;o__Russulales;f__Lachnocladiaceae;g__Vararia;s__Vararia_sp	0.75
4ca66d896b6caa8858e5f68f3384da83	Unassigned	1.0
4cac66122b65d4a50febee62d43dfb23	k__Fungi;p__Basidiomycota;c__Agaricomycetes;o__Agaricomycetes_ord_Incertae_sedis;f__Agaricomycetes_fam_Incertae_sedis;g__Agaricomycetes_gen_Incertae_sedis;s__Agaricomycetes_sp	1.0
4cb128d5aacbf64d4a87944e925dd8f0	k__Fungi;p__Ascomycota;c__Ascomycota_cls_Incertae_sedis;o__Ascomycota_ord_Incertae_sedis;f__Ascomycota_fam_Incertae_sedis;g__Ascomycota_gen_Incertae_sedis;s__Ascomycota_sp	1.0
4ccbf1b328420fce507e2152edd02c7a	k__Fungi;p__Ascomycota;c__Sordariomycetes;o__Hypocreales;f__Sarocladiaceae;g__Parasarocladium	0.667
4ccd2170453a213af29a7ce2005f13f9	Unassigned	1.0
4ce8a11041c95c0a62f00287a8e51b1e	k__Fungi;p__Ascomycota;c__Sordariomycetes;o__Hypocreales;f__Nectriaceae	1.0
4ce8bac3aec5ee78a339c1b3a55e87c6	Unassigned	1.0
4ced7f0a0b6adcf61c9baee1b59c6ab1	k__Fungi;p__Ascomycota;c__Dothideomycetes;o__Pleosporales;f__Corynesporascaceae;g__Corynespora;s__Corynespora_cassiicola;sh__SH0048835.09FU	1.0
4d3a61a2cd9cf9dd72b97370a7894f2b	Unassigned	1.0
4d3e12360fc2b69487c31f1219b4fec0	Unassigned	1.0
4d4f0d9d1cb8f6b8b020f59c8e46544e	k__Fungi;p__Ascomycota;c__Sordariomycetes;o__Xylariales	0.7
4d53019636107b0d023ff7075b9995f5	k__Fungi;p__Ascomycota;c__Dothideomycetes;o__Mycosphaerellales	1.0
4d74862e2473632de5aa7ef57404bc7f	Unassigned	1.0
4d7bda23609c3eba12a32d552de3e250	Unassigned	1.0
4d7c8a2ab604cafc3f995c0f6255463b	k__Fungi;p__Ascomycota;c__Eurotiomycetes;o__Chaetothyriales;f__Chaetothyriales_fam_Incertae_sedis;g__Chaetothyriales_gen_Incertae_sedis;s__Chaetothyriales_sp	1.0
4da0de9b7c940e38766548e5a27adb4c	k__Fungi;p__Ascomycota;c__Sordariomycetes;o__Phomatosporales;f__Phomatosporaceae;g__Phomatospora	0.7
4da4e05d3f33b1327683ad27afc1e8a0	k__Fungi;p__Ascomycota;c__Sordariomycetes;o__Hypocreales	1.0
4db9223884dca48f7f6a9983a82ab09a	Unassigned	1.0
4dbd8de4d6c2cc67c4b861d77b797e10	k__Fungi;p__Ascomycota;c__Dothideomycetes;o__Pleosporales;f__Periconiaceae;g__Periconia	1.0
4dce3338630709d915451ba005c6ed7f	k__Fungi;p__Ascomycota;c__Dothideomycetes;o__Mycosphaerellales	0.6
4de96ef352d31616e6f972de74444dae	k__Fungi;p__Basidiomycota;c__Agaricomycetes;o__Agaricales;f__Psathyrellaceae;g__Psathyrella;s__Psathyrella_sp	0.6
4df969136d50cca608e0d4ad0aa7e758	k__Fungi;p__Ascomycota;c__Sordariomycetes;o__Hypocreales;f__Hypocreales_fam_Incertae_sedis;g__Hypocreales_gen_Incertae_sedis;s__Hypocreales_sp	0.7
4e0b0e3d2c52f34eeae4706a0eb67686	Unassigned	1.0
4e18f2b3b3d07a0084dd351a38801216	Unassigned	1.0
4e19da1a9c3d0ba9330a38727e31b89e	k__Fungi;p__Ascomycota;c__Dothideomycetes;o__Pleosporales;f__Pleosporales_fam_Incertae_sedis;g__Pleosporales_gen_Incertae_sedis;s__Pleosporales_sp;sh__SH0057812.09FU	1.0
4e20aed3fcee765d56bf10c5a142e655	k__Fungi;p__Ascomycota;c__Eurotiomycetes;o__Chaetothyriales;f__Herpotrichiellaceae	0.6
4e31621ce29a6ef9a4fd68f828cd0cbd	k__Fungi;p__Ascomycota;c__Sordariomycetes	1.0
4e338970d7ed4ec371f5271f82eb34ea	k__Fungi;p__Ascomycota;c__Eurotiomycetes;o__Chaetothyriales;f__Cyphellophoraceae;g__Cyphellophora	0.9
4e612556e273de793ec1226ad802b8f5	k__Fungi;p__Ascomycota;c__Dothideomycetes;o__Dothideomycetes_ord_Incertae_sedis;f__Dothideomycetes_fam_Incertae_sedis;g__Dothideomycetes_gen_Incertae_sedis;s__Dothideomycetes_sp;sh__SH0171992.09FU	1.0
4e74a1f142ddc275e83c26eb4c13ee47	Unassigned	1.0
4e77f6b842185168ff7e540ee57586ac	k__Fungi;p__Ascomycota;c__Dothideomycetes;o__Pleosporales;f__Phaeosphaeriaceae;g__Setophaeosphaeria;s__Setophaeosphaeria_hemerocallidis;sh__SH0025213.09FU	1.0
4e97dfd37e20c9f8bfbcc9c53e8a006b	Unassigned	1.0
4e9820d4f1c349aad1d3c1eddb975007	Unassigned	1.0
4e996772b83446ffdc56238610920e05	Unassigned	1.0
4e9fffe4e7a0bee883ef2df755073160	Unassigned	1.0
4ec4615a6d500a26aa35f534681b9ca0	k__Fungi;p__Basidiomycota;c__Agaricomycetes;o__Russulales;f__Lachnocladiaceae;g__Vararia;s__Vararia_breviphysa	0.667
4ecf9975ed5f80727eb36ca22dda5c55	Unassigned	1.0
4ed37ae3eb7d85c9ad31ba8644466bab	k__Fungi;p__Ascomycota;c__Dothideomycetes;o__Mycosphaerellales;f__Mycosphaerellaceae	0.8
4ed78aa6d3942189ccb62f9aa77632c8	k__Fungi;p__Ascomycota;c__Dothideomycetes;o__Pleosporales;f__Neomassarinaceae;g__Pseudohelminthosporium;s__Pseudohelminthosporium_sp;sh__SH0082909.09FU	1.0
4f125b8e1f229c286e4c4d77fb25ccd8	k__Fungi;p__Ascomycota;c__Sordariomycetes;o__Chaetosphaeriales;f__Chaetosphaeriaceae;g__Menisporopsis	0.6
4f1432ef5215840aecff27046acfe7ae	k__Fungi;p__Basidiomycota;c__Agaricomycetes;o__Trechisporales;f__Trechisporales_fam_Incertae_sedis;g__Trechisporales_gen_Incertae_sedis;s__Trechisporales_sp	1.0
4f194c72ce0428684042c0de58ae652b	k__Fungi;p__Ascomycota;c__Dothideomycetes;o__Pleosporales	0.875
4f2ea26a222db50b43589283e2b8f669	Unassigned	1.0
4f49ac808ef7784b9ea6963ce573d76a	Unassigned	1.0
4f8002e8095366c2e85942bfb235d15e	Unassigned	1.0
4f8b82ea84117033ea109f2a8deca9de	Unassigned	1.0
4f982847195ab67f4210df0afaf75069	k__Fungi;p__Ascomycota;c__Eurotiomycetes;o__Chaetothyriales;f__Herpotrichiellaceae;g__Exophiala;s__Exophiala_sp	0.8
4fc4163ea1f6cf3df0cfc80a65f576a4	Unassigned	1.0
4fca012fcac74ec15bc71dcd821c628f	k__Fungi;p__Ascomycota;c__Taphrinomycetes;o__Taphrinales;f__Taphrinaceae;g__Taphrina	1.0
4fcfac0b587023721e2e862f2b17fb11	Unassigned	1.0
4fd53dccd47bb70585ccb2608370273d	k__Fungi;p__Ascomycota;c__Leotiomycetes;o__Helotiales;f__Helotiaceae;g__Hymenoscyphus;s__Hymenoscyphus_sp	0.8
502a21c4d21130fb59027baa0d13894a	k__Fungi;p__Ascomycota;c__Eurotiomycetes;o__Chaetothyriales;f__Cyphellophoraceae;g__Cyphellophora;s__Cyphellophora_sp	0.833
50365a3d886cb04b04de456e9a6314f2	k__Fungi;p__Ascomycota;c__Sordariomycetes;o__Hypocreales;f__Tilachlidiaceae;g__Tilachlidium;s__Tilachlidium_sp	0.667
5037a9b55d3a04d085c42d76ce57174e	k__Fungi;p__Ascomycota;c__Eurotiomycetes;o__Chaetothyriales;f__Cyphellophoraceae;g__Cyphellophora;s__Cyphellophora_sp	0.6
50630d36d53a421f3679e63e3b06f168	k__Fungi;p__Ascomycota;c__Dothideomycetes;o__Capnodiales;f__Capnodiales_fam_Incertae_sedis;g__Capnodiales_gen_Incertae_sedis;s__Capnodiales_sp	0.667
50684d29da8433db8b07ddac21fe58b4	k__Fungi;p__Ascomycota;c__Leotiomycetes;o__Helotiales	0.8
5087350cf3e67406111f1618b8668826	k__Fungi;p__Ascomycota;c__Eurotiomycetes;o__Chaetothyriales	1.0
50bce91238d394d8428aa52da8254262	k__Fungi;p__Basidiomycota;c__Agaricomycetes;o__Trechisporales;f__Trechisporales_fam_Incertae_sedis;g__Trechisporales_gen_Incertae_sedis;s__Trechisporales_sp;sh__SH0019943.09FU	1.0
50d1539a8247ad8a553008e475d9249c	Unassigned	1.0
50df9f4e2b01a5e99e51e918ebc1ad53	k__Fungi;p__Ascomycota;c__Dothideomycetes	1.0
50ef3d36fd1c10800e0b2797b71a0761	Unassigned	1.0
5108fec0a2262f2b708061ea25ac121b	k__Fungi;p__Ascomycota;c__Dothideomycetes;o__Mycosphaerellales;f__Teratosphaeriaceae;g__Teratosphaeria	0.556
5110195157336d642e14a33f6c74bddc	k__Fungi;p__Basidiomycota;c__Agaricomycetes;o__Hymenochaetales;f__Hymenochaetaceae;g__Fuscoporia	0.556
512edc33fe564eae14b09ed546565f5e	k__Fungi;p__Ascomycota;c__Dothideomycetes;o__Pleosporales;f__Fuscostagonosporaceae;g__Fuscostagonospora;s__Fuscostagonospora_banksiae;sh__SH0194566.09FU	1.0
513e8e059373b272d64141f96fdcefa5	k__Fungi;p__Basidiomycota;c__Microbotryomycetes;o__Microbotryomycetes_ord_Incertae_sedis;f__Colacogloeaceae;g__Colacogloea;s__Colacogloea_rhododendri;sh__SH0230736.09FU	1.0
5149ce4dc1596c4dba6ed2f68b5bdb9a	k__Fungi;p__Ascomycota	1.0
515d82a662afc03e79d0f3f9e2aa3ea7	Unassigned	1.0
515e900ecf3416ebfc792804a4496a7e	k__Fungi;p__Ascomycota;c__Leotiomycetes;o__Helotiales;f__Tympanidaceae	1.0
518cea885859079f8d44d6bf1d9fa7fb	Unassigned	1.0
51989299ba912fc3237cb883749a559e	Unassigned	1.0
51a5cd3d213ca0cd452e2a5f4d595c59	Unassigned	1.0
51ae1fe84060408f07033d2c416e9dd4	k__Fungi;p__Ascomycota;c__Sordariomycetes;o__Hypocreales;f__Hypocreales_fam_Incertae_sedis	0.6
51cd4cf56bfd74979e341432dc26ba67	Unassigned	1.0
51d5150191c6de25c12efb8acd7411af	k__Fungi;p__Ascomycota;c__Dothideomycetes;o__Pleosporales;f__Dictyosporiaceae;g__Verrucoccum	0.667
51dbafc5e011b01325eee5017dc0ec9f	k__Fungi;p__Ascomycota;c__Eurotiomycetes;o__Chaetothyriales;f__Herpotrichiellaceae;g__Cladophialophora	0.7
51e89765ab4d343627a20a746fdd51db	k__Fungi;p__Ascomycota;c__Sordariomycetes;o__Hypocreales	1.0
5204d43c7d924abd01e25c1c9b1e9521	Unassigned	1.0
520a33c54c543d0db853387f5b17f0c9	k__Fungi;p__Ascomycota;c__Sordariomycetes;o__Xylariales;f__Amphisphaeriaceae;g__Microdochium;s__Microdochium_sp;sh__SH0032221.09FU	1.0
522239956dacbb8f5bedb71927b397c4	Unassigned	1.0
52311585d15b0646ecf545ae713eeed6	k__Fungi;p__Basidiomycota;c__Cystobasidiomycetes	1.0
5238f43cf89639a55c8e89a38beadf1f	Unassigned	1.0
523dda293cdeddd439ba971be860d018	k__Fungi;p__Ascomycota;c__Sordariomycetes	0.6
528605ca637ee6caad2ea0919480b786	k__Fungi;p__Ascomycota;c__Ascomycota_cls_Incertae_sedis;o__Ascomycota_ord_Incertae_sedis;f__Ascomycota_fam_Incertae_sedis;g__Ascomycota_gen_Incertae_sedis;s__Ascomycota_sp;sh__SH0030133.09FU	1.0
528c37137fd02ec5bba881ba73dd2d99	Unassigned	1.0
5299ca23072bceb0474bc639ce594b10	Unassigned	1.0
529abce73a5844718e8952a5c880776f	k__Fungi;p__Ascomycota;c__Eurotiomycetes;o__Chaetothyriales;f__Herpotrichiellaceae	0.9
52a7a6ad8663a4afda80dcb6a1ba7487	Unassigned	1.0
52bdb31053219724f7b2c3777cf3df57	k__Fungi;p__Basidiomycota;c__Agaricomycetes;o__Agaricales;f__Agaricales_fam_Incertae_sedis;g__Agaricales_gen_Incertae_sedis;s__Agaricales_sp	1.0
52e051a76fa9f651518ec81db16bef60	k__Fungi;p__Ascomycota;c__Dothideomycetes;o__Mycosphaerellales	0.8
52ea1e5e95f453d4b5eb80d418a9a5f3	Unassigned	1.0
52edff8a5dcdad8c5ebc26915e8fac87	Unassigned	1.0
52efcf0215a902dafac46204ec5c1cb5	k__Fungi;p__Ascomycota;c__Sordariomycetes;o__Hypocreales;f__Hypocreales_fam_Incertae_sedis;g__Hypocreales_gen_Incertae_sedis;s__Hypocreales_sp	0.6
52fa1e3f53d7198870de10ac01d0667a	k__Fungi;p__Basidiomycota;c__Agaricomycetes;o__Agaricales;f__Agaricales_fam_Incertae_sedis;g__Agaricales_gen_Incertae_sedis;s__Agaricales_sp;sh__SH0224037.09FU	1.0
530d840644402d576d4b15d27ba89934	Unassigned	1.0
530df1d93af6afffc1f4f15045da9473	Unassigned	1.0
5318115a664954f6a98be00fe161e20f	Unassigned	1.0
5332b3c19765becaa532a8bedc67178c	Unassigned	1.0
5338cbd72862c47bda25dcd00ee69002	k__Fungi;p__Ascomycota;c__Sordariomycetes;o__Xylariales;f__Graphostromataceae;g__Biscogniauxia	0.833
533e8db8275d13785872835559672ebb	Unassigned	1.0
535d6efeb73770cbb7cc388c83eedadc	Unassigned	1.0
53bed140be59a199864de6c4e4532430	k__Fungi;p__Ascomycota;c__Eurotiomycetes;o__Chaetothyriales;f__Herpotrichiellaceae	1.0
53c121d14e077386caa20bc2d4b20038	Unassigned	1.0
53c3191e117889249f9aa0d5b9c464c9	Unassigned	1.0
53c791e318388dda670f88886a3a8a0c	k__Fungi	1.0
53df7f37645803b54f721e4395db585d	Unassigned	1.0
53e1f373f105654020da10f9787f0b1b	k__Fungi;p__Ascomycota;c__Sordariomycetes;o__Hypocreales	1.0
53e367871cd09b085bccbce20d641fb3	k__Fungi;p__Ascomycota;c__Dothideomycetes;o__Mycosphaerellales	1.0
5427c57ce381cae2e26673e183f62bc2	k__Fungi;p__Ascomycota;c__Pezizomycetes;o__Pezizales;f__Sarcosomataceae;g__Plectania;s__Plectania_sp	0.778
542923978a04052ce76560d1b5cd8361	Unassigned	1.0
542f35571a41a5736dde3093d57e0e5b	Unassigned	1.0
543beb7d3ab00398c32f891b45a1eafb	Unassigned	1.0
543f801ea8cfb9ed91b8f8ed02697be1	Unassigned	1.0
545fbc68823ea41efb9fe8ea3f33b58d	k__Fungi;p__Fungi_phy_Incertae_sedis;c__Fungi_cls_Incertae_sedis;o__Fungi_ord_Incertae_sedis;f__Fungi_fam_Incertae_sedis;g__Fungi_gen_Incertae_sedis;s__Fungi_sp	1.0
5466997903b611c70c3ebf78764733a6	Unassigned	1.0
5466d2a57e12c9f1d55d7dbb3e9ee68c	k__Fungi;p__Ascomycota;c__Dothideomycetes;o__Mycosphaerellales	0.667
54778dfe3a424034e10513b02e8f88d2	Unassigned	1.0
5481721b356f73b906bad15170eec8f8	k__Fungi;p__Basidiomycota;c__Microbotryomycetes;o__Microbotryomycetes_ord_Incertae_sedis;f__Microbotryomycetes_fam_Incertae_sedis;g__Microbotryomycetes_gen_Incertae_sedis;s__Microbotryomycetes_sp	0.667
549796cdd7f4c6696df7710826d82a77	Unassigned	1.0
54ada70c0a30155a335fc956abf56637	k__Fungi;p__Ascomycota;c__Leotiomycetes;o__Helotiales	0.9
54dca3a7f8bcef5e260f950080f55d82	k__Fungi;p__Ascomycota;c__Leotiomycetes;o__Helotiales;f__Mollisiaceae	0.6
54e626f6057e89bd120919a34970ac4c	Unassigned	1.0
54f184357226567d36558a515bdc052f	k__Fungi;p__Ascomycota;c__Leotiomycetes;o__Helotiales	0.556
553221f06c8e67074233f5df12c4ae7a	Unassigned	1.0
55342b17c4c3c7975950a6930e61ba2b	k__Fungi;p__Ascomycota;c__Eurotiomycetes;o__Chaetothyriales;f__Chaetothyriales_fam_Incertae_sedis;g__Chaetothyriales_gen_Incertae_sedis;s__Chaetothyriales_sp	0.8
554687677fceb1362d3aa65eee5adc9f	Unassigned	1.0
5551f50c673ff26c6a091302749ed46b	Unassigned	1.0
5574e4711887b18fc5ed3cfb04d897c6	k__Fungi;p__Ascomycota;c__Eurotiomycetes;o__Chaetothyriales;f__Herpotrichiellaceae;g__Herpotrichiellaceae_gen_Incertae_sedis;s__Herpotrichiellaceae_sp	1.0
557bc8833e1b363b5656e9b052bd288e	k__Fungi;p__Ascomycota;c__Dothideomycetes;o__Mycosphaerellales;f__Teratosphaeriaceae	0.667
557f28fbbb47abbbfddb3328b9b7ac26	k__Fungi;p__Ascomycota;c__Leotiomycetes;o__Helotiales;f__Helotiales_fam_Incertae_sedis;g__Helotiales_gen_Incertae_sedis;s__Helotiales_sp	0.571
559cd171caa939bba3e818bfd3d81012	k__Fungi;p__Ascomycota;c__Dothideomycetes;o__Mycosphaerellales;f__Teratosphaeriaceae	0.667
55a0d352c5276cf7acb700a567408982	Unassigned	1.0
55a5a5188e1d772b5d84d68f17a30275	Unassigned	1.0
55af47f8e953887d6d598f8f9d814a12	k__Fungi;p__Basidiomycota;c__Exobasidiomycetes;o__Exobasidiomycetes_ord_Incertae_sedis;f__Exobasidiomycetes_fam_Incertae_sedis;g__Exobasidiomycetes_gen_Incertae_sedis;s__Exobasidiomycetes_sp	0.667
55b89384d65031efa5bac59a7a279d67	k__Fungi;p__Ascomycota;c__Dothideomycetes;o__Pleosporales;f__Pleosporales_fam_Incertae_sedis;g__Pleosporales_gen_Incertae_sedis;s__Pleosporales_sp	0.833
55c5a04586483bf9defa0441206c2590	Unassigned	1.0
55e0673a62647c56c135dbb3d3d0dc4c	k__Fungi;p__Ascomycota;c__Leotiomycetes;o__Helotiales	0.667
55e2c7473058e4a5c9ddc01b53e89236	Unassigned	1.0
55ee93e770157b90bac24f00397cd003	Unassigned	1.0
55fa245f712b908cd9100b69c0bf08e1	Unassigned	1.0
55fd61d1816aaaa5601c875f08e01faf	k__Fungi;p__Ascomycota;c__Dothideomycetes;o__Pleosporales;f__Periconiaceae;g__Periconia	1.0
561fe5b44fc965c02f0e3f2b2b7c5087	k__Fungi;p__Ascomycota;c__Dothideomycetes;o__Mycosphaerellales;f__Teratosphaeriaceae;g__Teratosphaeriaceae_gen_Incertae_sedis;s__Teratosphaeriaceae_sp	0.7
563e4c2df688be37e71abb8cc97081aa	k__Fungi;p__Ascomycota;c__Dothideomycetes	1.0
563fd87e098a0c9230c6b0a4abb97d9c	Unassigned	1.0
564e9d47b58b8cb346f0c7b7035b89fc	k__Fungi;p__Ascomycota;c__Dothideomycetes;o__Pleosporales;f__Didymosphaeriaceae	0.8
5662e3bc090415c2087b62e339fc0c6d	k__Fungi;p__Ascomycota;c__Eurotiomycetes;o__Chaetothyriales;f__Herpotrichiellaceae;g__Cladophialophora;s__Cladophialophora_sp	0.8
567e7f5ba26889cedcd036d9f92a73d5	Unassigned	1.0
56800feccd472f154e50f27d7ae8a049	k__Fungi;p__Basidiomycota;c__Agaricomycetes;o__Polyporales;f__Polyporales_fam_Incertae_sedis;g__Polyporales_gen_Incertae_sedis;s__Polyporales_sp;sh__SH0206416.09FU	1.0
56a1d517a057c6918f90a2f5dda4a6d5	k__Fungi;p__Ascomycota;c__Sordariomycetes;o__Hypocreales;f__Nectriaceae	0.8
56adc63097144323c5d6f372cac8dcdf	k__Fungi;p__Ascomycota;c__Leotiomycetes;o__Helotiales;f__Helotiales_fam_Incertae_sedis;g__Helotiales_gen_Incertae_sedis;s__Helotiales_sp	0.6
56b6b8ab4b2e269f024244198b29f3c7	Unassigned	1.0
56d4d9b6494e7815019c30ecd66c82c3	Unassigned	1.0
56e80e8928e954353650648a3d35a9af	k__Fungi;p__Basidiomycota;c__Agaricomycetes;o__Hymenochaetales;f__Rickenellaceae;g__Resinicium	1.0
5716ba42011912dab2f4f999265350be	k__Fungi;p__Basidiomycota;c__Microbotryomycetes;o__Microbotryomycetes_ord_Incertae_sedis;f__Chrysozymaceae;g__Oberwinklerozyma	1.0
5724643974a1feb297ec7ce97415606a	k__Fungi;p__Basidiomycota;c__Tremellomycetes;o__Filobasidiales;f__Filobasidiaceae;g__Filobasidium;s__Filobasidium_mali;sh__SH0004616.09FU	1.0
574601f6dd395085bd82e2af99739959	Unassigned	1.0
57471607d8e31083f65257e0e24bedac	k__Fungi;p__Basidiomycota;c__Agaricomycetes;o__Agaricales	1.0
575d39bedd5bd29a8177e6b26baa1293	Unassigned	1.0
57775d22003fc788f6310c60a25c21f3	Unassigned	1.0
577a1b1e89e22e59b91ab35ec4fc9818	k__Fungi;p__Ascomycota;c__Eurotiomycetes;o__Chaetothyriales;f__Chaetothyriales_fam_Incertae_sedis;g__Chaetothyriales_gen_Incertae_sedis;s__Chaetothyriales_sp;sh__SH0156269.09FU	1.0
578f396a2dcef286e306a4e32dc3e0de	Unassigned	1.0
579d1bd2bface6751145bfc4330456d1	Unassigned	1.0
57b587ef5014c23fd42394e58b44038d	k__Fungi;p__Ascomycota;c__Sordariomycetes;o__Hypocreales;f__Cordycipitaceae;g__Simplicillium	1.0
57b7cae317fa9211a69d6ca018e457ab	k__Fungi;p__Ascomycota;c__Dothideomycetes	0.9
57d3c172a79b979b2e5fde8351c8ce83	k__Fungi;p__Ascomycota;c__Leotiomycetes;o__Helotiales	1.0
57d6a4cebd14c5e84d56bd2d6c4da9b5	k__Fungi;p__Ascomycota;c__Eurotiomycetes;o__Chaetothyriales	1.0
57e06641e8f6a57346b8286fbbf416a3	Unassigned	1.0
57e7e874b957d31b746619dcfb773a20	k__Fungi;p__Ascomycota;c__Sordariomycetes;o__Hypocreales;f__Cordycipitaceae	0.9
57f9232c9afad8dcc9a8c93bcebbab12	Unassigned	1.0
57fe7db7a4309af86bc15897ac00d87a	k__Fungi;p__Ascomycota;c__Leotiomycetes;o__Helotiales	0.889
5809f445bddb4677261559654aaf4c07	k__Fungi;p__Basidiomycota;c__Agaricomycetes;o__Agaricales;f__Psathyrellaceae;g__Coprinopsis;s__Coprinopsis_sp	0.7
5811bda7cb2b6767f8d7e030644d9dbb	k__Fungi;p__Basidiomycota;c__Ustilaginomycetes;o__Ustilaginales;f__Ustilaginaceae;g__Farysia;s__Farysia_acheniorum;sh__SH0100090.09FU	1.0
5817882d115460fec52990c1e59dd5ca	k__Fungi;p__Basidiomycota;c__Agaricomycetes;o__Trechisporales;f__Hydnodontaceae;g__Tubulicium;s__Tubulicium_vermiculare;sh__SH0249262.09FU	1.0
5822894d252878f67581a54a07ed1fb0	Unassigned	1.0
585ea7a23750b089b04c5981627b4ee0	k__Fungi;p__Ascomycota;c__Dothideomycetes;o__Mycosphaerellales;f__Mycosphaerellaceae	0.9
589652e89f0495f109716094d031c05c	k__Fungi;p__Ascomycota;c__Dothideomycetes;o__Myriangiales;f__Myriangiaceae;g__Myriangium;s__Myriangium_sp	1.0
58a656a3ffd25eb0428519f96e03144d	k__Fungi;p__Ascomycota;c__Leotiomycetes;o__Helotiales	0.9
58b43a9ae6959b0cd93c9c149f6b1829	k__Fungi;p__Ascomycota;c__Dothideomycetes;o__Pleosporales	1.0
58c3b63f6b023c7f991a5f458e520cf4	k__Fungi;p__Ascomycota;c__Leotiomycetes;o__Helotiales	1.0
58dac90c349799c13f28b44b86572661	Unassigned	1.0
58f70405d06ddc624e9ca59634a49011	k__Fungi;p__Ascomycota;c__Leotiomycetes;o__Helotiales	1.0
58f8024f8b8d255f21bd39959a654966	k__Fungi;p__Ascomycota;c__Sordariomycetes;o__Hypocreales	1.0
58f9869bc8d312e4762357c9c570f51d	Unassigned	1.0
5902ab253dda2e75ef5cdd4ffcfa9569	Unassigned	1.0
5905b8b28ddded79e715a69a1af3fe31	k__Fungi;p__Ascomycota;c__Sordariomycetes;o__Sordariomycetes_ord_Incertae_sedis	0.6
590623435f9d553df53af0c1ab9d6add	k__Fungi;p__Ascomycota;c__Eurotiomycetes;o__Chaetothyriales;f__Herpotrichiellaceae;g__Herpotrichiellaceae_gen_Incertae_sedis;s__Herpotrichiellaceae_sp;sh__SH0148373.09FU	1.0
5916cc7bd152f62e80fc23f0ac14053c	Unassigned	1.0
592a4668606adc4ebada489a1d4459fa	Unassigned	1.0
595c4bde295341c7328b829bb4388a70	Unassigned	1.0
59747a778debf95eefe82e915e6c720a	Unassigned	1.0
598d3a8b68b936b8581d951e40059957	Unassigned	1.0
59af5358419f33e47e03ef927709a210	Unassigned	1.0
59ca3fc82fdde6c5b5c3ca80928e4cd7	Unassigned	1.0
59ebf02c5d55503fc1c05d44dc90eac9	Unassigned	1.0
59f2e0ad9e22e2704c90e3f311086f55	k__Fungi;p__Basidiomycota;c__Microbotryomycetes;o__Microbotryomycetes_ord_Incertae_sedis;f__Chrysozymaceae;g__Oberwinklerozyma	1.0
59f3514701cf76d79f5fc0571481f610	k__Fungi;p__Ascomycota;c__Eurotiomycetes;o__Chaetothyriales;f__Chaetothyriales_fam_Incertae_sedis;g__Chaetothyriales_gen_Incertae_sedis;s__Chaetothyriales_sp;sh__SH0138113.09FU	1.0
59ff12b9f0968680605672ecb196c664	k__Fungi;p__Basidiomycota;c__Microbotryomycetes;o__Microbotryomycetes_ord_Incertae_sedis;f__Chrysozymaceae;g__Pseudohyphozyma	1.0
5a0a4c021410990c8667876bfcc1a05d	Unassigned	1.0
5a1b07f9c79036eda4b2c0f10a6c7e1b	k__Fungi;p__Ascomycota;c__Sordariomycetes;o__Hypocreales;f__Hypocreales_fam_Incertae_sedis;g__Hypocreales_gen_Incertae_sedis;s__Hypocreales_sp;sh__SH0171917.09FU	1.0
5a266ba328762249f535db9ddbe6d5f5	k__Fungi;p__Ascomycota;c__Dothideomycetes;o__Pleosporales	1.0
5a45a7e3729ebbabc1336c9cb3ea583f	Unassigned	1.0
5a5a325773163676fc9b5d6cffd74766	Unassigned	1.0
5a754f3f1495d3084624f4e102ae05b1	k__Fungi;p__Ascomycota;c__Sordariomycetes;o__Diaporthales	1.0
5a7c7be10e9cb5f4094ea6c90f7023c0	Unassigned	1.0
5a906bf1b1362534b3d4a1622a9eb8ac	Unassigned	1.0
5ac6603ecdbaa5790e523d3c06f55a18	k__Fungi;p__Ascomycota;c__Leotiomycetes;o__Helotiales	1.0
5ac6cefa9edf795818a6ed10f947db41	Unassigned	1.0
5accb3494bd5e80fe433a8dcd130533a	Unassigned	1.0
5ace5fd0feed688eefd6ce912a11fbc2	Unassigned	1.0
5ade1723798457523e096452958a4413	k__Fungi;p__Basidiomycota;c__Agaricostilbomycetes;o__Agaricostilbales;f__Chionosphaeraceae;g__Kurtzmanomyces;s__Kurtzmanomyces_sp;sh__SH0017157.09FU	1.0
5b16bad0272ba33e48833f08526b696b	k__Fungi;p__Ascomycota;c__Eurotiomycetes;o__Chaetothyriales	1.0
5b2afa8104c1658b26ac814450c031e1	Unassigned	1.0
5b2b0c7d0e5d4477161bfe7202b75271	Unassigned	1.0
5b4b81372e43034610b9a89ae96217c2	k__Fungi;p__Ascomycota;c__Leotiomycetes;o__Helotiales	0.9
5b5a7063dc289428cd9bace8400e7291	Unassigned	1.0
5b5adc770b3bd56e0f094bbb11e9d546	Unassigned	1.0
5b84ae6f2f018e450420053bfef4c281	Unassigned	1.0
5b871d11338e52e3593fb28140a0293f	k__Fungi;p__Ascomycota;c__Dothideomycetes;o__Pleosporales;f__Roussoellaceae	0.75
5b8be47122a57eb176e3e16cdc372ed9	Unassigned	1.0
5bab4e43720d650ceb791ba73eeead58	Unassigned	1.0
5bac099a7906045c3286f2e13d432b4a	Unassigned	1.0
5bae28f28fb94c912ac424b320451772	Unassigned	1.0
5bb1aac09af220e54e8427456f5ea8cb	Unassigned	1.0
5bd7b28de2c02035afe3dbedee06c68b	Unassigned	1.0
5be09ba6ed9c9434dc84b5317a967b74	Unassigned	1.0
5c4eb69e6a362d645fe425f8cf918d30	Unassigned	1.0
5c4f4657307eac2684c946264ea1eaa9	Unassigned	1.0
5c506eed2885dd2b32a5051b458922ad	Unassigned	1.0
5c53e81f1140098fb59e81744270304d	k__Fungi;p__Basidiomycota;c__Agaricomycetes;o__Cantharellales;f__Cantharellales_fam_Incertae_sedis;g__Cantharellales_gen_Incertae_sedis;s__Cantharellales_sp	0.571
5c6d2cd95172a9afe4e45e0fd0a398f2	k__Fungi;p__Ascomycota;c__Sordariomycetes;o__Xylariales	0.9
5c782956a063495fcf6b011a1c6c5d82	k__Fungi;p__Ascomycota;c__Leotiomycetes	1.0
5c7a5e9862f8a7e14d55916e4aa90b51	k__Fungi;p__Ascomycota;c__Dothideomycetes;o__Pleosporales;f__Melanommataceae;g__Pleotrichocladium;s__Pleotrichocladium_opacum;sh__SH0052671.09FU	1.0
5ca3078bd49fe838ffd99327c963e98f	Unassigned	1.0
5cb43762ee2573807c0305807a23abd5	k__Fungi;p__Ascomycota;c__Leotiomycetes;o__Helotiales	0.8
5cc9042ff5f9f8ee681f056d605839d1	Unassigned	1.0
5cdd1f04bd93294949a7092c70ae5121	Unassigned	1.0
5d195f39de8c9cf95194fbd71633202c	Unassigned	1.0
5d2cad49b6aa0c94e6314d385fa07878	Unassigned	1.0
5d3a8607b05fc05bf91ecbbf18cadc0f	Unassigned	1.0
5d43f1fcae61ff02973d937aa23dbc65	Unassigned	1.0
5d4aae9d0e884b1c489a7b7df4ccb45b	k__Fungi;p__Ascomycota;c__Dothideomycetes;o__Pleosporales;f__Lophiostomataceae	0.8
5d6d6c05afdbb3cf368a2f0a0328a077	k__Fungi;p__Ascomycota;c__Dothideomycetes;o__Capnodiales;f__Cladosporiaceae;g__Cladosporium	0.667
5d768a74022c3223dac8f355e97c06fa	Unassigned	1.0
5d86098eb5cb2e295213d340500920f7	Unassigned	1.0
5d8ead1da0eb9a4d605806a359bfbdfb	k__Fungi;p__Ascomycota;c__Sordariomycetes;o__Sordariomycetidae_ord_Incertae_sedis;f__Rhamphoriaceae;g__Rhamphoriaceae_gen_Incertae_sedis;s__Rhamphoriaceae_sp;sh__SH0148800.09FU	1.0
5d9ac47a5ee2913060cd29c96d36dfdd	Unassigned	1.0
5da0ef1f4226033c4bdae8496595f5ff	Unassigned	1.0
5dbf2bbb99dc28c0a9e21ba14c3667a6	Unassigned	1.0
5dc4cc177f6fd1afde353cd6246bb455	Unassigned	1.0
5dc773aade37403b69616b28c2bf9955	Unassigned	1.0
5dd9b4ce07a988c1713716b1fca59c37	Unassigned	1.0
5de2f2eb57372181c7f176b17e6cbcfd	k__Fungi;p__Ascomycota;c__Sordariomycetes	1.0
5de72c9f18869e4624ab55cebce6d195	k__Fungi;p__Ascomycota;c__Dothideomycetes;o__Botryosphaeriales;f__Botryosphaeriaceae;g__Botryobambusa;s__Botryobambusa_guizhouensis;sh__SH0015892.09FU	1.0
5deb2447053987c44e974d10caac9660	k__Fungi;p__Ascomycota;c__Dothideomycetes;o__Pleosporales;f__Didymosphaeriaceae	0.7
5df960ccdec33e9d6a2f4fbea501c3a2	Unassigned	1.0
5dfc5e69d9458312c695c29ca99739dd	Unassigned	1.0
5dfc9abbe9c8e15c9eff5cc62555d978	k__Fungi;p__Ascomycota;c__Dothideomycetes;o__Pleosporales;f__Pleosporaceae	1.0
5e0ce8f3f76e9d29ffa9f8a0bc3dae67	k__Fungi;p__Ascomycota;c__Lecanoromycetes;o__Lecanorales;f__Ramalinaceae;g__Bacidina	0.7
5e1054d6cfdea904015496a8723db26e	k__Fungi;p__Ascomycota;c__Dothideomycetes;o__Mycosphaerellales;f__Teratosphaeriaceae	0.75
5e1b194affb4e915e033d7f0906006c3	Unassigned	1.0
5e27b59f3af0b59d3933dce91a19ff93	Unassigned	1.0
5e625a671dca85b6916ee1b3522bafb7	k__Fungi;p__Ascomycota;c__Sordariomycetes;o__Hypocreales;f__Nectriaceae;g__Thelonectria	0.7
5e6645fe78002e3969ca03644dd5e1e6	Unassigned	1.0
5e88b26da9d245334dd0596c2fbbeda3	k__Fungi;p__Ascomycota;c__Sordariomycetes;o__Xylariales;f__Diatrypaceae;g__Peroneutypa;s__Peroneutypa_polysporae;sh__SH0001635.09FU	1.0
5e918addd89adfabd9caf36105caca06	Unassigned	1.0
5ea1b995169a3aed43920b9bae49d2be	k__Fungi;p__Ascomycota;c__Sordariomycetes;o__Hypocreales;f__Clavicipitaceae	0.8
5ea91a65133bc06a922c16bf3a1b0e87	k__Fungi;p__Ascomycota;c__Dothideomycetes;o__Pleosporales;f__Roussoellaceae;g__Roussoella	1.0
5ee985bc71ad29403012b12e45f31d3f	k__Fungi;p__Ascomycota;c__Dothideomycetes;o__Pleosporales;f__Tetraplosphaeriaceae;g__Tetraploa	0.833
5ef509875c8526451b9e1d53a3f697a3	Unassigned	1.0
5f04c25251fe5317815289240561962d	Unassigned	1.0
5f16f685ee3503d93ba5479f0ba0fa91	Unassigned	1.0
5f18b31ffb7361f890f9b574cd5e26de	Unassigned	1.0
5f1aa89913217e99f6c855777c2340f4	Unassigned	1.0
5f300d31b836dad8f836e3f6968cb75d	k__Fungi;p__Ascomycota;c__Sordariomycetes;o__Xylariales	0.9
5f3691248e9d3dd6948adb37c6b8a9ea	Unassigned	1.0
5f38938679a8e7000780322fe3e21a27	Unassigned	1.0
5f3931d857df4f93d1667f6f018fd386	Unassigned	1.0
5f46dca47920514406faf816b157a7dc	Unassigned	1.0
5fa836bc7f560db64aa87968291ffc4a	k__Fungi;p__Ascomycota;c__Leotiomycetes;o__Helotiales;f__Helotiales_fam_Incertae_sedis;g__Helotiales_gen_Incertae_sedis;s__Helotiales_sp	0.6
5fafbbfbe15c3fcaec53a87ce0917364	Unassigned	1.0
5fc9a00a7f6bcc4e6c202b9476938c9d	Unassigned	1.0
5fcb90059f1e317d8ce9431400ca4933	k__Fungi;p__Ascomycota;c__Dothideomycetes;o__Dothideomycetes_ord_Incertae_sedis;f__Dothideomycetes_fam_Incertae_sedis;g__Dothideomycetes_gen_Incertae_sedis;s__Dothideomycetes_sp;sh__SH0024292.09FU	1.0
5fe690ba12278dec9ca23dfcd2c968ac	k__Fungi;p__Ascomycota;c__Sordariomycetes;o__Hypocreales	1.0
5fef38707eb2b8d5f439e693b9d1fe99	k__Fungi;p__Ascomycota;c__Dothideomycetes;o__Mycosphaerellales;f__Mycosphaerellaceae	0.8
5ff653bb2f1cb88597209d561dfa81f7	k__Fungi;p__Ascomycota;c__Eurotiomycetes;o__Chaetothyriales;f__Trichomeriaceae	0.8
5ff773ea8d406e1b01382c75478de09d	Unassigned	1.0
603a2a877602d6585ef52a8a195a7fe7	Unassigned	1.0
6064cb419f73e4b2e808b28a7a31d907	Unassigned	1.0
60785604cb7fe8f66893e4a6e495a839	k__Fungi;p__Ascomycota;c__Eurotiomycetes;o__Chaetothyriales;f__Herpotrichiellaceae;g__Herpotrichiellaceae_gen_Incertae_sedis;s__Herpotrichiellaceae_sp	1.0
60a8ed4938cf0741d0df6852806ddf9e	k__Fungi;p__Ascomycota;c__Leotiomycetes	1.0
60b8c3623d1a4a81b23cb636de52f96a	Unassigned	1.0
60c1e39d1020ecb96e4250582d401fe2	Unassigned	1.0
610500f479afff8c6e6fb4f15db55e23	Unassigned	1.0
6113930ff0ec27d3bb8910f52d1f4ff1	k__Fungi;p__Ascomycota;c__Dothideomycetes;o__Pleosporales;f__Occultibambusaceae;g__Occultibambusaceae_gen_Incertae_sedis;s__Occultibambusaceae_sp;sh__SH0107125.09FU	1.0
6113b4cb159cd6a9367ef612b18ce84a	Unassigned	1.0
6116112b7af7f5f2008410a00e3675ec	Unassigned	1.0
6129a7b60d2b42e199b7f906d5510674	Unassigned	1.0
61313c34dc4a2508af115e1ee9b6ec25	k__Fungi;p__Ascomycota;c__Dothideomycetes;o__Mycosphaerellales;f__Teratosphaeriaceae;g__Teratosphaeriaceae_gen_Incertae_sedis;s__Teratosphaeriaceae_sp	0.778
6139188170948082bc5f828e8613c06f	Unassigned	1.0
6148a53e38421fd0d0865cad863183fd	k__Fungi;p__Ascomycota;c__Eurotiomycetes;o__Chaetothyriales;f__Chaetothyriales_fam_Incertae_sedis;g__Chaetothyriales_gen_Incertae_sedis;s__Chaetothyriales_sp	0.8
614ce0a423e0b4e75b808a5e0e8aeb74	Unassigned	1.0
614deef59c3f34803a809c18c654a14a	k__Fungi;p__Basidiomycota;c__Agaricomycetes;o__Cantharellales;f__Clavulinaceae;g__Clavulinaceae_gen_Incertae_sedis;s__Clavulinaceae_sp;sh__SH0086857.09FU	1.0
616282976815b849b6a6dc927fa0907f	Unassigned	1.0
616ce11db044ef95faf1241f10a74dd0	Unassigned	1.0
61709725b7ecace1ad3733434ed0c74f	Unassigned	1.0
618769b1de804e39c48a95c587121a54	Unassigned	1.0
618bdbc3f1ddfe3c68ff850b226a74fa	k__Fungi;p__Ascomycota;c__Orbiliomycetes;o__Orbiliales;f__Orbiliaceae;g__Orbiliaceae_gen_Incertae_sedis;s__Orbiliaceae_sp	1.0
61a6c4cf1bb8519831a7c8b527268347	k__Fungi;p__Ascomycota;c__Dothideomycetes;o__Pleosporales;f__Pleosporales_fam_Incertae_sedis;g__Perthomyces;s__Perthomyces_podocarpi;sh__SH0012886.09FU	1.0
61b0afc8231c8c3a19aeaec9d68349cb	k__Fungi;p__Ascomycota;c__Sordariomycetes;o__Sordariomycetes_ord_Incertae_sedis;f__Junewangiaceae;g__Junewangiaceae_gen_Incertae_sedis;s__Junewangiaceae_sp	0.75
61b995460dccae2287b4862951a26285	Unassigned	1.0
61c96a82d34e352e03f7d992f2313b64	Unassigned	1.0
61d89803225d9174092b1553e7b18230	k__Fungi;p__Basidiomycota;c__Agaricomycetes;o__Agaricales;f__Marasmiaceae;g__Marasmius	0.8
61dcdada19bf5ad436868457766876ec	Unassigned	1.0
6210dbec36b3de5d6609040af58a58f8	k__Fungi;p__Fungi_phy_Incertae_sedis;c__Fungi_cls_Incertae_sedis;o__Fungi_ord_Incertae_sedis;f__Fungi_fam_Incertae_sedis;g__Fungi_gen_Incertae_sedis;s__Fungi_sp;sh__SH0045135.09FU	1.0
621c4bd56ea3e85a7ac835cf2dffab48	Unassigned	1.0
622c2a77b5446909c10d5d13b93bc977	k__Fungi;p__Ascomycota;c__Sordariomycetes;o__Hypocreales	0.8
6237c333f4e83adefad21401f3d01a71	Unassigned	1.0
624768baefe50ad7c65a918510be1a79	Unassigned	1.0
624a7ed1132bfddae67ae24d2428c4e2	Unassigned	1.0
624cee5792f7f4b69d0ed71b0c06e4ea	k__Fungi;p__Basidiomycota;c__Agaricomycetes;o__Cantharellales;f__Botryobasidiaceae;g__Botryobasidium	1.0
6255e5738a75e4007103218f67b2f295	Unassigned	1.0
625c6ce55ac6f4fe8735c0fcecec639a	k__Fungi;p__Ascomycota;c__Dothideomycetes;o__Capnodiales;f__Cladosporiaceae	1.0
625c7a817beb61e2434828d1826e9874	Unassigned	1.0
628eadd76f0f55e6a1b4a49610730471	k__Fungi;p__Ascomycota;c__Dothideomycetes;o__Mycosphaerellales	0.75
62b15d6b90d3e2d155398e515e58940f	k__Fungi;p__Ascomycota;c__Dothideomycetes	0.8
62c682bfdc51d8714cb10e7f094dd0b5	k__Fungi;p__Ascomycota;c__Eurotiomycetes;o__Chaetothyriales;f__Chaetothyriales_fam_Incertae_sedis;g__Chaetothyriales_gen_Incertae_sedis;s__Chaetothyriales_sp	1.0
62d8e3038eeb59e2fc4ba0d2ed7807de	k__Fungi;p__Ascomycota;c__Leotiomycetes;o__Helotiales;f__Tympanidaceae	0.7
62e58b105fe6abb38e92ea156f6482a6	k__Fungi;p__Ascomycota;c__Eurotiomycetes;o__Chaetothyriales;f__Herpotrichiellaceae;g__Cladophialophora;s__Cladophialophora_sp	1.0
6301cfdaa9cfb63d1cc3c5667afda308	Unassigned	1.0
630b9fba4ed9f5ff662965d2c7d8e0d6	Unassigned	1.0
630f1ec67a69b5914c89c9212a614dd1	Unassigned	1.0
63699ffb42526ab45c0303cc487ffcdb	Unassigned	1.0
63739ac363b009500394947062f4818a	Unassigned	1.0
637a1eeb0c40a24392bbbc4bb9e5adaf	k__Fungi;p__Ascomycota;c__Eurotiomycetes;o__Phaeomoniellales	0.6
6384eac0d458877b1707cc4a8de86829	k__Fungi;p__Ascomycota;c__Sordariomycetes	0.7
638d819e082bf0ee1c6c7dd7404251d3	Unassigned	1.0
638f0050702cd24e5c8ed8b2d55545df	k__Fungi;p__Ascomycota;c__Dothideomycetes;o__Mycosphaerellales;f__Teratosphaeriaceae	0.8
63a8a613539724c49083456759d3c78a	k__Fungi;p__Ascomycota;c__Leotiomycetes;o__Helotiales;f__Tympanidaceae	0.6
63ca55815332a259a5df1dbdb8403dd4	k__Fungi;p__Basidiomycota;c__Agaricomycetes;o__Russulales;f__Russulales_fam_Incertae_sedis;g__Russulales_gen_Incertae_sedis;s__Russulales_sp	0.75
63cb7d90423f7d630b1d408da5ac5176	k__Fungi;p__Ascomycota;c__Dothideomycetes	1.0
63d8d214458cc00d55242fa3cb21252c	k__Fungi;p__Ascomycota;c__Eurotiomycetes;o__Chaetothyriales;f__Herpotrichiellaceae	0.6
63d9fbfec95d0d3616f33ea897d873ee	Unassigned	1.0
63e278d5a44747fa37dd864a893a3368	Unassigned	1.0
63e3acf2f9e6e238c1857be03adeeb4c	Unassigned	1.0
63ef99f3e19f492295e69eb8314009ba	k__Fungi;p__Basidiomycota;c__Agaricomycetes;o__Auriculariales;f__Exidiaceae	0.571
6418452e5cec68ec811083121d87e80a	k__Fungi;p__Ascomycota	1.0
643757d271fcfc6b6d8eefc1bacf70f0	Unassigned	1.0
646313b46d0fdedd92d65ae94f6475a4	Unassigned	1.0
6469eff62e54857397e5d6ac5a7d5c2e	Unassigned	1.0
647010394e635e55fee0c8428518d193	Unassigned	1.0
6472a3c0b1ed6bc36a896e47b79d0e95	k__Fungi;p__Ascomycota;c__Leotiomycetes;o__Helotiales	0.8
64895c5b1a742cf3328aedf5e192c0ae	k__Fungi;p__Ascomycota;c__Dothideomycetes	0.9
64b99a56a480bea56553989868bc6f1f	k__Fungi;p__Ascomycota;c__Sordariomycetes;o__Hypocreales;f__Cordycipitaceae;g__Cordyceps	0.8
64c8e476fc3da863bccab54618c04f00	k__Fungi;p__Ascomycota;c__Dothideomycetes;o__Pleosporales;f__Didymellaceae	1.0
64cdc1d4e0eea54bc7c0746cb606ae09	Unassigned	1.0
64d7d2a2b7e64baf5cb2fed3ae332c5b	Unassigned	1.0
64f8a8bd2e7f2b483bd3ec0e0389bb63	Unassigned	1.0
650c7f41e32d3bc1a5682aab306683e7	Unassigned	1.0
65128daa64bc16c71070911ea8d28036	Unassigned	1.0
6514c0ff21bc32752cc0789ade9476b0	Unassigned	1.0
65159f2688b05a835133a884c2d1f732	Unassigned	1.0
651a92b9dca79cab3566d029f492d093	Unassigned	1.0
65229f48755d402dab03048163026be8	Unassigned	1.0
65261135a83ce755fcf95973efcee8f7	Unassigned	1.0
652bc42bc8047e875190674acfa4d96c	Unassigned	1.0
6533eec72059768e7e7a8020153697ef	k__Fungi;p__Basidiomycota;c__Agaricomycetes;o__Agaricales;f__Psathyrellaceae;g__Coprinellus	1.0
653d44b431a2fb39ffca46b048b10945	k__Fungi;p__Ascomycota;c__Sordariomycetes;o__Sordariomycetes_ord_Incertae_sedis;f__Sordariomycetes_fam_Incertae_sedis;g__Sordariomycetes_gen_Incertae_sedis;s__Sordariomycetes_sp;sh__SH0056390.09FU	1.0
6540eb14cb9b9fc6cd893d46aedc3deb	Unassigned	1.0
6542efb928b77dbce8ffcc4c5b621cf3	Unassigned	1.0
6551146d9aa9f94abce411dc0b11c21a	Unassigned	1.0
6557245e85fd52ed4eab8bf4d45f8b27	Unassigned	1.0
65661466c1e0546514e5d6877335fd61	Unassigned	1.0
6580c73393f89ef758a0106d7cef1abc	k__Fungi;p__Ascomycota;c__Eurotiomycetes;o__Chaetothyriales;f__Herpotrichiellaceae	0.6
6583e22d09ccd5844e25ab6c754d3499	Unassigned	1.0
6598195da774bb6d4b35377a5f1b72f2	Unassigned	1.0
65a2cadb4253c7a6830e02e976ce9906	Unassigned	1.0
65ac34ada022dd9a0d5f8a1a93ec501b	k__Fungi;p__Ascomycota;c__Lecanoromycetes;o__Ostropales;f__Stictidaceae;g__Absconditella;s__Absconditella_lignicola;sh__SH0170237.09FU	1.0
65d4b75c7e971771a498b4ba72d29c17	k__Fungi;p__Ascomycota;c__Eurotiomycetes;o__Chaetothyriales;f__Herpotrichiellaceae;g__Herpotrichiellaceae_gen_Incertae_sedis;s__Herpotrichiellaceae_sp	0.7
65ed4abd768ff5b70b96606a8a2e0357	k__Fungi;p__Ascomycota;c__Sordariomycetes;o__Amphisphaeriales;f__Pestalotiopsidaceae;g__Pestalotiopsis	0.6
65f52257b0768bf7bc0112689ab932ef	Unassigned	1.0
6605553b47426ab5d2134832465ef65c	k__Fungi;p__Ascomycota;c__Eurotiomycetes;o__Chaetothyriales;f__Chaetothyriaceae;g__Ceramothyrium;s__Ceramothyrium_thailandicum;sh__SH0159455.09FU	1.0
661182f1562cca2f9428b6ea68d9aeb9	k__Fungi;p__Ascomycota;c__Dothideomycetes;o__Mycosphaerellales;f__Mycosphaerellaceae	0.9
661c79ac6371b1012cb5775f6199fa58	Unassigned	1.0
663101a2d0b43a2e1e0ea11498fadaf5	Unassigned	1.0
6634e5d198d2d0fec6cdfd7bd1bc54cd	k__Fungi;p__Ascomycota;c__Sordariomycetes;o__Hypocreales;f__Hypocreaceae	0.6
664eb357e15325177366dd29a9b20b86	k__Fungi;p__Basidiomycota;c__Atractiellomycetes;o__Atractiellales;f__Phleogenaceae;g__Bourdotigloea	0.6
6655976fc5688357319cdf828a0b28c0	Unassigned	1.0
66a4ce09b35cc644ab4cef980fbf4190	Unassigned	1.0
66ad5fb73907f3c716eeb2642a371bc3	Unassigned	1.0
66b1c7cc6ed0eeae0b0ea4a4e1eba9d2	k__Fungi;p__Basidiomycota;c__Microbotryomycetes;o__Sporidiobolales;f__Sporidiobolaceae;g__Sporobolomyces	1.0
66f9272926ac7feaf4f4c1473a86e66c	k__Fungi;p__Ascomycota;c__Leotiomycetes;o__Helotiales	0.9
66f9424f2e4a7ca26fb722b7b6c24e50	Unassigned	1.0
670ae41ca0171f7a472260d48f65c2af	k__Fungi	1.0
6718a80ae79ab65ef847fa333aafcb40	k__Fungi;p__Ascomycota;c__Eurotiomycetes;o__Chaetothyriales;f__Herpotrichiellaceae;g__Cladophialophora;s__Cladophialophora_sp	0.8
671933ba03fd5aab2bc981cdbcee73a4	Unassigned	1.0
673be22cba9645279b65bddc0264ed0f	k__Fungi;p__Ascomycota;c__Eurotiomycetes;o__Chaetothyriales;f__Chaetothyriales_fam_Incertae_sedis;g__Chaetothyriales_gen_Incertae_sedis;s__Chaetothyriales_sp	0.9
675a99f4e59286680bf0669be9ab6d3b	Unassigned	1.0
6761dbeaac0257ff126e64c955b7eb3d	k__Fungi;p__Basidiomycota;c__Agaricomycetes;o__Trechisporales;f__Hydnodontaceae;g__Subulicystidium;s__Subulicystidium_sp	0.7
67677bc138a20c57fb1101ccc7127590	Unassigned	1.0
67920e88c6e1eeb8de1017c5ce088906	k__Fungi;p__Ascomycota;c__Dothideomycetes;o__Venturiales;f__Sympoventuriaceae	1.0
67972cb93ba3afa76346948206dd6adb	k__Fungi;p__Basidiomycota;c__Agaricomycetes;o__Trechisporales;f__Hydnodontaceae;g__Pteridomyces;s__Pteridomyces_galzinii;sh__SH0149143.09FU	1.0
67aa90eb6f87ee796bbd68d97570dfd2	Unassigned	1.0
67b36f4fce99ad267f41b7dcd1479ea1	Unassigned	1.0
67bc681e2585f62e4eb34964b6ba2fed	k__Fungi;p__Ascomycota;c__Sordariomycetes;o__Hypocreales;f__Ophiocordycipitaceae;g__Ophiocordyceps;s__Ophiocordyceps_sessilis;sh__SH0156404.09FU	1.0
67cf8b579c0b247d435a980d55a87310	k__Fungi;p__Ascomycota;c__Lecanoromycetes;o__Caliciales;f__Physciaceae;g__Heterodermia;s__Heterodermia_leucomelos;sh__SH0056862.09FU	1.0
67f1be792afb59287dbc2b3866ce1a33	Unassigned	1.0
680b4e73ab0b0ccdb0a9856a2ed56517	Unassigned	1.0
681237978efc2a143c2bdb13a5789b6d	Unassigned	1.0
68124855b8a6177280545d7d702d7ce5	k__Fungi;p__Ascomycota;c__Eurotiomycetes;o__Chaetothyriales;f__Cyphellophoraceae;g__Cyphellophora;s__Cyphellophora_sp	0.6
682d428ecd54e717bc6c8c21b07a2ea3	Unassigned	1.0
68404de0cecbf7035cb5ef2118ecfdce	Unassigned	1.0
684568fa7140a45412fe3c76fa56058f	Unassigned	1.0
684ab2b69e202b4b7635d5a5f20127b6	Unassigned	1.0
684d0fb8fbba6f3a67fcf986156a6851	Unassigned	1.0
6858a79ce3f0b0fc31f8474041830ea6	Unassigned	1.0
686dde3bc6ab602c70679682269c2d17	Unassigned	1.0
6885f9be194b97c1a1f182c04e00b03c	k__Fungi;p__Ascomycota;c__Leotiomycetes;o__Helotiales;f__Helotiales_fam_Incertae_sedis;g__Helotiales_gen_Incertae_sedis;s__Helotiales_sp	0.667
688b8236cf79d2aff46e1d464cadab3b	Unassigned	1.0
68a1014df75eac43bec3aa0b1a1452c7	k__Fungi;p__Ascomycota;c__Dothideomycetes	1.0
68ad56a4d99877fa2fa6c0772a55af60	Unassigned	1.0
68baf7cf6eff834226341e8e292dc765	k__Fungi;p__Ascomycota;c__Leotiomycetes;o__Helotiales	0.9
68c74769fe8f8e024ab13f49297067de	k__Fungi;p__Basidiomycota;c__Tremellomycetes;o__Tremellales;f__Bulleribasidiaceae;g__Derxomyces	1.0
68cdad2206efa654e82db9aebfba637c	k__Fungi;p__Ascomycota;c__Sordariomycetes;o__Hypocreales;f__Hypocreales_fam_Incertae_sedis	0.7
68d547f6c19bc2d463f5fd34fa6898b3	k__Fungi;p__Ascomycota;c__Sordariomycetes;o__Hypocreales;f__Hypocreales_fam_Incertae_sedis	0.6
68ebf8fdd81c3e16919f73ea8ff303a2	k__Fungi;p__Ascomycota;c__Lecanoromycetes;o__Lecanorales;f__Parmeliaceae;g__Bulbothrix	1.0
68fcaf25253df1f4f27883eef52ccb92	k__Fungi;p__Basidiomycota;c__Exobasidiomycetes;o__Exobasidiales;f__Brachybasidiaceae;g__Meira;s__Meira_nashicola	0.667
69081fa61853f3d38a526fcfee608240	k__Fungi;p__Ascomycota;c__Dothideomycetes;o__Mycosphaerellales	0.7
6922fb3d7c79bac39e019a02796e0a98	Unassigned	1.0
6939c7bf12edcae6a8afab413eba985d	Unassigned	1.0
6945be0d50f4657214f3bc6cbb4bf90f	Unassigned	1.0
695079081358ac36edd6559d858ab6c7	Unassigned	1.0
695d19562fa4f61487b28ae92af287ea	Unassigned	1.0
698d759b2f8c3430f74a5aecdd769e31	Unassigned	1.0
699ab881ebb68412f10cd1eff7e6a7c3	k__Fungi;p__Ascomycota;c__Dothideomycetes;o__Pleosporales;f__Didymosphaeriaceae;g__Paraphaeosphaeria	0.6
69ade8697da845da90d52df51a71cb94	Unassigned	1.0
69b2817afaee4e3bcfb3df2f3e150163	Unassigned	1.0
69b6dc073b50fb9e0364d9a73b0d3ce8	Unassigned	1.0
69bd7879d462070bda7121706df46fa4	k__Fungi;p__Ascomycota;c__Dothideomycetes;o__Capnodiales;f__Capnodiales_fam_Incertae_sedis;g__Capnodiales_gen_Incertae_sedis;s__Capnodiales_sp	0.667
69c016e9fb0886a225ee415d07aa4a63	Unassigned	1.0
69c53db45e19e18214f957b6b79be573	k__Fungi;p__Ascomycota;c__Sordariomycetes;o__Hypocreales	1.0
69f138f4fb9828808872be7481313d73	k__Fungi;p__Ascomycota;c__Eurotiomycetes;o__Chaetothyriales	1.0
6a08eabac30b37ad9100de7329aa36bb	Unassigned	1.0
6a3162d0344c47d95d2fb65b0478b44c	k__Fungi;p__Ascomycota;c__Eurotiomycetes;o__Chaetothyriales;f__Chaetothyriales_fam_Incertae_sedis;g__Chaetothyriales_gen_Incertae_sedis;s__Chaetothyriales_sp	0.6
6a3d2d99d62ce790ae260e2b41bfc1bd	Unassigned	1.0
6a3db2afb8640e8d66dc07646da8f48b	Unassigned	1.0
6a69c22b03725cc3852ccca68034d2d9	Unassigned	1.0
6a772bbf5703f980204f4ebd125447a3	k__Fungi;p__Ascomycota;c__Dothideomycetes	0.8
6a7a81a4ca4e103f94f48b3ca01143c8	k__Fungi;p__Ascomycota;c__Dothideomycetes;o__Mycosphaerellales;f__Teratosphaeriaceae	1.0
6abf58829833ce13f9a04824444c3364	k__Fungi;p__Ascomycota;c__Dothideomycetes	0.75
6ac6434f59ec1b27894624a27d89b19d	Unassigned	1.0
6acebf14bfbfde6fede4f5f68a453a02	k__Fungi;p__Ascomycota;c__Dothideomycetes;o__Pleosporales;f__Pleosporaceae;g__Curvularia	0.7
6ae81d0c462edbe737ae07681e5b84e7	k__Fungi;p__Ascomycota;c__Lecanoromycetes;o__Ostropales;f__Stictidaceae;g__Absconditella;s__Absconditella_lignicola;sh__SH0170237.09FU	1.0
6af9466966cb2c8eda1a6926000aabad	k__Fungi;p__Ascomycota;c__Eurotiomycetes;o__Chaetothyriales;f__Herpotrichiellaceae;g__Rhinocladiella;s__Rhinocladiella_sp	0.8
6b1252e950a0bf81ac1ccefbc161f1bc	k__Fungi;p__Ascomycota;c__Sordariomycetes;o__Hypocreales;f__Ophiocordycipitaceae;g__Tolypocladium	0.6
6b343ec6274ae964e9eadf6751497a58	Unassigned	1.0
6b36109ce1653a1f834e871f8f95c40f	k__Fungi;p__Basidiomycota;c__Agaricomycetes;o__Polyporales	0.875
6b6fafb01da1a528dcc33f07ae9ef0e2	Unassigned	1.0
6b8e772f5211b189d7ba2b8a7d26be17	k__Fungi;p__Ascomycota;c__Sordariomycetes;o__Xylariales;f__Xylariaceae	0.571
6ba91bf4d3fb03f62e46a412dcf15a02	Unassigned	1.0
6bbe8e00f6e09884875a9a35775f786b	k__Fungi;p__Ascomycota;c__Eurotiomycetes;o__Eurotiales;f__Aspergillaceae;g__Aspergillus	0.9
6bf2d8027cf94280a8e21e1b983c62cb	Unassigned	1.0
6bf4f15b2803b85586f35429deedf45d	k__Fungi;p__Ascomycota;c__Dothideomycetes;o__Mycosphaerellales	0.7
6bf95afd71f3c5804e4b5415e27d9c27	k__Fungi;p__Ascomycota;c__Leotiomycetes;o__Helotiales	1.0
6c33c89bb8776aeba808746b0c4ffd65	Unassigned	1.0
6c3be2ca66e1c1811f00c73c665c4ee4	Unassigned	1.0
6c444bcf801b1ffb8664b0727e0b64e9	Unassigned	1.0
6c4ed4bbe03b3b5e9fd3102fbbee06df	k__Fungi;p__Ascomycota;c__Lecanoromycetes;o__Ostropales;f__Stictidaceae;g__Cryptodiscus;s__Cryptodiscus_sp	0.8
6c5ce3054a775361f93d8cfc6e978278	k__Fungi;p__Basidiomycota;c__Agaricomycetes;o__Agaricomycetes_ord_Incertae_sedis;f__Agaricomycetes_fam_Incertae_sedis;g__Agaricomycetes_gen_Incertae_sedis;s__Agaricomycetes_sp;sh__SH0131268.09FU	1.0
6c72e9be2480fd73a04e79d7e20be065	k__Fungi;p__Ascomycota;c__Dothideomycetes;o__Zeloasperisporiales;f__Zeloasperisporiaceae;g__Zeloasperisporium;s__Zeloasperisporium_sp;sh__SH0072066.09FU	1.0
6c8e0e8fc6cb1ad95b42ea69fbc172df	Unassigned	1.0
6ca8723572d9a9ccb835eb381a33a4f3	Unassigned	1.0
6cb06298b3d0d7818af13c4e882a2525	k__Fungi;p__Ascomycota;c__Dothideomycetes;o__Capnodiales;f__Neodevriesiaceae;g__Neodevriesia	0.6
6cc760dd8e62f5f9eeafce151457ed73	Unassigned	1.0
6cd16a80050646fb92caf290f0e8925a	k__Fungi;p__Basidiomycota;c__Cystobasidiomycetes;o__Sakaguchiales;f__Sakaguchiaceae;g__Sakaguchia;s__Sakaguchia_lamellibrachiae;sh__SH0196338.09FU	1.0
6cd9231b449fad10c208e97caba2ed78	k__Fungi;p__Ascomycota;c__Eurotiomycetes;o__Chaetothyriales;f__Herpotrichiellaceae;g__Cladophialophora;s__Cladophialophora_sp	0.9
6cdbf596f6a782face027e8c06dfd7d3	k__Fungi;p__Basidiomycota;c__Agaricomycetes;o__Sebacinales;f__Serendipitaceae;g__Serendipita;s__Serendipita_sp	0.7
6ce7604e712f963bbd0ae0f6b7a3cf5e	k__Fungi;p__Ascomycota;c__Dothideomycetes;o__Pleosporales;f__Pleosporaceae;g__Alternaria	0.7
6ced355e28b28c4af0b7cce4e2b93c14	k__Fungi;p__Ascomycota;c__Dothideomycetes;o__Mycosphaerellales	0.7
6d1431ca88e53143b2f84c0b38d7d171	k__Fungi;p__Ascomycota;c__Lecanoromycetes;o__Lecanorales;f__Lecanorales_fam_Incertae_sedis;g__Lecanorales_gen_Incertae_sedis;s__Lecanorales_sp;sh__SH0030584.09FU	1.0
6d3480b7f2a92d89455a51d6cf055550	k__Fungi;p__Ascomycota;c__Sordariomycetes;o__Xylariales;f__Amphisphaeriaceae;g__Microdochium;s__Microdochium_sp;sh__SH0032221.09FU	1.0
6d444ff919fa79a4f7ee3acc098240c8	Unassigned	1.0
6db29db75774105242f51d8b37e2c3fe	k__Fungi;p__Chytridiomycota	1.0
6dc3edd4bf03877507130190afee6947	k__Fungi;p__Ascomycota;c__Sordariomycetes;o__Xylariales;f__Xylariaceae;g__Xylaria	0.8
6dd10e652b1aaa47f1389dc608b0634c	Unassigned	1.0
6e00a82372aca0c111f9720ad3e315f1	k__Fungi;p__Ascomycota;c__Sordariomycetes;o__Glomerellales;f__Glomerellaceae;g__Colletotrichum	0.9
6e1589c0dcc9693c772b9e0f6dc51ad5	Unassigned	1.0
6e15c37ac179745de8e3969a2fdfa8d5	Unassigned	1.0
6e1b175c4ffc91d6ae0c2b7f1e4e42d0	Unassigned	1.0
6e1b651e6d5662368494351f0552a780	k__Fungi;p__Basidiomycota;c__Agaricomycetes;o__Russulales;f__Stereaceae;g__Stereaceae_gen_Incertae_sedis;s__Stereaceae_sp;sh__SH0026801.09FU	1.0
6e610939df15719424eb43b9c8ec5fa7	Unassigned	1.0
6e6ecf4304a110c69480bcc79f2059fe	k__Fungi;p__Ascomycota;c__Dothideomycetes;o__Pleosporales	0.667
6e7a60838561264b1aae2ffe9305a148	k__Fungi;p__Ascomycota;c__Leotiomycetes;o__Helotiales	1.0
6e837ccd65dab8904d4b078b02eecd24	Unassigned	1.0
6e8ea444301176538ff6cd41047c3710	Unassigned	1.0
6e9df21404bb60cbfb4a3e2c61bda336	k__Fungi;p__Ascomycota;c__Leotiomycetes;o__Helotiales	0.9
6ea2b122995aa957523b5227df8d1e39	k__Fungi;p__Ascomycota;c__Dothideomycetes;o__Mycosphaerellales	0.8
6eba96c179904abe10d64870a849a58e	Unassigned	1.0
6ec08003300bc662927e16ae275706e1	k__Fungi;p__Ascomycota	1.0
6ed382dbe83e50ab018702f8eec09635	k__Fungi;p__Basidiomycota;c__Microbotryomycetes;o__Microbotryomycetes_ord_Incertae_sedis;f__Chrysozymaceae;g__Yurkovia	0.667
6ef05f5646546af94bc544c98005435a	k__Fungi;p__Ascomycota;c__Dothideomycetes	0.778
6ef1188fc251e86e63ff7de0493959c9	k__Fungi;p__Ascomycota;c__Dothideomycetes;o__Pleosporales;f__Pleosporales_fam_Incertae_sedis;g__Pleosporales_gen_Incertae_sedis;s__Pleosporales_sp	0.667
6ef2b75e66733d1d196be6b195d82dfb	Unassigned	1.0
6ef8023fb7a4d539518094c2644d6ac9	Unassigned	1.0
6f0cc09803eb14742c59d7f05e7111cb	k__Fungi;p__Ascomycota;c__Sordariomycetes;o__Xylariales;f__Sporocadaceae;g__Seiridium	0.571
6f1dbc912ecf14d711a188ff7e203807	k__Fungi;p__Basidiomycota;c__Tremellomycetes;o__Tremellales;f__Bulleribasidiaceae;g__Derxomyces;s__Derxomyces_mrakii;sh__SH0230592.09FU	1.0
6f287705ac6338dac06d0b601daf95ba	Unassigned	1.0
6f2b0431fa81b9a1263447e9ccc0e2f5	Unassigned	1.0
6f301ebec95b4ef47fef5a8e3a384306	Unassigned	1.0
6f3052eac2771607a3739c6813381c10	Unassigned	1.0
6f3cea925456c1ea72f55298f00eccb0	Unassigned	1.0
6f425e07bf5e63edf9c9d0e160ec9444	k__Fungi;p__Ascomycota;c__Eurotiomycetes;o__Chaetothyriales;f__Herpotrichiellaceae	0.6
6f42973f6964640b6eec199e7eec319f	k__Fungi;p__Basidiomycota;c__Tremellomycetes;o__Tremellales;f__Bulleribasidiaceae;g__Derxomyces;s__Derxomyces_boninensis;sh__SH0230583.09FU	1.0
6f5a61b7d659e475f377943c108dd63d	Unassigned	1.0
6f6bc23fae5d063e957db7a0fec46acb	Unassigned	1.0
6f6f1c89ed5070fb1fac6d8f7c2a2f4e	Unassigned	1.0
6f80ca3f0ee06ee573b643437bc74395	k__Fungi;p__Ascomycota;c__Lecanoromycetes;o__Ostropales;f__Stictidaceae;g__Cryptodiscus;s__Cryptodiscus_sp	1.0
6f82b36944df98ba7c4435321c81526f	Unassigned	1.0
6f83d7939cda6564c82fada89b869f33	Unassigned	1.0
6f88631d1a19f14115ded4bdf503da3d	k__Fungi;p__Ascomycota;c__Dothideomycetes;o__Capnodiales;f__Capnodiales_fam_Incertae_sedis;g__Capnodiales_gen_Incertae_sedis;s__Capnodiales_sp	1.0
6fc40e1caf0651fbbbfcc1dd3b1a80bc	Unassigned	1.0
6fc635ae99018972972de6dea964e358	Unassigned	1.0
6feec08bd4738116dacfc8baf49d1204	k__Fungi;p__Ascomycota;c__Sordariomycetes;o__Hypocreales;f__Niessliaceae;g__Niesslia	0.571
6ff04ce06a6fd5147934a41b66bf2a08	k__Fungi;p__Ascomycota;c__Dothideomycetes;o__Mycosphaerellales	0.7
6ff4601b376fb37e187ba01658fe566b	Unassigned	1.0
7061a3caba178ab65e4c5ef9ee64b868	Unassigned	1.0
70750ca2cb20c1505b9a340d1f90eeb7	k__Fungi;p__Ascomycota;c__Dothideomycetes;o__Myriangiales;f__Myriangiaceae;g__Myriangium;s__Myriangium_sp	0.7
7082d590876fad40034af8e27247c493	k__Fungi;p__Ascomycota;c__Eurotiomycetes;o__Chaetothyriales;f__Herpotrichiellaceae;g__Cladophialophora;s__Cladophialophora_sp	0.9
70b4a47a874ab7e313ad9abcebccf4bf	k__Fungi;p__Ascomycota;c__Sordariomycetes;o__Hypocreales;f__Niessliaceae	0.8
70c7b1d9b4a5858eb3939f8c23b2f7af	Unassigned	1.0
70e6873ac84501ffc463ef4bdb98cf8e	Unassigned	1.0
7105f2be9b33b96b11ec7664c5ba0ce6	Unassigned	1.0
7107624813308f91f9a883bee79fa514	k__Fungi;p__Ascomycota;c__Leotiomycetes;o__Helotiales;f__Tympanidaceae;g__Tympanidaceae_gen_Incertae_sedis;s__Tympanidaceae_sp	0.8
711668a137a65c01fac8dca6754abe93	Unassigned	1.0
714292a42b82f1c935580bd2de56b428	k__Fungi;p__Mortierellomycota;c__Mortierellomycetes;o__Mortierellales;f__Mortierellaceae;g__Mortierella;s__Mortierella_sp	0.667
714de43ca483cd68e1f65ecdd769d328	Unassigned	1.0
714df0c3b255d1f9076954651f90e855	Unassigned	1.0
715b06aaf48b5fe576521db3c3f0f620	k__Fungi;p__Ascomycota;c__Dothideomycetes;o__Pleosporales;f__Dictyosporiaceae;g__Pseudocoleophoma	0.6
715bcf644f337f75c484eb62de361166	Unassigned	1.0
715f0508d49cc39ace566728d5dc65da	k__Fungi;p__Ascomycota;c__Eurotiomycetes;o__Chaetothyriales;f__Cyphellophoraceae;g__Cyphellophora;s__Cyphellophora_sp	0.9
716185c3407af2d2c1f12054a8ae1481	k__Fungi;p__Ascomycota;c__Sordariomycetes;o__Xylariales;f__Amphisphaeriaceae;g__Microdochium	1.0
71745c30fce55e93b800d85dce73f915	k__Fungi;p__Ascomycota;c__Sordariomycetes;o__Hypocreales	1.0
71800c4383b6d7bff56b208711611455	Unassigned	1.0
719786d4ed410aa7943b4316e6e8d00b	k__Fungi;p__Ascomycota;c__Eurotiomycetes;o__Chaetothyriales;f__Chaetothyriales_fam_Incertae_sedis;g__Chaetothyriales_gen_Incertae_sedis;s__Chaetothyriales_sp;sh__SH0027123.09FU	1.0
7198f34f801a69743ac39edf38beeb8e	Unassigned	1.0
71a84ef83075f926c531d1b4e095e0b7	k__Fungi;p__Ascomycota;c__Dothideomycetes;o__Venturiales;f__Venturiales_fam_Incertae_sedis;g__Venturiales_gen_Incertae_sedis;s__Venturiales_sp	1.0
71aaf096d3747674e945620c8d02b28c	k__Fungi;p__Ascomycota;c__Dothideomycetes;o__Pleosporales;f__Melanommataceae	0.625
71b0a98ff1eaf0d2a9caf40e995ce947	Unassigned	1.0
71b602f81498e00282ab3da7b05e5533	k__Fungi;p__Ascomycota;c__Leotiomycetes;o__Helotiales;f__Helotiales_fam_Incertae_sedis;g__Helotiales_gen_Incertae_sedis;s__Helotiales_sp	0.6
71c878825849bacd9fcd0a869d294a46	Unassigned	1.0
71db5d161655a8c7fb05ab95b8e891a2	k__Fungi;p__Ascomycota;c__Eurotiomycetes;o__Chaetothyriales;f__Herpotrichiellaceae;g__Herpotrichiellaceae_gen_Incertae_sedis;s__Herpotrichiellaceae_sp	0.7
720a1d3f26e808a32bd69e5c672a195e	k__Fungi;p__Ascomycota;c__Sordariomycetes;o__Hypocreales;f__Clavicipitaceae;g__Balansia;s__Balansia_cyperi;sh__SH0139651.09FU	1.0
720b936e47caf840b83952b4d505256e	Unassigned	1.0
720bd58a84165c9e63455ec36409a4cc	Unassigned	1.0
7217c39a052e1c7a61d67a318c329a1d	k__Fungi;p__Ascomycota;c__Sordariomycetes;o__Hypocreales;f__Hypocreales_fam_Incertae_sedis	0.6
721a49b4398027b761e958e0873402cc	k__Fungi;p__Ascomycota;c__Eurotiomycetes;o__Phaeomoniellales;f__Phaeomoniellaceae;g__Phaeomoniellaceae_gen_Incertae_sedis;s__Phaeomoniellaceae_sp;sh__SH0092999.09FU	1.0
72216aa605d5f130b1593191509d8a41	k__Fungi;p__Ascomycota;c__Dothideomycetes;o__Mycosphaerellales;f__Teratosphaeriaceae	0.6
7224090220ad7aac6d118293a41dbae3	Unassigned	1.0
723a7c29c6d3acb95080873a6e09036e	k__Fungi;p__Ascomycota;c__Lecanoromycetes;o__Baeomycetales;f__Arctomiaceae;g__Arctomia;s__Arctomia_insignis	1.0
72411fa9c3e7def97b26393694e88d41	Unassigned	1.0
724b8503f6e043595d7a9564feea0456	k__Fungi;p__Ascomycota;c__Dothideomycetes;o__Capnodiales;f__Capnodiales_fam_Incertae_sedis;g__Capnodiales_gen_Incertae_sedis;s__Capnodiales_sp	0.667
7274feb77545df646c503ef09993b014	Unassigned	1.0
729bcea66b92d55ee4031a1a85b99f55	k__Fungi;p__Ascomycota;c__Lecanoromycetes;o__Ostropales;f__Stictidaceae;g__Cryptodiscus;s__Cryptodiscus_sp	0.714
72b9d7f3a288165df5c862458aa12b0b	k__Fungi;p__Ascomycota;c__Dothideomycetes;o__Mycosphaerellales;f__Teratosphaeriaceae	0.7
72d2e985208b2018fe4796beb5f28957	Unassigned	1.0
72e74fbf0926af40b1389c705f21e459	Unassigned	1.0
72f90fe2a520058e9c50c628bc5cce75	k__Fungi;p__Ascomycota;c__Leotiomycetes;o__Helotiales	0.9
72fab86eeee3c7e64a74677c0da568d0	Unassigned	1.0
7301877f58712ffd9ccfcd95fbe5c4bd	Unassigned	1.0
7302b9b01b54ea8001b7f5ad50f31a24	k__Fungi;p__Ascomycota;c__Leotiomycetes;o__Helotiales	1.0
730bee0deec5adca611e948a2c9e97ed	k__Fungi;p__Ascomycota;c__Dothideomycetes;o__Pleosporales	0.667
732b41627876aab25eaf4afacc1b3755	k__Fungi;p__Ascomycota;c__Dothideomycetes;o__Pleosporales;f__Phaeosphaeriaceae	1.0
733287a416050fd263b10f1c8808cc6f	k__Fungi;p__Basidiomycota;c__Cystobasidiomycetes	1.0
735845a7390d856871354185318f1a86	k__Fungi;p__Ascomycota;c__Sordariomycetes;o__Glomerellales;f__Plectosphaerellaceae	1.0
737d7869821a536dee4c89d21ae69008	Unassigned	1.0
73898f8ebc25f42cac28b94e70c341ac	Unassigned	1.0
73946ddf0587c0c628c5d290d2f81882	Unassigned	1.0
73a87618eab00a06a2d39f62e767716c	Unassigned	1.0
73b9f82295880fbb582681f59c8bc615	k__Fungi;p__Ascomycota;c__Eurotiomycetes;o__Chaetothyriales;f__Cyphellophoraceae;g__Cyphellophora	0.6
73e933b67f13d2e56749070bef7d3691	Unassigned	1.0
73e973234c5d1bfb56d4e54f77aae137	Unassigned	1.0
73ff87d8594bf88793d44bd63932b15d	Unassigned	1.0
740ccbc2816efa9f7daff26ae100a367	k__Fungi;p__Basidiomycota;c__Agaricomycetes;o__Trechisporales;f__Hydnodontaceae;g__Litschauerella;s__Litschauerella_sp	1.0
742b06e05e4b4b84cf47f0d5a46452b0	Unassigned	1.0
74661531e680a05d7cb612218881fff3	Unassigned	1.0
747cada00cae6f4068ee9c9b6b389b83	Unassigned	1.0
749a90e6a71f2adb56b46d0033aa1409	k__Fungi;p__Ascomycota;c__Dothideomycetes	0.778
74a08e91ad3b3cae649d535b6069629d	k__Fungi;p__Ascomycota;c__Dothideomycetes;o__Mycosphaerellales	0.7
74b4bb341a8b54ee82c1826c9f82d054	Unassigned	1.0
74b9276172ae297cb322bfa6402e18dd	Unassigned	1.0
74b98b56dd7adb93e2ae7897dddb67dc	k__Fungi;p__Chytridiomycota;c__Rhizophlyctidomycetes;o__Rhizophlyctidales;f__Rhizophlyctidaceae;g__Rhizophlyctis;s__Rhizophlyctis_sp	0.8
74b9d4585a7a8fe13b73567ed120115a	k__Fungi;p__Ascomycota;c__Dothideomycetes;o__Dothideomycetes_ord_Incertae_sedis;f__Dothideomycetes_fam_Incertae_sedis;g__Dothideomycetes_gen_Incertae_sedis;s__Dothideomycetes_sp;sh__SH0075467.09FU	1.0
74dd8b64a9a52c33f9dc57b3f5ddcc49	Unassigned	1.0
74e4881ca0241bef823db1a46769894f	Unassigned	1.0
74f6acf5ddd915ae17776b09be79684f	k__Fungi;p__Ascomycota;c__Leotiomycetes;o__Helotiales	1.0
75183df70e852c56ae069e60ac861433	k__Fungi;p__Basidiomycota;c__Tremellomycetes;o__Tremellales;f__Bulleribasidiaceae;g__Derxomyces	1.0
75499b3739cef8de0fd1f9ce8efca259	k__Fungi;p__Ascomycota;c__Leotiomycetes;o__Helotiales	0.833
757a3cfca1dca88a002c66755fe51688	Unassigned	1.0
7589af7936718dd50c9b9685650b86b9	k__Fungi;p__Fungi_phy_Incertae_sedis;c__Fungi_cls_Incertae_sedis;o__Fungi_ord_Incertae_sedis;f__Fungi_fam_Incertae_sedis;g__Fungi_gen_Incertae_sedis;s__Fungi_sp;sh__SH0188210.09FU	1.0
75b63b6d69f119c0730f62a6204e7f0e	Unassigned	1.0
75bfcb49acbd5546ea5eebf62b777f68	k__Fungi;p__Ascomycota;c__Sordariomycetes;o__Diaporthales;f__Diaporthaceae;g__Diaporthe	0.8
75eb93f839a47595e6a64601be999371	Unassigned	1.0
75ee8e964b054689b89ce55789c25990	k__Fungi;p__Ascomycota;c__Dothideomycetes;o__Botryosphaeriales;f__Botryosphaeriaceae	0.8
75fd6371da085802a98971e7e3e379ee	k__Fungi;p__Basidiomycota;c__Agaricomycetes;o__Sebacinales;f__Serendipitaceae;g__Serendipita;s__Serendipita_sp	0.6
7605f9a9a90ce6822dd8d46c7b9e4cbe	Unassigned	1.0
761f767e9cacbc2fc79702d868e0da5c	Unassigned	1.0
76271085352b52219ac1608d646e328f	k__Fungi;p__Basidiomycota;c__Cystobasidiomycetes	1.0
762cd2f11666e3c37f24b89902e8ce01	Unassigned	1.0
763da3e09ba67831f1b21f52c914f201	Unassigned	1.0
764b58edf18d7c86584fe2101210fc38	Unassigned	1.0
7665b0d724008ab8d2d46334a356cd6d	Unassigned	1.0
7670a664db34cb19e0f4d3346c837134	Unassigned	1.0
76829513d5323a53b109de84eee4e5c9	Unassigned	1.0
76885fc4523fc6b874fb0b2d6a43c49a	k__Fungi;p__Ascomycota;c__Leotiomycetes;o__Helotiales	1.0
769e07bf69e99336bc2afab4232809c4	k__Fungi;p__Ascomycota;c__Eurotiomycetes;o__Chaetothyriales;f__Chaetothyriaceae;g__Ceramothyrium;s__Ceramothyrium_exiguum;sh__SH0148380.09FU	1.0
76bae58f5b7b24cdf25848dadcea4e90	Unassigned	1.0
76bc5af306ae28690f363c51bb6bb4a9	k__Fungi;p__Ascomycota;c__Eurotiomycetes;o__Chaetothyriales;f__Chaetothyriales_fam_Incertae_sedis;g__Chaetothyriales_gen_Incertae_sedis;s__Chaetothyriales_sp;sh__SH0041840.09FU	1.0
76fa4e768729e52ca9cf914517a2a4cc	k__Fungi;p__Ascomycota;c__Sordariomycetes;o__Sordariales;f__Sordariales_fam_Incertae_sedis	0.7
7706a6b7da628aa3253a92cb5b954f7a	Unassigned	1.0
77089027d3aba1877b34ed59573a5207	Unassigned	1.0
770d37e3e5722e15b5675e4a52750940	k__Fungi;p__Basidiomycota;c__Agaricomycetes;o__Polyporales;f__Meruliaceae;g__Mycoacia;s__Mycoacia_sp;sh__SH0171865.09FU	1.0
771ad02c4557481f5ecccc79aa3a4b1a	k__Fungi;p__Basidiomycota;c__Agaricomycetes;o__Agaricales;f__Typhulaceae;g__Typhula	1.0
773de63eaf29c5e9deac2537a4cd64a0	k__Fungi;p__Basidiomycota;c__Agaricomycetes;o__Sebacinales;f__Serendipitaceae;g__Serendipitaceae_gen_Incertae_sedis;s__Serendipitaceae_sp	1.0
77408d763c4edeb7459339363d53eaf0	k__Fungi;p__Ascomycota;c__Dothideomycetes;o__Pleosporales;f__Cucurbitariaceae;g__Neocucurbitaria	0.667
7747f4403532448e8ead612de5ec1da3	Unassigned	1.0
774909bbf96ff8ab3fed8c1c2f4ac545	Unassigned	1.0
7755c289f41557432aae0bfacd241e14	Unassigned	1.0
7786d05a77099d1e0161f75ec6045537	k__Fungi;p__Basidiomycota;c__Agaricomycetes;o__Agaricales;f__Inocybaceae;g__Inocybe	1.0
778bbf0eebba9c5f170c654d5be5f1ca	k__Fungi;p__Ascomycota;c__Sordariomycetes;o__Xylariales;f__Diatrypaceae	0.667
77a336db504a4ffc75b7dcc680f35897	Unassigned	1.0
77ca59383f28bfaf6ca51711839c2e5e	Unassigned	1.0
77dc8672b217c91cac0027d0d247200c	k__Fungi;p__Ascomycota;c__Dothideomycetes	0.667
77de1c29d55dc81c2c1a680c45b8d061	k__Fungi;p__Ascomycota;c__Sordariomycetes;o__Hypocreales	1.0
77ec6de4344a824142aef673d4823fc0	Unassigned	1.0
781d14619b9d4c5468b433c80c3161e4	k__Fungi;p__Ascomycota;c__Eurotiomycetes;o__Chaetothyriales;f__Herpotrichiellaceae;g__Herpotrichiellaceae_gen_Incertae_sedis;s__Herpotrichiellaceae_sp	0.714
7823728478fed34ff834187da429f3a7	k__Fungi;p__Ascomycota;c__Sordariomycetes;o__Hypocreales	1.0
782442e12fbbca63620513278ac38021	Unassigned	1.0
783573c319fddd30d7ecc3b4b6801d6e	k__Fungi;p__Chytridiomycota;c__Spizellomycetes;o__Spizellomycetales;f__Powellomycetaceae;g__Geranomyces;s__Geranomyces_variabilis	0.667
783d87e4ed7ed5b20f15cdbdea9a3e7a	k__Fungi;p__Ascomycota;c__Dothideomycetes	1.0
784e990b59a2f3808517ab9bb962ef8e	Unassigned	1.0
7851f13274e76a6adfd95b52b67ee4fe	Unassigned	1.0
785ef0ff284f6c51dfe45b08cdebeaab	k__Fungi;p__Ascomycota;c__Eurotiomycetes;o__Chaetothyriales	0.667
786297af05b6c63dce0059451fbbe78d	Unassigned	1.0
78675892d9a087527397b01581322059	Unassigned	1.0
7880f9701da0120f5fe42842db3ea380	k__Fungi;p__Basidiomycota;c__Agaricomycetes;o__Agaricales;f__Mycenaceae;g__Mycena;s__Mycena_sp	1.0
7886432843bc568d0ab7783aa0705d5a	Unassigned	1.0
788e139bcad0d4c8a87b795d2de53f57	k__Fungi;p__Ascomycota;c__Dothideomycetes;o__Mycosphaerellales	0.8
789815ee3076aadbe1d86255efdcd1a8	Unassigned	1.0
789d309172a6c2bdc907dd3ce82d47cc	Unassigned	1.0
78b8978932485e849a49f439bb6552c9	Unassigned	1.0
78d18f6cce2d7ffcc2a8299b245f6ed8	Unassigned	1.0
78deb17a3e1d28dcb25659b1505e2107	k__Fungi;p__Ascomycota;c__Leotiomycetes;o__Helotiales;f__Helotiales_fam_Incertae_sedis;g__Helotiales_gen_Incertae_sedis;s__Helotiales_sp;sh__SH0040110.09FU	1.0
78e18d744c4f6e4400d33ecbb5253de7	Unassigned	1.0
78e3972e4f963d32de308d167da5fd5b	Unassigned	1.0
78ec7bbd50f700df39bb780547a77712	Unassigned	1.0
79025770a55a820f242ca43163ea8c45	Unassigned	1.0
7902a69089f69b1838947eac2af665ce	k__Fungi;p__Basidiomycota;c__Malasseziomycetes;o__Malasseziales;f__Malasseziaceae;g__Malassezia	1.0
7904803613f8841f2936b95cf281ceef	Unassigned	1.0
79143cc59cc061f7778b09afb54250da	k__Fungi;p__Ascomycota;c__Sordariomycetes;o__Sordariales;f__Podosporaceae;g__Cladorrhinum;s__Cladorrhinum_intermedium;sh__SH0049647.09FU	1.0
7915404d7dc67422ea08f2ba6e660425	Unassigned	1.0
79156e7137bd331214d394fb852df262	Unassigned	1.0
7926e43fe074bcfb4bd87d2ebcc1f7dc	k__Fungi;p__Ascomycota;c__Dothideomycetes;o__Mycosphaerellales;f__Mycosphaerellaceae;g__Lecanosticta	0.667
792fcd91a5e4505f99f5d785085d89cd	Unassigned	1.0
794f4b3401c58537097f581f26a0226a	Unassigned	1.0
7954b8263ab0e01b437401e8fd27a9f4	k__Fungi;p__Ascomycota;c__Sordariomycetes;o__Hypocreales;f__Stachybotryaceae	0.7
79a33afe993b1c8db7c0da20084e7179	k__Fungi;p__Ascomycota;c__Sordariomycetes;o__Xylariales;f__Xylariaceae;g__Coniolariella;s__Coniolariella_hispanica;sh__SH0040365.09FU	1.0
79b0927e4ae48ec7342028d37cbeb87d	Unassigned	1.0
79b3a1edc41fd169869e371d11041b1c	Unassigned	1.0
79dcb047e589defe4a1aaf24bca400ba	Unassigned	1.0
79fc7a359a0b02842b3d48662f13a268	Unassigned	1.0
7a04de2ccc4e52d5f4d7700077e3495f	k__Fungi;p__Ascomycota;c__Dothideomycetes;o__Pleosporales;f__Phaeosphaeriaceae;g__Leptospora	0.8
7a0518162c7d2ede8f9a39b2d73674c0	Unassigned	1.0
7a24395b64fc7b7390444f8663b3172e	k__Fungi;p__Ascomycota;c__Sordariomycetes;o__Diaporthales;f__Diaporthaceae;g__Diaporthe	0.9
7a272f2f8c444757eab37675c0f3d4aa	Unassigned	1.0
7a33a5b758fbda93228221b541e9db34	Unassigned	1.0
7a3e0e562aa4c7c8d8047648e7dda6b2	Unassigned	1.0
7a4f607a028faee74e99c6e50ec52069	Unassigned	1.0
7a6863f2e25979d03edb7673eded98ea	Unassigned	1.0
7a6bff11a0224269a0e08f05b30daaf6	Unassigned	1.0
7a9a565ec92e94c84e4f2c7d59d58721	Unassigned	1.0
7a9f491ea569573901671e3536006732	k__Fungi;p__Ascomycota;c__Dothideomycetes	0.75
7aa58e7cb28acaa0a204c48f65eb1164	Unassigned	1.0
7ab23bd9cfbd3fec64d07c8a69588de0	k__Fungi;p__Ascomycota;c__Sordariomycetes;o__Xylariales;f__Amphisphaeriaceae;g__Microdochium;s__Microdochium_sp;sh__SH0032221.09FU	1.0
7acc1836c1292f66a2da4688c36e5916	Unassigned	1.0
7ada9f25539015338957cb2195128a0c	k__Fungi;p__Ascomycota;c__Leotiomycetes;o__Helotiales;f__Hyaloscyphaceae	0.9
7b03223f225e28392a6f625286376e0d	Unassigned	1.0
7b033e0a567c48d32546e1d98f69a4d5	k__Fungi;p__Basidiomycota;c__Agaricomycetes;o__Trechisporales;f__Trechisporales_fam_Incertae_sedis;g__Trechisporales_gen_Incertae_sedis;s__Trechisporales_sp	1.0
7b09b019c3ccedd77f69149ddeaec430	k__Fungi;p__Basidiomycota;c__Agaricomycetes;o__Sebacinales;f__Sebacinaceae;g__Sebacina;s__Sebacina_sp	1.0
7b11b4889743a132957fd61854dae8f7	Unassigned	1.0
7b231712d454217796c46968b53299b7	Unassigned	1.0
7b299b84a8ef2b82550b7782cf60f6fd	Unassigned	1.0
7b37101a6947d2ddf465f7c11de0f630	Unassigned	1.0
7b428ca015ecca9ce700df60754ce62a	Unassigned	1.0
7b4ca1badc47052a464a191359f3c21f	Unassigned	1.0
7b5b06187d310a664623bceceb90a8ad	Unassigned	1.0
7b698c09de11e62255e4c59cb171958e	k__Fungi;p__Ascomycota;c__Dothideomycetes	0.667
7b7da186f726bbff9463736a5d9a4468	k__Fungi;p__Ascomycota;c__Dothideomycetes;o__Pleosporales	1.0
7b8f81fabc4a80cf1125a02400997322	Unassigned	1.0
7ba7d3dad5d55543cbf9635f10ff4e9d	k__Fungi;p__Basidiomycota;c__Pucciniomycetes;o__Septobasidiales;f__Septobasidiaceae;g__Septobasidium;s__Septobasidium_pallidum;sh__SH0041971.09FU	1.0
7bb16b29bc346ad511c69514731b24fc	k__Fungi;p__Ascomycota;c__Sordariomycetes;o__Xylariales;f__Amphisphaeriaceae;g__Microdochium	1.0
7bb60ed6fdab8bbc6b0b7f20a6b5e2d9	Unassigned	1.0
7bb71f5b1b6e4fc4903df9aaa5f0a150	Unassigned	1.0
7bc39f502bd269693db3a437c4e00417	k__Fungi;p__Basidiomycota;c__Agaricostilbomycetes;o__Agaricostilbales;f__Kondoaceae;g__Kondoa;s__Kondoa_ribitophobia;sh__SH0099511.09FU	1.0
7bcc06f2a6f6d527dd3b7067e5c7a496	k__Fungi;p__Basidiomycota;c__Tremellomycetes;o__Tremellales;f__Bulleribasidiaceae;g__Derxomyces	1.0
7bd6d4bced0d6dba5d1a35d298552b4c	Unassigned	1.0
7be2fe4d9de4b703063620ed532b0f8e	Unassigned	1.0
7be75d3e9cfbb6fdaf694453aa59465e	k__Fungi;p__Ascomycota;c__Eurotiomycetes;o__Chaetothyriales;f__Herpotrichiellaceae;g__Cladophialophora;s__Cladophialophora_sp	0.7
7beafa8c5f59889198a161d81dee53b0	Unassigned	1.0
7bebffa222d33c16c81e833021c8e14a	k__Fungi;p__Ascomycota;c__Dothideomycetes;o__Mycosphaerellales;f__Mycosphaerellaceae	0.8
7bf7ab1560dbe4dc28db65eab1928d77	Unassigned	1.0
7c01d744613785e80cb10bd7f817666c	Unassigned	1.0
7c08cc1e88fdf0919357c527aaa79f96	Unassigned	1.0
7c0f01f65faa4fbf95e9823cf456f4cb	Unassigned	1.0
7c134ac4ebe17e8bea41952457c45ed1	k__Fungi;p__Basidiomycota;c__Agaricomycetes;o__Trechisporales;f__Hydnodontaceae;g__Trechispora;s__Trechispora_sp	0.7
7c2444bb484e72130a20efccaf77323a	Unassigned	1.0
7c2a18388b99fce8585f5f320ec8aab6	Unassigned	1.0
7c30605b72efa376ff1ae6bc3335e09f	k__Fungi;p__Ascomycota;c__Eurotiomycetes;o__Chaetothyriales;f__Herpotrichiellaceae;g__Cladophialophora;s__Cladophialophora_sp	0.9
7c3d9c129160a5a252b436c65aee4dde	Unassigned	1.0
7c40687cd501e46258c068d138ccd688	Unassigned	1.0
7c5ccda56608aaede801dece99a551ef	Unassigned	1.0
7c6c6723e8915cd065cd1a4e01fa3e14	k__Fungi;p__Ascomycota;c__Sordariomycetes;o__Xylariales;f__Xylariales_fam_Incertae_sedis;g__Xylariales_gen_Incertae_sedis;s__Xylariales_sp;sh__SH0051286.09FU	1.0
7c6e373adff1cdfc5635a3b08011d0e2	k__Fungi;p__Ascomycota;c__Sordariomycetes;o__Hypocreales;f__Nectriaceae	0.6
7c7982e2ee6e986d8855c81b9ca9aa62	Unassigned	1.0
7c801c5188c5259e244cb28261a03168	k__Fungi;p__Ascomycota;c__Sordariomycetes	1.0
7c86a7050984555f78e53bcb091af9d9	k__Fungi;p__Ascomycota;c__Pezizomycotina_cls_Incertae_sedis;o__Pezizomycotina_ord_Incertae_sedis;f__Pezizomycotina_fam_Incertae_sedis;g__Pezizomycotina_gen_Incertae_sedis;s__Pezizomycotina_sp	1.0
7c8863d867c45789536a961116eac693	k__Fungi;p__Basidiomycota;c__Agaricomycetes;o__Agaricomycetes_ord_Incertae_sedis;f__Agaricomycetes_fam_Incertae_sedis;g__Agaricomycetes_gen_Incertae_sedis;s__Agaricomycetes_sp	0.6
7c955ebb9febda3421f767527b40a8ad	Unassigned	1.0
7ca754f687bb1f83967a7e292bf18b6e	k__Fungi;p__Ascomycota;c__Leotiomycetes;o__Helotiales	0.8
7cac9fcf3724037104f51f5176029a74	Unassigned	1.0
7cca7da34030f95785bb4bca033bbab4	Unassigned	1.0
7ccd5a4bcb31d3514c0cdb925c01f7d9	k__Fungi;p__Ascomycota;c__Dothideomycetes;o__Capnodiales;f__Capnodiales_fam_Incertae_sedis;g__Capnodiales_gen_Incertae_sedis;s__Capnodiales_sp	0.667
7cda05a5a63779d92298d15a02fa6ea7	k__Fungi;p__Ascomycota;c__Eurotiomycetes;o__Chaetothyriales;f__Herpotrichiellaceae	0.667
7cf0f3b35d1e9f04884d5dbf1c3cdda9	k__Fungi;p__Ascomycota;c__Eurotiomycetes;o__Chaetothyriales;f__Herpotrichiellaceae;g__Cladophialophora;s__Cladophialophora_sp	0.8
7d23a553c64e394adf95c7e489004497	Unassigned	1.0
7d46f09480d2da76e329d7a3bf7710d3	k__Fungi;p__Ascomycota;c__Eurotiomycetes;o__Chaetothyriales	1.0
7d569bf51b90db455781e15e62811805	Unassigned	1.0
7d5b157584ef18dd2b2280994a52edb8	k__Fungi;p__Ascomycota;c__Dothideomycetes	1.0
7d69e654bea3f3fb86b4228b19020638	Unassigned	1.0
7d6c471be1eb0e8e581f96fbba8d5ebf	k__Fungi;p__Ascomycota;c__Sordariomycetes;o__Xylariales;f__Xylariaceae;g__Xylaria	0.8
7d7249402bd0c388579f78c41761c860	Unassigned	1.0
7d7717add7160e28be4c890b1ac6bd15	Unassigned	1.0
7d7b41d530684b0636d450e7c7084194	Unassigned	1.0
7d7fadd4180f52296c39f0fa6dc1fdd8	Unassigned	1.0
7d9855a77879eb77d607841871667fd6	k__Fungi;p__Ascomycota;c__Dothideomycetes;o__Pleosporales	1.0
7db38a4ec0a41a4d7ac090b9cdb01367	k__Fungi;p__Ascomycota;c__Sordariomycetes;o__Xylariales	1.0
7dde92d9b87275a31edebcf112fbec87	Unassigned	1.0
7df08bc64a49c9cb42e672b81f47ef52	k__Fungi;p__Ascomycota;c__Orbiliomycetes;o__Orbiliales;f__Orbiliaceae	1.0
7df14bcbaf5995967e5ae19fa6281421	Unassigned	1.0
7e01aa052d9035008ef5a887d6708c38	Unassigned	1.0
7e03a881e17e695ccf13353f2fa26e12	Unassigned	1.0
7e131bcea88fa3d4c3a4fbdbeec32cf1	Unassigned	1.0
7e1b691f94c0d1b621e212e799f4fedb	Unassigned	1.0
7e39cbbc1ea5c075651e24216ff7ec66	Unassigned	1.0
7e6121756785e4f614bfb2e3b2f3c90b	Unassigned	1.0
7e7a52f8831d6cbe3074d981bb6f03a2	Unassigned	1.0
7e91e4c4925a45aadb9fd138cde9c641	k__Fungi;p__Ascomycota;c__Eurotiomycetes;o__Chaetothyriales;f__Chaetothyriales_fam_Incertae_sedis;g__Chaetothyriales_gen_Incertae_sedis;s__Chaetothyriales_sp;sh__SH0003774.09FU	1.0
7e9861aa6edb7520866db1a9dc09d5fd	Unassigned	1.0
7e9892e574cb7a96192b690c89b8f015	k__Fungi;p__Basidiomycota;c__Agaricomycetes;o__Cantharellales;f__Clavulinaceae;g__Clavulinaceae_gen_Incertae_sedis;s__Clavulinaceae_sp	1.0
7ea1580b618d3ffec125db4c3de1bf52	k__Fungi;p__Ascomycota;c__Lecanoromycetes;o__Leprocaulales;f__Leprocaulaceae;g__Leprocaulon;s__Leprocaulon_quisquiliare;sh__SH0050911.09FU	1.0
7ea339ad56bd863023e7d7d2884d0fbe	k__Fungi;p__Ascomycota;c__Sordariomycetes;o__Hypocreales;f__Ophiocordycipitaceae;g__Ophiocordyceps	0.625
7ec455482de2e75217b7f8214ff68304	Unassigned	1.0
7ede4934f02885fa02e851aa7b8c7012	k__Fungi;p__Ascomycota;c__Sordariomycetes;o__Hypocreales;f__Cordycipitaceae;g__Cordyceps	0.9
7effba84092c5d8a00574624a17184c8	Unassigned	1.0
7f05755f7bddbbbd9cfa9ac4b9970f5a	k__Fungi;p__Mortierellomycota;c__Mortierellomycetes;o__Mortierellales;f__Mortierellaceae;g__Mortierella;s__Mortierella_sp	0.9
7f0dc4bd624ddeccaaf1bad512a7ce72	k__Fungi;p__Ascomycota;c__Eurotiomycetes;o__Chaetothyriales;f__Herpotrichiellaceae;g__Rhinocladiella;s__Rhinocladiella_sp	1.0
7f1587d27340cd0612400ad21d9d6c0f	Unassigned	1.0
7f16e556191b0186042c206fa23a1fba	k__Fungi;p__Basidiomycota;c__Agaricomycetes;o__Agaricales;f__Agaricales_fam_Incertae_sedis;g__Agaricales_gen_Incertae_sedis;s__Agaricales_sp	1.0
7f2ed2de5b84ff30a8140d4867478557	k__Fungi;p__Ascomycota;c__Eurotiomycetes;o__Chaetothyriales;f__Trichomeriaceae;g__Trichomerium;s__Trichomerium_sp	0.6
7f46494b0d8964f79e2466e898f223d1	Unassigned	1.0
7f8da9d36fcd77316e3af126ace4e1b5	Unassigned	1.0
7fbb93d82e4abea98be2b43aa3e311fd	k__Fungi;p__Ascomycota;c__Dothideomycetes;o__Capnodiales;f__Cladosporiaceae	0.667
7fc2bdd723bcff469d27b7ce42f66a2d	k__Fungi;p__Basidiomycota;c__Cystobasidiomycetes	1.0
7fca96b70d266e19c07a41576e255b74	k__Fungi;p__Ascomycota;c__Sordariomycetes;o__Diaporthales	1.0
7fcabd176324fffef7bce88845911f01	k__Fungi;p__Basidiomycota;c__Agaricomycetes;o__Sebacinales;f__Serendipitaceae;g__Serendipita;s__Serendipita_sp	0.7
7fcb1774ffbd99eaf6c7c61151640263	Unassigned	1.0
7fcb8eefc0a25a5405122bb448dea96e	Unassigned	1.0
7fd2ccbf33899064b49b4c2d47a725cd	k__Fungi;p__Ascomycota;c__Dothideomycetes;o__Capnodiales;f__Neodevriesiaceae;g__Neodevriesia	0.6
80012c719c8e1049dc47a811064b11e2	k__Fungi;p__Ascomycota;c__Sordariomycetes;o__Hypocreales;f__Nectriaceae	0.875
800f392e68f7d4a29e2ba4fa5bd12a68	k__Fungi;p__Ascomycota;c__Eurotiomycetes;o__Chaetothyriales;f__Herpotrichiellaceae	0.7
800fe56bdee6b89334b16efd5bb5860a	k__Fungi;p__Ascomycota;c__Dothideomycetes	1.0
80295a92607e58f930b16b3a5c5f9699	Unassigned	1.0
803003ddeaeaefd711a1fd596420eed8	Unassigned	1.0
804662085a5e4ce7b8c56c887579467a	Unassigned	1.0
80708e106a5ce861c1a7794f9765c3c3	Unassigned	1.0
808eec4002d4f854864df4d0d9c5081c	k__Fungi;p__Ascomycota;c__Sordariomycetes;o__Xylariales	0.833
808fd0bf6351a79bae631e4b14c8de57	Unassigned	1.0
80b50bb71d1dc036ca0a88abdb3e72d7	k__Fungi;p__Ascomycota;c__Leotiomycetes;o__Helotiales;f__Helotiales_fam_Incertae_sedis;g__Helotiales_gen_Incertae_sedis;s__Helotiales_sp	0.8
80bb4c513bac37f848b0b8e70b307d39	k__Fungi;p__Ascomycota;c__Eurotiomycetes;o__Chaetothyriales;f__Herpotrichiellaceae;g__Cladophialophora;s__Cladophialophora_sp	0.9
80bd21e124aad3c2687c8093b72f1c39	k__Fungi;p__Ascomycota;c__Eurotiomycetes;o__Chaetothyriales;f__Herpotrichiellaceae;g__Cladophialophora;s__Cladophialophora_sp	1.0
80c5cd55d85e8c3909d0a0fa3d36f066	k__Fungi;p__Ascomycota;c__Dothideomycetes;o__Pleosporales;f__Tetraplosphaeriaceae	0.75
80c834a20a93b4c26b5ad5f5e50aed02	k__Fungi;p__Ascomycota;c__Sordariomycetes;o__Glomerellales;f__Plectosphaerellaceae	1.0
80ca2eda7aff0df88a33dfcae4c4a598	Unassigned	1.0
81123bb40706f6e6610a1b07796dd93c	k__Fungi;p__Ascomycota;c__Eurotiomycetes;o__Chaetothyriales;f__Chaetothyriales_fam_Incertae_sedis;g__Chaetothyriales_gen_Incertae_sedis;s__Chaetothyriales_sp	0.875
812128d68ca744df840d273a8a1c545a	k__Fungi;p__Ascomycota;c__Pezizomycotina_cls_Incertae_sedis;o__Pezizomycotina_ord_Incertae_sedis;f__Pezizomycotina_fam_Incertae_sedis;g__Tricellula;s__Tricellula_sp	0.667
81310550f559076ea1b533c290b4257d	k__Fungi;p__Ascomycota;c__Sordariomycetes;o__Xylariales	0.8
813594294b528539c924c3d2e20ea497	Unassigned	1.0
81675030fa8633f15d3078001c02d427	k__Fungi;p__Ascomycota;c__Dothideomycetes;o__Dothideomycetes_ord_Incertae_sedis;f__Dothideomycetes_fam_Incertae_sedis;g__Dothideomycetes_gen_Incertae_sedis;s__Dothideomycetes_sp;sh__SH0150997.09FU	1.0
816fdd7b5e6300cea3a24fa48e5866d4	Unassigned	1.0
8173bcb8ecef04e2dee10f16ed1efb3e	k__Fungi;p__Ascomycota;c__Dothideomycetes;o__Mycosphaerellales;f__Teratosphaeriaceae	0.7
818570ba2183c672123e15440cbebde1	Unassigned	1.0
81c258893532a5bddb3308fbaffc5f3b	k__Fungi;p__Ascomycota;c__Leotiomycetes;o__Helotiales;f__Helotiales_fam_Incertae_sedis;g__Helotiales_gen_Incertae_sedis;s__Helotiales_sp	0.7
81c399523223983319945144b29b561d	Unassigned	1.0
81fb346427a4c3f3c339cc945f007f4b	k__Fungi;p__Ascomycota	1.0
8200139524c250d3196325185b2a368c	Unassigned	1.0
823e91f35db84857372a617d7b3d4b4e	Unassigned	1.0
824f0151e9bf72e53e3eb3b95b538298	Unassigned	1.0
824ffb813ca333e803885bcbfe6092cc	Unassigned	1.0
8255083a48cdea1fa02beb21137f98d0	k__Fungi;p__Ascomycota;c__Sordariomycetes;o__Xylariales	0.8
8255bbe4c8526a6ac06596972d5a90cb	k__Fungi;p__Ascomycota;c__Dothideomycetes;o__Zeloasperisporiales;f__Zeloasperisporiaceae;g__Zeloasperisporium;s__Zeloasperisporium_sp;sh__SH0072066.09FU	1.0
8269232fd9562d6a6ebdcb220b0cd5fd	Unassigned	1.0
826ada310a0b1506933d6fc1edc64545	Unassigned	1.0
826e57fed1902beb8ca8df9862ca607a	k__Fungi;p__Ascomycota;c__Dothideomycetes;o__Mycosphaerellales;f__Mycosphaerellaceae	0.8
828d8e43ff22a76052401bd27c48e860	Unassigned	1.0
828f2dce4ccaf6737a4d35313a76c151	k__Fungi;p__Ascomycota;c__Dothideomycetes;o__Pleosporales;f__Pleosporaceae	1.0
8299a0ef1127f2abb99534ed6b694784	k__Fungi;p__Ascomycota	0.6
829afb941396602bd1cab0aab3f98303	Unassigned	1.0
82a0d1c528663b000c71b9880ea9e8b5	k__Fungi;p__Ascomycota;c__Sordariomycetes;o__Hypocreales;f__Hypocreales_fam_Incertae_sedis;g__Acremonium	0.857
82a72010729453f3fa535c89f60eca36	Unassigned	1.0
82b2fec1646b8e0191eaa01568601692	k__Fungi;p__Ascomycota;c__Sordariomycetes;o__Myrmecridiales;f__Myrmecridiales_fam_Incertae_sedis;g__Atractospora;s__Atractospora_sp	0.667
82b7cdc7fbae2a3c9eee1a40896c81e1	Unassigned	1.0
82be4973de8567c9a24080d369677973	Unassigned	1.0
82c31f2b3538cc8ba653cc942374c99a	Unassigned	1.0
82d08c46e4697598fe929c96f6937fe6	Unassigned	1.0
82d5a4bddd1d4d552de331d8be05dd42	Unassigned	1.0
82d6dd6f37080a438ae2501fa1534b9e	k__Fungi;p__Basidiomycota;c__Agaricomycetes;o__Agaricomycetes_ord_Incertae_sedis;f__Agaricomycetes_fam_Incertae_sedis;g__Agaricomycetes_gen_Incertae_sedis;s__Agaricomycetes_sp;sh__SH0012073.09FU	1.0
82df8a3a0cb4694a6a1d5b469b4108e9	Unassigned	1.0
82f685cb42b8302b77164a4bcad0a57b	Unassigned	1.0
83026948d0ca2185ac5100bf9a5de0bb	Unassigned	1.0
83756a2fd9100ff6893c4e2f3be578cc	k__Fungi;p__Basidiomycota;c__Agaricomycetes;o__Agaricales	0.9
83a79067c1a8419af697343796a6e8c2	Unassigned	1.0
83cc6ecaa503d198fcea2f7ecc67b520	Unassigned	1.0
83d1b96f53df89e51807622cf33895b0	Unassigned	1.0
83d7a721d3c6dcb6b8ee5206f962813c	Unassigned	1.0
83df5feb3706f378f3ff3a79da5b7902	Unassigned	1.0
83ec6368a0e337e3b4312d7d26c5af37	Unassigned	1.0
83ef8b5a98aaeb40d61cd2eb7fb97c84	Unassigned	1.0
83f7d1a832eaeb7aa4b452f62ef0e8c4	Unassigned	1.0
8400a32fecac37c09518d7fe44724af6	Unassigned	1.0
840144d4bcc51a39916cdb41a8cd3681	Unassigned	1.0
840621e14341da08395881d48de8d87d	k__Fungi;p__Ascomycota;c__Sordariomycetes;o__Hypocreales;f__Nectriaceae	0.9
84351d6a536578218a8179bde4df4dcb	k__Fungi;p__Ascomycota;c__Orbiliomycetes;o__Orbiliales;f__Orbiliaceae;g__Orbiliaceae_gen_Incertae_sedis;s__Orbiliaceae_sp	0.667
844432fefc2d03887bea59be2659a6b0	Unassigned	1.0
845aad9b3461876fa7aaa7d1f7895a02	Unassigned	1.0
8480f2768981b8ceac59264df4426c27	Unassigned	1.0
84908f6f56157236832b84ff4930e3b4	Unassigned	1.0
849cb754900d20312ccee903c87406a1	Unassigned	1.0
84dcfc26a59e1493e0748433396dfbb7	Unassigned	1.0
84df79f7f65a21a3ef59b36233edee23	k__Fungi;p__Ascomycota;c__Sordariomycetes;o__Hypocreales;f__Bionectriaceae	0.6
84f7a83078fefca4387e8ecbd7b3ee01	Unassigned	1.0
84fac8f48b00eabfbf38af142a0a5d1a	Unassigned	1.0
8520ad33d36314c61a2e691331bb048d	k__Fungi;p__Ascomycota;c__Leotiomycetes;o__Helotiales;f__Tympanidaceae	0.7
8528d6cb3384e1a9c43970d2348ce673	k__Fungi;p__Basidiomycota;c__Tremellomycetes;o__Filobasidiales;f__Piskurozymaceae;g__Piskurozyma;s__Piskurozyma_sp	0.8
853eca409dbb2d9ca509a2120927f7a9	Unassigned	1.0
85513057f0f17c36c9f186e3d7f99e46	k__Fungi;p__Ascomycota;c__Lecanoromycetes;o__Peltigerales;f__Coccocarpiaceae;g__Coccocarpia	0.889
85514fe739f7327b4073db14b5fbc06c	k__Fungi;p__Ascomycota;c__Leotiomycetes;o__Helotiales	1.0
85619db98f380108bf392228e0171418	Unassigned	1.0
8562377dd2e6be52940f0836d46fab32	Unassigned	1.0
85928d0af7b8807f5e47078a68e01a02	Unassigned	1.0
85c9f58423375d55b6cabd3e02207761	k__Fungi;p__Basidiomycota;c__Agaricomycetes;o__Cantharellales;f__Cantharellales_fam_Incertae_sedis;g__Cantharellales_gen_Incertae_sedis;s__Cantharellales_sp;sh__SH0014766.09FU	1.0
85d9feac4d6f8d5ffd809e769874c97b	Unassigned	1.0
85eb8dfa6d3e2fd4e418db6d3a13016c	k__Fungi;p__Basidiomycota;c__Cystobasidiomycetes	1.0
85efc1b6b466fcc2e7c173165e3bd890	Unassigned	1.0
85f9733d59133696a9c90c7a60a05ba7	k__Fungi;p__Basidiomycota;c__Agaricomycetes;o__Sebacinales;f__Serendipitaceae;g__Serendipitaceae_gen_Incertae_sedis;s__Serendipitaceae_sp	1.0
860c1627d0644b5b8bd687795bdc922e	k__Fungi;p__Basidiomycota;c__Cystobasidiomycetes	1.0
86169672a9ea6c8c49f95eba54dde8f9	Unassigned	1.0
861ce47aba2df57e43942a8d6d9175b7	Unassigned	1.0
86214bd044dfab4debb13d05a35764a7	Unassigned	1.0
8625c10aa66c56d5975b63057d1a5879	Unassigned	1.0
8632cabdcfefb6bf1f661fdedcc7e94b	k__Fungi;p__Ascomycota;c__Eurotiomycetes;o__Chaetothyriales;f__Herpotrichiellaceae;g__Cladophialophora;s__Cladophialophora_sp	0.9
8639072e6a6fc850b182eb768245e9db	Unassigned	1.0
8647a9375088b3cbfa9b64cec2fdf2da	k__Fungi;p__Ascomycota;c__Dothideomycetes;o__Capnodiales;f__Neodevriesiaceae;g__Neodevriesia	0.667
8649aad96167b8fc7c85224150c39532	k__Fungi;p__Basidiomycota;c__Geminibasidiomycetes;o__Geminibasidiales;f__Geminibasidiaceae;g__Geminibasidium;s__Geminibasidium_sp	0.7
86740f6a77a8dbfe2d46641120a94db3	Unassigned	1.0
867e0d387226c2e6cf26d9ef44565473	Unassigned	1.0
86888a602c0ad9f957ceb87145e3ba91	Unassigned	1.0
869461ce39ecb426d1fe1a3147f9026a	Unassigned	1.0
869a957c630df8b06b2efae7dd61d6a6	Unassigned	1.0
86c92d81137eab9ec0ef511b9cfd2949	Unassigned	1.0
86cee5dc48743db883a3fcb693a96f55	k__Fungi;p__Ascomycota;c__Dothideomycetes;o__Pleosporales;f__Pleomonodictydaceae;g__Pleohelicoon	0.6
86ef9dde3a71d768bc70467a5142e017	Unassigned	1.0
870afbe7fa031b4ecca3f9096ba5a022	k__Fungi;p__Ascomycota;c__Eurotiomycetes;o__Chaetothyriales;f__Trichomeriaceae;g__Trichomerium;s__Trichomerium_sp	0.6
871b75832f8512466d8e4ae95bc9660e	k__Fungi;p__Basidiomycota;c__Tremellomycetes	1.0
871eee1179d1a37cde7e4aa1536d2250	k__Fungi;p__Ascomycota;c__Eurotiomycetes;o__Chaetothyriales;f__Herpotrichiellaceae;g__Herpotrichiellaceae_gen_Incertae_sedis;s__Herpotrichiellaceae_sp;sh__SH0148373.09FU	1.0
8723cd78d2afeccbc001ec430fddc7d6	Unassigned	1.0
874679cc6fe03ee40739c95e534130b1	k__Fungi;p__Basidiomycota;c__Agaricomycetes;o__Agaricales;f__Agaricales_fam_Incertae_sedis;g__Agaricales_gen_Incertae_sedis;s__Agaricales_sp;sh__SH0177778.09FU	1.0
874734fc0b90da20ef165ba730f6ea25	k__Fungi;p__Ascomycota;c__Orbiliomycetes;o__Orbiliales;f__Orbiliaceae;g__Orbiliaceae_gen_Incertae_sedis;s__Orbiliaceae_sp	0.75
87540b3e33d6a4c356fcecbdf4880e4c	Unassigned	1.0
87671c2207782d6a1451156dd2b27cc1	Unassigned	1.0
87adeb345700b40bae7faa3007e02102	k__Fungi;p__Ascomycota;c__Leotiomycetes;o__Helotiales;f__Helotiales_fam_Incertae_sedis;g__Helotiales_gen_Incertae_sedis;s__Helotiales_sp	0.8
87b8871d5c771431074b06208e3b5ab2	Unassigned	1.0
87d4c2f334c1c853d93f7f1aec33707a	Unassigned	1.0
87d6da6223ff69b788e5bfb582055080	Unassigned	1.0
87f1d2215b41590bd9ab1e576937819a	Unassigned	1.0
87fa3a001069c8ff2f8f26eca8c8562b	k__Fungi;p__Ascomycota;c__Sordariomycetes;o__Hypocreales;f__Hypocreales_fam_Incertae_sedis;g__Acremonium	0.6
880a1d5bb739c1389609470d557972cb	Unassigned	1.0
881189422bd33432ab2fbf7e29c89ebd	k__Fungi;p__Ascomycota;c__Sordariomycetes;o__Diaporthales;f__Diaporthaceae;g__Diaporthe	0.9
88198000e838197978affc2987d97c40	Unassigned	1.0
8824eb87c9610331b77e6a5f7623044a	Unassigned	1.0
883b1d0041322f7cc8cde20ddb2dd814	Unassigned	1.0
883e4360a33524288b3d4aa98530e045	k__Fungi;p__Basidiomycota;c__Pucciniomycetes;o__Septobasidiales;f__Septobasidiaceae;g__Septobasidium;s__Septobasidium_pallidum;sh__SH0041971.09FU	1.0
884ad3811fa59cf54fd7d1d85720d83b	Unassigned	1.0
885da5f9a3657aeacd57ba8501aca88e	Unassigned	1.0
88875513f8094a22271b46a5f7fe8ef8	k__Fungi;p__Basidiomycota;c__Tremellomycetes;o__Tremellales;f__Bulleribasidiaceae;g__Derxomyces;s__Derxomyces_sp;sh__SH0169487.09FU	1.0
88a1614515299909e3411cac0e7676d2	Unassigned	1.0
88c36af62c1f35b1d6ffbcd7af570d7c	Unassigned	1.0
88d09137d25b89e192502653934f81fa	Unassigned	1.0
88d43437bb4c0a0b939b98c0d8b3a45e	Unassigned	1.0
88d6cbb68c28152584a098d03b3eed61	Unassigned	1.0
88d8e704b055c483a032f5970dd794a8	Unassigned	1.0
88e2108bda29760c24268eafceef6325	Unassigned	1.0
88f428bf64c9641e888834dd5497d7b3	k__Fungi;p__Basidiomycota;c__Agaricomycetes;o__Russulales;f__Peniophoraceae;g__Peniophora	0.7
890f5905da7e3d48eb8da2ce83bd8873	Unassigned	1.0
895f705b8755339d9a3c4d617ff91138	Unassigned	1.0
8965d2e61a8915d49f6b10b0aa1d7a95	Unassigned	1.0
896750afa3749ab85b5905e27ea801f4	k__Fungi;p__Basidiomycota;c__Agaricomycetes;o__Hymenochaetales;f__Rickenellaceae;g__Peniophorella;s__Peniophorella_fissurata;sh__SH0066159.09FU	1.0
896fc08a1ba241a41fb9cac7d82bb086	Unassigned	1.0
898ac8b5d8a5c065aec6a52c905a5d20	k__Fungi;p__Ascomycota;c__Eurotiomycetes;o__Chaetothyriales;f__Cyphellophoraceae;g__Cyphellophora;s__Cyphellophora_sp	0.7
899244efaedfedbabde9ea6ebae382ef	Unassigned	1.0
899926284d61b3f22b221e92cbee7f64	k__Fungi;p__Ascomycota;c__Sordariomycetes;o__Xylariales;f__Amphisphaeriaceae;g__Microdochium	1.0
89a78f14e8fde0700c55feea469d9e71	k__Fungi;p__Ascomycota;c__Dothideomycetes;o__Mycosphaerellales;f__Mycosphaerellaceae	0.8
89bfe7313345d16cb87ab21e88466d71	k__Fungi;p__Ascomycota;c__Sordariomycetes;o__Hypocreales	1.0
89d5aac49d8477a39426def2fdee00f9	k__Fungi;p__Ascomycota;c__Eurotiomycetes;o__Chaetothyriales	1.0
89d76aaa4da19f4aa52872811cc2844f	Unassigned	1.0
89f1c88d2678f0c6255ae4a7b6970f90	k__Fungi;p__Ascomycota;c__Lecanoromycetes;o__Lecanorales;f__Ramalinaceae;g__Bacidina	0.7
89fd0449000264e1100696cdab01c519	Unassigned	1.0
8a0756e0f224d4657bfe342aa0bc1874	Unassigned	1.0
8a47b877946e2e0d896803831f5fa40e	k__Fungi;p__Ascomycota;c__Dothideomycetes	0.9
8a508c2b7c95e9cf17b6af890b3cea3f	k__Fungi;p__Basidiomycota;c__Ustilaginomycetes;o__Ustilaginales;f__Ustilaginaceae;g__Moesziomyces	1.0
8a7c5a8f07c0a2ef7fbceb01ed92c4a0	Unassigned	1.0
8a7f5c1864a533174b3e2cf8cfc39777	Unassigned	1.0
8a96ec5a512011015be6a49929669bfc	k__Fungi;p__Ascomycota;c__Dothideomycetes;o__Mycosphaerellales;f__Mycosphaerellaceae;g__Zasmidium;s__Zasmidium_eucalyptigenum;sh__SH0257400.09FU	1.0
8aa4d84be98c5220580f8e14fdc8f334	Unassigned	1.0
8adaefb98e8480f166efc9a7bf701b6f	Unassigned	1.0
8adec904d0419f667030631a6bb73d85	Unassigned	1.0
8af6e1913a83e95ed9bdb43f0ec21122	k__Fungi;p__Ascomycota;c__Sordariomycetes;o__Hypocreales;f__Hypocreales_fam_Incertae_sedis;g__Hypocreales_gen_Incertae_sedis;s__Hypocreales_sp	0.7
8b184ad3de3cadb30378d12e9b8611a8	Unassigned	1.0
8b1de61b02c0267d3c7c2ffffd41b0a2	k__Fungi;p__Ascomycota;c__Dothideomycetes;o__Mycosphaerellales;f__Teratosphaeriaceae	0.6
8b272ac457d5e8539b6839f6a53339ed	Unassigned	1.0
8b39a42cc3e1580677d0a49c9233a3c1	k__Fungi;p__Basidiomycota;c__Cystobasidiomycetes;o__Sakaguchiales;f__Sakaguchiaceae;g__Sakaguchia;s__Sakaguchia_lamellibrachiae;sh__SH0196338.09FU	1.0
8b49f7c8d27087fe1fd24e9345cf4e7f	k__Fungi;p__Ascomycota;c__Sordariomycetes;o__Diaporthales;f__Diaporthaceae;g__Diaporthe	0.8
8b4e278302afdfc138c27f5d0618003e	Unassigned	1.0
8b4e98e134a78d051f07076892613f3e	k__Fungi;p__Ascomycota;c__Dothideomycetes;o__Myriangiales;f__Myriangiaceae;g__Myriangium;s__Myriangium_sp	1.0
8b536e936cdc1e81e2a0eadb16d0064e	Unassigned	1.0
8b621ca9003c01c1e11d30c506f2e0b7	k__Fungi;p__Ascomycota;c__Eurotiomycetes;o__Chaetothyriales;f__Trichomeriaceae;g__Trichomerium	0.8
8b70ab60557823ea3ad29f2d4d1c397b	k__Fungi;p__Basidiomycota;c__Tremellomycetes;o__Tremellales;f__Tremellaceae;g__Bulleromyces;s__Bulleromyces_sp;sh__SH0055570.09FU	1.0
8b7667ce8a6732a57d8aef3c7878eeaf	k__Fungi;p__Mortierellomycota;c__Mortierellomycetes;o__Mortierellales;f__Mortierellaceae;g__Mortierella;s__Mortierella_sp	0.9
8b8293cbd32f846586c279d4735d79cd	k__Fungi;p__Ascomycota;c__Sordariomycetes;o__Hypocreales;f__Nectriaceae;g__Fusarium	0.6
8b910cde64baeffa867cc7bf7012a1bc	Unassigned	1.0
8bb22c0c4fd696b70a9031ec88b75dfe	Unassigned	1.0
8c00e7a131ceef5d83276be79273a160	k__Fungi;p__Ascomycota;c__Eurotiomycetes;o__Eurotiales;f__Trichocomaceae	0.8
8c037ea4218979deb5083acdbc88b40d	Unassigned	1.0
8c13633160c4adece2f46fe9aded0ad6	k__Fungi;p__Ascomycota;c__Eurotiomycetes;o__Chaetothyriales;f__Herpotrichiellaceae;g__Cladophialophora;s__Cladophialophora_sp	0.7
8c19ed545b3f270eeef35f58d8df4d9a	Unassigned	1.0
8c237f8ac4969013f33276f5ebbc2a70	k__Fungi;p__Ascomycota;c__Dothideomycetes;o__Pleosporales;f__Pleosporales_fam_Incertae_sedis;g__Pleosporales_gen_Incertae_sedis;s__Pleosporales_sp;sh__SH0048953.09FU	1.0
8c755b4056951521f2390fe4fcd838dd	Unassigned	1.0
8c8206f1a3cb14e815d1a781e2af58d0	Unassigned	1.0
8c8bdbda0d9e0ce7c57a590295008208	Unassigned	1.0
8caa482ff0265cb83d6b91c3197b0b06	k__Fungi;p__Ascomycota;c__Leotiomycetes;o__Helotiales;f__Helotiaceae	0.8
8cc59351c51efd62c47e5a8c910c1001	Unassigned	1.0
8cd0af556ecbef99195c2219d395353d	Unassigned	1.0
8cd0b919a28747c44ab5c151bbb1d532	Unassigned	1.0
8cdb23c377cef8a8625ba2b58becf93c	Unassigned	1.0
8cded7da721d01ebcae5500d115ef669	Unassigned	1.0
8cf4dd57372a70fb9507b65a6d6df41a	Unassigned	1.0
8cf8be470a6980c5047f60bd6d55c6b5	k__Fungi;p__Basidiomycota;c__Agaricomycetes;o__Trechisporales;f__Hydnodontaceae;g__Fibrodontia	1.0
8d001195401fe15fc5dec5afdf0520ca	Unassigned	1.0
8d2d3c41b11fe06d7d920a5748a81250	Unassigned	1.0
8d44e4bb20532d2f607878b7be87265f	Unassigned	1.0
8d46ce76e4173a826cfefb7dfbff8d8f	k__Fungi;p__Ascomycota;c__Leotiomycetes;o__Helotiales;f__Helotiales_fam_Incertae_sedis	0.6
8d476908c8f5b0ceda155fa0f0d08dbc	k__Fungi;p__Ascomycota;c__Sordariomycetes;o__Hypocreales;f__Nectriaceae	0.6
8d4864e2fd9f6ec62b12a33c72fff8f5	k__Fungi;p__Basidiomycota;c__Agaricomycetes;o__Trechisporales;f__Hydnodontaceae;g__Tubulicium;s__Tubulicium_vermiculare;sh__SH0249262.09FU	1.0
8d6309fc0376008720686df67c35137b	k__Fungi;p__Ascomycota;c__Eurotiomycetes;o__Chaetothyriales;f__Trichomeriaceae;g__Trichomerium	0.6
8d63c32543140e3031491412bbc8c3f2	Unassigned	1.0
8d8ee07def8c40b0d77ac04c817d466d	Unassigned	1.0
8d92450fd567d4a0aac41496883050ea	Unassigned	1.0
8d97e2d315f74b2e5f4b55e8cd148673	Unassigned	1.0
8da6560013b95bcfc4e298e25f098a02	k__Fungi;p__Basidiomycota;c__Agaricomycetes;o__Agaricales;f__Entolomataceae;g__Entoloma;s__Entoloma_sp	0.8
8da754b0720620383b5841f16c4fa86e	k__Fungi;p__Ascomycota;c__Lecanoromycetes;o__Ostropales;f__Stictidaceae	0.667
8de965c5a39fd63240e5d7138b5dff8c	Unassigned	1.0
8df8cabe345fbc5e993ca4015dc36a20	Unassigned	1.0
8e0a6f25d3a1a410fa631921f745287f	Unassigned	1.0
8e1328c5686b0397d651ddc0f07e8f02	k__Fungi;p__Ascomycota;c__Leotiomycetes;o__Helotiales	1.0
8e188a16e85e7ad4e04a9da15dc9d601	Unassigned	1.0
8e1e88df73ac15dd8dc979b3a2ac621c	Unassigned	1.0
8e20a794a62ec7006db2b74edce9041d	Unassigned	1.0
8e427aead70ee989f0b93c9f8be0d4bc	k__Fungi;p__Ascomycota;c__Sordariomycetes;o__Sordariomycetes_ord_Incertae_sedis;f__Sordariomycetes_fam_Incertae_sedis;g__Sordariomycetes_gen_Incertae_sedis;s__Sordariomycetes_sp;sh__SH0014088.09FU	1.0
8e6753cb8981d835d8c9b67346383dd7	k__Fungi;p__Chytridiomycota;c__Rhizophydiomycetes;o__Rhizophydiales;f__Rhizophydiales_fam_Incertae_sedis;g__Rhizophydiales_gen_Incertae_sedis;s__Rhizophydiales_sp	0.9
8e67fd93828e20f39d2bccc19e09c944	k__Fungi	1.0
8e8e1174d5b94b91feb586c9b24c05fd	Unassigned	1.0
8e9169716bb2ebf1359d8ea3792f7bce	Unassigned	1.0
8e9225f83445df5d3691f1828448f64e	Unassigned	1.0
8e98bef2593881997adcf52e5ca0fa15	k__Fungi;p__Ascomycota;c__Sordariomycetes;o__Sordariomycetes_ord_Incertae_sedis;f__Sordariomycetes_fam_Incertae_sedis;g__Sordariomycetes_gen_Incertae_sedis;s__Sordariomycetes_sp;sh__SH0040067.09FU	1.0
8ed49841a090e429406c1e78a41d8286	Unassigned	1.0
8ed6da1362010b0a0b938d3f64b0cff6	Unassigned	1.0
8f2942910f69b5038668fe559f4dd7e3	k__Fungi;p__Ascomycota;c__Orbiliomycetes;o__Orbiliales;f__Orbiliales_fam_Incertae_sedis;g__Orbiliales_gen_Incertae_sedis;s__Orbiliales_sp	0.9
8f3ab2d760fa5ce3c92657b2f387d4bd	Unassigned	1.0
8f3ed8892d28085b320519ac829bf2cc	Unassigned	1.0
8f7d1ffb7a65fcff9b0c44a74094debc	Unassigned	1.0
8f92891158507c9784c7179f434ca8db	Unassigned	1.0
8f92a2533eb0aad67a558b8abbd12956	Unassigned	1.0
8f9416a360ac2ba47f7d7fc310392ffa	Unassigned	1.0
8faee65f825f194fbff69c137a10ae3b	k__Fungi;p__Basidiomycota;c__Agaricomycetes;o__Polyporales;f__Meruliaceae;g__Mycoacia	0.833
8fe586949cc3175956236754cb0c5d7a	k__Fungi;p__Basidiomycota;c__Tremellomycetes;o__Filobasidiales;f__Piskurozymaceae;g__Piskurozyma	0.7
8fe708a3d28da67f7a1f2bfccd37bbf4	Unassigned	1.0
8febe1a737e62dc1c0c87fa5e13ebc3d	k__Fungi;p__Ascomycota;c__Lecanoromycetes;o__Caliciales;f__Physciaceae	1.0
8fec7e61575b66adcb5d254eb2aa418a	k__Fungi;p__Ascomycota;c__Sordariomycetes;o__Hypocreales;f__Nectriaceae;g__Fusarium	0.571
8ff17ddb5ffeeca66e2a864f32589e7e	Unassigned	1.0
8ff5b1c450bbe0e7216d7828c9c960fa	Unassigned	1.0
8ffe2d0ca4066c8cfdaafe1a146ab650	Unassigned	1.0
90014db658b5f5efaed6fa6ec0c37726	k__Fungi;p__Ascomycota;c__Leotiomycetes;o__Helotiales;f__Helotiales_fam_Incertae_sedis;g__Helotiales_gen_Incertae_sedis;s__Helotiales_sp	0.7
90044fb6c417845206a126ffb5b6c874	Unassigned	1.0
9020eb6e351e5519bfad1f1784731109	k__Fungi;p__Ascomycota;c__Orbiliomycetes;o__Orbiliales;f__Orbiliaceae;g__Orbilia	1.0
903229f4bb0f6615cbf2c85bda86a17b	Unassigned	1.0
90353af2859060b101c41dec43e6478f	k__Fungi;p__Ascomycota;c__Sordariomycetes;o__Hypocreales;f__Ophiocordycipitaceae;g__Tolypocladium;s__Tolypocladium_sp	0.6
904eb1f9b591f9ce385b63e8e404c200	k__Fungi;p__Ascomycota;c__Leotiomycetes;o__Helotiales	1.0
90506a5af7e6f9b2ca4677ea3c54e672	Unassigned	1.0
9059348d142fa13fff0fd8aa9699821b	k__Fungi;p__Ascomycota;c__Dothideomycetes;o__Mycosphaerellales;f__Mycosphaerellaceae;g__Pseudocercospora	0.6
90609060979952ad44c317776e04922c	Unassigned	1.0
9067d6a035c2eb6b699d1b825e5a68f3	k__Fungi;p__Ascomycota	1.0
909369fc3e61805f83804b8002845bbd	Unassigned	1.0
90a916a155e7efe98f1c659946018d4d	k__Fungi;p__Ascomycota;c__Dothideomycetes;o__Pleosporales;f__Roussoellaceae	1.0
90b17be5289899ebfd4d4e83f7904a24	Unassigned	1.0
90cad6cf1bc8fb2240da0e76993afa38	k__Fungi;p__Ascomycota;c__Dothideomycetes;o__Myriangiales;f__Elsinoaceae;g__Elsinoe	1.0
90f08f6b4656990bdeef7e19e2abcfda	k__Fungi;p__Ascomycota;c__Sordariomycetes;o__Hypocreales;f__Clavicipitaceae;g__Pochonia;s__Pochonia_sp;sh__SH0043115.09FU	1.0
90fe3923185f2f6e268c73d1909867c4	Unassigned	1.0
90ff6c74ce9e1310badf1418a600909c	Unassigned	1.0
9100875d492dc0a52a9e0ba5a39864a5	Unassigned	1.0
910ba7544352dcafe35f8892a8a0ce38	k__Fungi;p__Ascomycota;c__Lecanoromycetes;o__Lecanorales;f__Catillariaceae;g__Solenopsora	1.0
91230e12837487068982c10868683cfd	Unassigned	1.0
91269dcc32c45df74f24ba92745c10ab	k__Fungi;p__Basidiomycota;c__Agaricomycetes;o__Agaricomycetes_ord_Incertae_sedis;f__Xenasmataceae;g__Xenasmatella;s__Xenasmatella_sp	0.625
91328a4fb602d9e16c8f165bc9f9147e	Unassigned	1.0
91393aac652946935ecfeedde3723855	Unassigned	1.0
913e4d5ecc11694f65914fc753276afc	k__Fungi;p__Ascomycota;c__Leotiomycetes;o__Helotiales	0.8
913ef1c0ccf6241d6c4522928bea8fad	k__Fungi;p__Basidiomycota;c__Agaricomycetes;o__Trechisporales;f__Hydnodontaceae;g__Trechispora;s__Trechispora_sp	0.9
914f2d7cf8901f111bd0e40b6f98f3bc	Unassigned	1.0
916067a3a438374c028f9d702cd553c3	Unassigned	1.0
9164003e3b4b6df5b46fe38a5026e148	k__Fungi;p__Ascomycota;c__Leotiomycetes;o__Helotiales;f__Hyaloscyphaceae	0.8
9172034d7588baa4cdea5a981e2e3681	k__Fungi;p__Ascomycota;c__Dothideomycetes;o__Mycosphaerellales	0.8
9187ffd977bb28f49020f3d58ffc0628	Unassigned	1.0
91a7cf555ffc145dc00f2053ac68008a	k__Fungi;p__Ascomycota;c__Leotiomycetes;o__Helotiales	1.0
91bb00feb506ad624c8f18d81f33b678	k__Fungi;p__Ascomycota;c__Sordariomycetes;o__Hypocreales;f__Nectriaceae	0.9
91e43a52609f09fbd9c6d49f78695598	k__Fungi;p__Ascomycota;c__Dothideomycetes;o__Mycosphaerellales;f__Teratosphaeriaceae	0.9
91e6f36e5cc7d957af0e28b1fc409393	k__Fungi;p__Ascomycota;c__Sordariomycetes;o__Xylariales;f__Amphisphaeriaceae;g__Microdochium	1.0
92074fa55cfba4d7ca8c102d25656923	k__Fungi;p__Ascomycota;c__Sordariomycetes;o__Xylariales;f__Diatrypaceae	0.7
922fb7df0904ac84c7cc9470267276f4	Unassigned	1.0
9231a2c80ce157fe0ccb3b85767c8a2d	k__Fungi;p__Basidiomycota;c__Cystobasidiomycetes	1.0
923bc367e0d889aaa8e08421a57fa72f	Unassigned	1.0
924890d5ef984d4ad86d316f5078eb60	k__Fungi;p__Ascomycota;c__Eurotiomycetes;o__Phaeomoniellales;f__Phaeomoniellaceae;g__Paraphaeomoniella;s__Paraphaeomoniella_sp	0.75
924eaa56bf69c743b4911a51fb528029	k__Fungi;p__Ascomycota;c__Eurotiomycetes;o__Chaetothyriales;f__Cyphellophoraceae;g__Cyphellophora;s__Cyphellophora_sp	0.7
92521a747647648cdcc6245468106ef0	Unassigned	1.0
925248a069aa79fe45436c2b030ffc66	Unassigned	1.0
925fc6358e9db151fe9df040a333da8e	Unassigned	1.0
927501bc79395647e1a3033e31480672	Unassigned	1.0
92798b6550b4838092929ef17fb7b941	Unassigned	1.0
927df0021468c0e62bf7c19eb2fc29e3	Unassigned	1.0
9286859bf307c3f0647d637ea03bcdfc	Unassigned	1.0
929bb9b33b111d2f6301a016ff8be61a	Unassigned	1.0
92bdedb79e15fadd107e298c9dce2fd0	Unassigned	1.0
92c2729dd19cfdc3a898ff7dfc36d734	Unassigned	1.0
92ffbe7d261d103cba7dac656f2956e6	Unassigned	1.0
930c655d3c51bd350dabc57dad044862	Unassigned	1.0
930f12f41c8b74af329f6b8d41bee768	k__Fungi;p__Ascomycota;c__Dothideomycetes;o__Mycosphaerellales;f__Teratosphaeriaceae;g__Teratosphaeria;s__Teratosphaeria_sp	0.8
9319a4969efab4c09e6a546be12383ea	Unassigned	1.0
931d277cf8958da939536d441e0e9212	Unassigned	1.0
931dbdfca4ddedf8f81741ded0efd427	k__Fungi;p__Ascomycota;c__Dothideomycetes;o__Pleosporales;f__Didymellaceae	1.0
9320a6292ef2893c4435572704a64663	Unassigned	1.0
933bb1f93a3e885da9100284153a874c	k__Fungi;p__Basidiomycota;c__Agaricomycetes;o__Trechisporales;f__Trechisporales_fam_Incertae_sedis;g__Trechisporales_gen_Incertae_sedis;s__Trechisporales_sp	1.0
9375759678d1b5353d61eb57b074da2f	k__Fungi;p__Ascomycota;c__Dothideomycetes;o__Pleosporales;f__Phaeosphaeriaceae;g__Phaeosphaeriaceae_gen_Incertae_sedis;s__Phaeosphaeriaceae_sp	1.0
9393850997963289cfbb70b1d5f7b53a	k__Fungi;p__Ascomycota;c__Sordariomycetes;o__Hypocreales;f__Nectriaceae	0.6
93b1dab5cc5aa2125a82eff9285f9f71	k__Fungi;p__Ascomycota;c__Leotiomycetes;o__Helotiales;f__Helotiales_fam_Incertae_sedis;g__Helotiales_gen_Incertae_sedis;s__Helotiales_sp;sh__SH0054831.09FU	1.0
93d28776a0815471637cd8557bce4d9a	k__Fungi;p__Ascomycota;c__Lecanoromycetes;o__Lecanorales;f__Ramalinaceae	0.9
93d7bf48ef6700980d11d50dd6a1219b	k__Fungi;p__Ascomycota;c__Sordariomycetes;o__Glomerellales;f__Glomerellaceae;g__Colletotrichum;s__Colletotrichum_brevisporum;sh__SH0251646.09FU	1.0
93e51f239c3b2ac3bfe8bd84a0f28662	Unassigned	1.0
93e8355224cc6ce499e6f9a9dd819093	k__Fungi;p__Ascomycota;c__Dothideomycetes;o__Pleosporales;f__Periconiaceae;g__Periconia	0.75
941bf190bb351d4942c3754faa6df27f	k__Fungi;p__Ascomycota;c__Sordariomycetes;o__Hypocreales;f__Clavicipitaceae	1.0
941e88054843ee98a2db01ddb6544ca8	Unassigned	1.0
9442f28da01fbfc507d5e0d881d1ca61	k__Fungi;p__Ascomycota;c__Sordariomycetes;o__Ophiostomatales;f__Ophiostomataceae;g__Sporothrix;s__Sporothrix_sp	0.556
94448685138c5465867f57852aba904d	Unassigned	1.0
945f81d02148d9c3532cb925d9a3aa46	Unassigned	1.0
946008da8a4b2ea15263960ca7e7f0e0	Unassigned	1.0
94728c546bd6aa6a7d451c8e6f6e2c66	k__Fungi;p__Ascomycota;c__Sordariomycetes;o__Hypocreales;f__Cordycipitaceae	1.0
9472f012632452de3a11aaf4a8c3da82	k__Fungi;p__Ascomycota;c__Sordariomycetes;o__Hypocreales;f__Nectriaceae	0.9
947d6dace15ab40180a8a83775bebb60	Unassigned	1.0
94885e0dbf4b3e50c26c6000ebf01c4f	k__Fungi;p__Basidiomycota;c__Tremellomycetes;o__Filobasidiales;f__Filobasidiaceae;g__Heterocephalacria;s__Heterocephalacria_sp	0.7
94cc6554af2daf6cf39baf00201ea1c7	k__Fungi;p__Ascomycota;c__Lecanoromycetes;o__Lecanorales;f__Ramalinaceae;g__Bacidina	0.9
94df4c5d4eff1427beec1988f3062c0e	k__Fungi;p__Ascomycota;c__Lecanoromycetes;o__Ostropales;f__Stictidaceae	0.667
94fa2cd1e40f6b0d64a8c3fb7ceae833	Unassigned	1.0
9521098539d6eb6c7a192fe4c8535173	Unassigned	1.0
9526a4ff459c472851088fa150b67c2d	k__Fungi;p__Ascomycota;c__Sordariomycetes;o__Vermiculariopsiellales;f__Vermiculariopsiellaceae;g__Vermiculariopsiella;s__Vermiculariopsiella_dichapetali;sh__SH0057216.09FU	1.0
9544cd4f4a8dafe0c9048d493f35ee6e	Unassigned	1.0
954deafb933b800087205ab8aaa28a06	Unassigned	1.0
957454df2b1bc360d6b248ccd3345def	Unassigned	1.0
95a098842a46adce6a9128125cbf6cbf	k__Fungi;p__Basidiomycota;c__Agaricomycetes;o__Agaricomycetes_ord_Incertae_sedis;f__Agaricomycetes_fam_Incertae_sedis;g__Agaricomycetes_gen_Incertae_sedis;s__Agaricomycetes_sp	1.0
95a81f856d600bdd276da28d83f7391a	Unassigned	1.0
95ae1c6152a7b5b30fa184036bc4a0f9	Unassigned	1.0
95b6a6c79a95d3567a1af69f0979364c	Unassigned	1.0
95ceea2041c5735c42dbb45c8efd8333	k__Fungi;p__Ascomycota;c__Dothideomycetes;o__Pleosporales;f__Didymosphaeriaceae;g__Paraphaeosphaeria	0.667
95d0090d2a0f477ba2945368d20751b7	Unassigned	1.0
95f00e6da05a0b292c432cd2a61b1947	k__Fungi;p__Ascomycota;c__Leotiomycetes;o__Helotiales;f__Helotiales_fam_Incertae_sedis	0.6
95fcf96fc86aa4510de13779c22806ca	Unassigned	1.0
960733c94622de450846c2de5c3ff1bd	Unassigned	1.0
965513d229d77fde8e4a861c98e59a7d	k__Fungi;p__Ascomycota;c__Dothideomycetes	1.0
9663bbfe0db4574ce3bc7e5467ae2d31	Unassigned	1.0
96839c67d32addf9259ecf5cdb9a2460	Unassigned	1.0
968844f419d8120540ca55bfa46d0b9e	Unassigned	1.0
968ea65da431e7435f3a03ba792f8c00	k__Fungi;p__Ascomycota;c__Dothideomycetes;o__Muyocopronales;f__Muyocopronaceae;g__Mycoleptodiscus;s__Mycoleptodiscus_sp	0.9
968ebfa9805c1bffe179da54cbe7fb35	Unassigned	1.0
96be01bc0f3874af3e4d82ea6ae4475c	k__Fungi;p__Ascomycota;c__Dothideomycetes;o__Pleosporales;f__Longiostiolaceae;g__Crassiperidium	0.667
96c5c593c73aae261cd4eb083ffd1f6b	k__Fungi;p__Ascomycota;c__Leotiomycetes;o__Helotiales;f__Tympanidaceae	0.7
96ccea0a94165d4f7f5923037fef4e2f	Unassigned	1.0
96ded407ff80dd54cdb446a6d515f2e9	Unassigned	1.0
96e5a0296462685c3ec7327421a4a051	Unassigned	1.0
9719d19ad981891d00d693e53f0d9c51	Unassigned	1.0
9732689d4f75b402e65562d32323ef96	Unassigned	1.0
97365cf55f28a526df8319170ce5beb7	k__Fungi;p__Ascomycota;c__Eurotiomycetes;o__Chaetothyriales;f__Herpotrichiellaceae;g__Cladophialophora	0.667
9744b9bb02a588635c757db56ebc59fe	Unassigned	1.0
97732496e45a652cc11e284567f8474a	k__Fungi;p__Basidiomycota;c__Exobasidiomycetes	1.0
977c2480eda2db2638dcb021bf883465	Unassigned	1.0
97b3198bbd333c43db5f72163690d458	Unassigned	1.0
97cd3abd181a27a76255282c781c0c3b	k__Fungi;p__Ascomycota;c__Eurotiomycetes;o__Chaetothyriales;f__Herpotrichiellaceae	0.571
97e55d0a29df40d18f5399818b71f14f	Unassigned	1.0
97f2a720e0ab590bfc5aba6d2cb59af0	k__Fungi;p__Ascomycota;c__Dothideomycetes	0.6
97fb405166e37ea8c50487c56ff455e2	Unassigned	1.0
9808bc5261cc80e6c09bbd88bb19d95c	k__Fungi;p__Basidiomycota;c__Microbotryomycetes;o__Microbotryomycetes_ord_Incertae_sedis;f__Chrysozymaceae;g__Pseudohyphozyma;s__Pseudohyphozyma_sp	0.7
980fa9fc81a051334ea9e829e079dfd9	Unassigned	1.0
981bb50ed9bcc3d00a1ae5af58bbd2ef	k__Fungi;p__Ascomycota;c__Dothideomycetes;o__Mycosphaerellales;f__Mycosphaerellaceae	1.0
986734344dfd02aa3ccd2620e56f0f89	Unassigned	1.0
98aecdea358952c5fd604f49eaeef87a	k__Fungi;p__Fungi_phy_Incertae_sedis;c__Fungi_cls_Incertae_sedis;o__Fungi_ord_Incertae_sedis;f__Fungi_fam_Incertae_sedis;g__Fungi_gen_Incertae_sedis;s__Fungi_sp;sh__SH0101995.09FU	1.0
98b2b94dcc795e1fdaab2086325f3d9e	Unassigned	1.0
98ce6dea0447fa44240b0639a42737b8	Unassigned	1.0
98effe118768717d4a8b7cbecc5d1f34	Unassigned	1.0
98fb4cecf286c1572d7d9981a914c986	Unassigned	1.0
98fc229790136eeff3b60954f94c7158	Unassigned	1.0
993ca94e8ae3f80b76316b64b83be6cf	k__Fungi;p__Basidiomycota;c__Agaricomycetes;o__Russulales	0.667
994439e664d79809e1b0963b52086bb1	Unassigned	1.0
9962bdbbd7375cc07688fdecd63efc1a	k__Fungi;p__Ascomycota;c__Leotiomycetes;o__Helotiales;f__Hyaloscyphaceae;g__Hyaloscyphaceae_gen_Incertae_sedis;s__Hyaloscyphaceae_sp	0.9
997224d1970c2b128272742b9e355104	k__Fungi;p__Ascomycota;c__Eurotiomycetes;o__Chaetothyriales;f__Chaetothyriales_fam_Incertae_sedis;g__Chaetothyriales_gen_Incertae_sedis;s__Chaetothyriales_sp	0.9
997eca2c66aa4ada20cbaaf441c8d737	Unassigned	1.0
998700feaf03a33dca2e7549a7b31293	Unassigned	1.0
99ad7e4623f8c931c64d72367419a725	k__Fungi;p__Ascomycota;c__Eurotiomycetes;o__Chaetothyriales;f__Trichomeriaceae;g__Trichomerium;s__Trichomerium_sp	0.6
99adaf0f11484ba9c6d073bccd0d4227	Unassigned	1.0
99b445432c18d73ea865b5eb37307975	Unassigned	1.0
99d7c077b614e0a4096a8d3509927d05	k__Fungi;p__Ascomycota;c__Lecanoromycetes;o__Lecanorales;f__Micareaceae;g__Micarea	1.0
9a13c0137897780c0c28e1bec6b127a0	k__Fungi;p__Mortierellomycota;c__Mortierellomycetes;o__Mortierellales;f__Mortierellaceae;g__Mortierella	0.727
9a1556c408eae457c505183fbb0b19bc	Unassigned	1.0
9a1b02b9a672234dc3998a8893a9e9c6	k__Fungi;p__Basidiomycota;c__Agaricomycetes;o__Trechisporales;f__Trechisporales_fam_Incertae_sedis;g__Trechisporales_gen_Incertae_sedis;s__Trechisporales_sp	1.0
9a20b4a2e72645b0559f3f8ec2b5d0c8	Unassigned	1.0
9a21f98549bf6ca822d03ebf4eaafe1d	Unassigned	1.0
9a453d51db9dc6f8f579c90fc363fcb3	k__Fungi;p__Ascomycota;c__Eurotiomycetes;o__Chaetothyriales;f__Chaetothyriales_fam_Incertae_sedis;g__Chaetothyriales_gen_Incertae_sedis;s__Chaetothyriales_sp	0.75
9a4fb8089dac751ef4a2c7f9c361afec	Unassigned	1.0
9a697c39698feb822c9b675f85c3fa98	k__Fungi;p__Ascomycota;c__Sordariomycetes;o__Hypocreales;f__Hypocreaceae;g__Trichoderma	0.9
9a8344119acdc23498360fe40700bf57	k__Fungi;p__Basidiomycota;c__Agaricomycetes;o__Thelephorales;f__Thelephoraceae;g__Tomentella;s__Tomentella_sp	0.9
9a856c81eb4cffae5dea51e7c0da5718	k__Fungi;p__Ascomycota;c__Eurotiomycetes;o__Verrucariales;f__Verrucariaceae;g__Verrucariaceae_gen_Incertae_sedis;s__Verrucariaceae_sp	0.667
9a95d2d344268b70020a7288177525a5	k__Fungi;p__Ascomycota;c__Eurotiomycetes;o__Chaetothyriales;f__Cyphellophoraceae;g__Cyphellophora;s__Cyphellophora_sp	0.6
9aa2d7a9ada61cfab19412bc7ef03d95	Unassigned	1.0
9af5defd48ad7d4fc945ea5097d28aef	k__Fungi;p__Ascomycota;c__Leotiomycetes;o__Helotiales	1.0
9afe9044f75523612d14306b65ca10fd	Unassigned	1.0
9b2290d03bd15b7c400e6d21c775d4f3	Unassigned	1.0
9b2dda375575927349703c6b3c37e66d	k__Fungi;p__Ascomycota;c__Dothideomycetes;o__Pleosporales;f__Periconiaceae;g__Periconia	1.0
9b349d124ce6cd021e528cc1b59d48e8	Unassigned	1.0
9b4c458e495f2294fc196e71c3f8b158	Unassigned	1.0
9b5b0983134984ba702d774328829082	Unassigned	1.0
9b733f912cbef6b21b88322e277988a5	k__Fungi;p__Ascomycota;c__Sordariomycetes;o__Xylariales;f__Sporocadaceae;g__Seiridium	0.6
9b843baa534d8108434037eac336f4ca	k__Fungi;p__Ascomycota;c__Sordariomycetes;o__Hypocreales	1.0
9b8ec0240085500efe81745a58279196	Unassigned	1.0
9b9d44a419a36bf7136b56b429aee39e	Unassigned	1.0
9ba1b96926c0da3ffa7a4568e566ecdd	k__Fungi;p__Ascomycota;c__Lecanoromycetes;o__Lecanorales;f__Pilocarpaceae;g__Byssoloma;s__Byssoloma_leucoblepharum;sh__SH0164166.09FU	1.0
9ba7956d91066e72fabe97164a163ee1	Unassigned	1.0
9bb672b6bc59890f32dc00387d3bfd2b	k__Fungi;p__Ascomycota;c__Leotiomycetes;o__Helotiales;f__Helotiaceae	0.6
9bde5555879253eaa32fecb6516fd44b	k__Fungi;p__Ascomycota;c__Eurotiomycetes;o__Chaetothyriales;f__Herpotrichiellaceae;g__Cladophialophora;s__Cladophialophora_sp	0.8
9be7b67df929dc4f70937abb7b87764f	k__Fungi;p__Ascomycota;c__Leotiomycetes;o__Helotiales	1.0
9bed9bec8c7aceda48e0c60915c10de4	Unassigned	1.0
9bf7df8a21507260039d1dd1750eb2bf	k__Fungi;p__Ascomycota;c__Sordariomycetes;o__Hypocreales	1.0
9c1d2684cce15d515ab9de4fa5970043	Unassigned	1.0
9c2070a942eb7507b7c8830d1b7dd904	k__Fungi;p__Ascomycota;c__Sordariomycetes;o__Diaporthales;f__Diaporthales_fam_Incertae_sedis;g__Diaporthales_gen_Incertae_sedis;s__Diaporthales_sp;sh__SH0109612.09FU	1.0
9c357d59b3e32172532cab1c81e93421	k__Fungi;p__Ascomycota;c__Orbiliomycetes;o__Orbiliales;f__Orbiliaceae	1.0
9c4b59667861ac37750f39bfd391b757	k__Fungi;p__Ascomycota;c__Eurotiomycetes;o__Chaetothyriales;f__Trichomeriaceae;g__Trichomerium;s__Trichomerium_sp	0.6
9c51e9439a2dc0647a3989c03912cd4f	Unassigned	1.0
9c656068f95c8698e4868b372262fc0c	Unassigned	1.0
9c8d64b90beade61b3bf166ebe99e67d	Unassigned	1.0
9c9a58c2d48dedd32d65756e82ca9a77	Unassigned	1.0
9c9e1504532568022506234f131fbda0	Unassigned	1.0
9cb996df74d12502eeb0e8d4fc36dfc4	Unassigned	1.0
9cbc5b455a2392c76c1b6f218e7253bc	Unassigned	1.0
9cc2f89e4ad34a4a14cf182aaea7068f	Unassigned	1.0
9cd11506674d4c5c4a1508c3800b89a3	k__Fungi;p__Basidiomycota;c__Agaricomycetes;o__Agaricomycetes_ord_Incertae_sedis;f__Agaricomycetes_fam_Incertae_sedis;g__Agaricomycetes_gen_Incertae_sedis;s__Agaricomycetes_sp;sh__SH0131654.09FU	1.0
9cdc081b226f2fd662eba52acf9ff7df	Unassigned	1.0
9d19a83bc0b8f2eda7446229079bdf48	Unassigned	1.0
9d3d3505ddc2d71796cba82f6d1a7eb6	Unassigned	1.0
9d42797406b74efff4f2d4a701440f5a	Unassigned	1.0
9d4a2f4258a220f3000929c2907c7786	Unassigned	1.0
9d9599b3b347f602dba773ce01e7de98	Unassigned	1.0
9d9c847f17593e0b13a92a6b98c652da	Unassigned	1.0
9dba51c4013cc8aeda276870b0b0914d	Unassigned	1.0
9dbb628c64bafa596729fe451d65c748	Unassigned	1.0
9dbfef6250a57e3bcac1b6a4712f0343	k__Fungi;p__Ascomycota;c__Sordariomycetes;o__Glomerellales;f__Plectosphaerellaceae	1.0
9dda1102aba584ec0ed88b9ec55d38a0	Unassigned	1.0
9e1849083f3ddbc56f2590aae4049886	Unassigned	1.0
9e1bb2e4bc9c6f1a47a43e608a0493c7	k__Fungi;p__Basidiomycota;c__Agaricostilbomycetes;o__Agaricostilbales;f__Chionosphaeraceae;g__Kurtzmanomyces;s__Kurtzmanomyces_sp;sh__SH0017157.09FU	1.0
9e1c9df5fe04b76872803b8d3332e3f3	k__Fungi;p__Ascomycota;c__Eurotiomycetes;o__Chaetothyriales;f__Herpotrichiellaceae	0.6
9e2c50fa6933379087954549a04c72b3	Unassigned	1.0
9e34466256b77375a9c3ced1794b7bc4	Unassigned	1.0
9e624dcb861bae49768571f4b5b9dd4c	k__Fungi;p__Ascomycota;c__Sordariomycetes;o__Xylariales	1.0
9e66b4c3b54ba5e774a12a800e2048ae	Unassigned	1.0
9e863df822c5414bd27ff36641ae6c72	k__Fungi;p__Ascomycota;c__Sordariomycetes;o__Glomerellales;f__Plectosphaerellaceae	1.0
9e933fb4275dadbbc423a93b36bec64e	k__Fungi;p__Basidiomycota;c__Agaricostilbomycetes;o__Agaricostilbales;f__Chionosphaeraceae;g__Kurtzmanomyces;s__Kurtzmanomyces_sp;sh__SH0017157.09FU	1.0
9e95db3dd03a58aa0cf34b106546454d	Unassigned	1.0
9ed840ecce038babd289da477bb39d71	k__Fungi;p__Ascomycota;c__Dothideomycetes;o__Mycosphaerellales;f__Teratosphaeriaceae;g__Teratosphaeria;s__Teratosphaeria_sp	0.6
9edf40e53f045d7ea835fa7b0e520d72	k__Fungi;p__Ascomycota;c__Dothideomycetes;o__Pleosporales;f__Pleosporales_fam_Incertae_sedis;g__Pleosporales_gen_Incertae_sedis;s__Pleosporales_sp	0.667
9f29c47b7dbd3938b6fadd1a6daefe0c	Unassigned	1.0
9f555df905bc893b602768b6d8907f3f	Unassigned	1.0
9f55ef9df45350d41170e8bef073ad2a	Unassigned	1.0
9f5a850463f5179fc23dda3ccf0f5109	Unassigned	1.0
9f673ed62d68be2340aad37c4b829bf3	k__Fungi;p__Basidiomycota;c__Agaricomycetes;o__Polyporales;f__Meripilaceae	0.75
9f740cff808926069270436710508472	Unassigned	1.0
9f756e3e673cf91fdbf176b6044a3701	Unassigned	1.0
9f789b06fffdb6cb58eaa87eb44450fd	Unassigned	1.0
9f837eb2f0dc230b5d2b0814c1902b59	Unassigned	1.0
9f92ec8cb45fc5c3dc2f7069106714d4	Unassigned	1.0
9fa980759205c32a63fb4c55ec9afdcb	k__Fungi;p__Ascomycota;c__Eurotiomycetes;o__Chaetothyriales;f__Herpotrichiellaceae	0.571
9fcbf7207dd0e3cd648ac5d6d551fb44	Unassigned	1.0
9feb932e544b4c75cfeac360b358eabd	Unassigned	1.0
9ff15b7933b4b156f8d0762a2a210c24	k__Fungi;p__Ascomycota;c__Leotiomycetes;o__Helotiales	0.8
9ff79f43a6d0ca826e06635ae8a20ead	k__Fungi;p__Ascomycota;c__Sordariomycetes;o__Hypocreales;f__Nectriaceae	0.8
a00a5ecfe0969e4476bc4e3763e250f4	k__Fungi;p__Ascomycota;c__Eurotiomycetes;o__Chaetothyriales;f__Herpotrichiellaceae;g__Cladophialophora;s__Cladophialophora_sp	0.9
a01cf00164c19d07269cecb9c11ddff6	Unassigned	1.0
a01ee13667fb1bd652355c2a5ab7947b	Unassigned	1.0
a03643663377963acd7ae4adab480c4d	Unassigned	1.0
a040d6d65683f6094f75cbde45b1758e	Unassigned	1.0
a04a0e5af4b6d6caa5fd361cf64db659	Unassigned	1.0
a04ef495eac1da844691aeb1490edef1	Unassigned	1.0
a052ce486397ec3beae9580defb78c64	k__Fungi;p__Ascomycota;c__Sordariomycetes;o__Hypocreales;f__Bionectriaceae	0.9
a05718e69f61969292f4523f1c413db7	Unassigned	1.0
a06055791e3e09f1ae0892ab52c7bfd7	k__Fungi;p__Ascomycota;c__Eurotiomycetes;o__Chaetothyriales;f__Cyphellophoraceae;g__Cyphellophora	0.9
a0a16e80ada2fa530b96a375555592c1	Unassigned	1.0
a0a1aee6be925d6deb88b54bcb6c871a	k__Fungi;p__Ascomycota;c__Dothideomycetes;o__Pleosporales;f__Phaeosphaeriaceae;g__Leptospora	0.8
a0a8ff5b292cb19b82addd904746e740	Unassigned	1.0
a0b3448918d4de513420542bac3694e9	Unassigned	1.0
a0d12cb7823fcb042899e40fb17824d3	k__Fungi;p__Ascomycota;c__Ascomycota_cls_Incertae_sedis;o__Ascomycota_ord_Incertae_sedis;f__Ascomycota_fam_Incertae_sedis;g__Ascomycota_gen_Incertae_sedis;s__Ascomycota_sp;sh__SH0046876.09FU	1.0
a0e2587184378ecd3d6e34641646aa43	k__Fungi;p__Ascomycota;c__Dothideomycetes;o__Pleosporales;f__Pleosporaceae;g__Curvularia	0.7
a0e4cdb2d8944a31a8b0ebf253a1484d	k__Fungi;p__Ascomycota;c__Sordariomycetes;o__Chaetosphaeriales;f__Chaetosphaeriales_fam_Incertae_sedis;g__Chaetosphaeriales_gen_Incertae_sedis;s__Chaetosphaeriales_sp	0.75
a0e5528f1951dd87cf6648eae95123b2	Unassigned	1.0
a0edecd7110e713c891a350556ef7a9d	k__Fungi;p__Ascomycota;c__Orbiliomycetes;o__Orbiliales;f__Orbiliaceae	1.0
a0f73b0960caa14ccaf63cdd8fee87ad	Unassigned	1.0
a125b3b98bebc83921ad9c94ae1b6cd9	Unassigned	1.0
a16cdde3147c94480d3f5274e26f347f	Unassigned	1.0
a1a0c54b2f1087d1eba1a84e856e8adb	Unassigned	1.0
a1a3f2a4b3ae43b119c256d1a3f9f094	k__Fungi;p__Ascomycota;c__Sordariomycetes;o__Hypocreales;f__Bionectriaceae	0.6
a1b194a7e92c34f7cc2186c0b62078a9	Unassigned	1.0
a1ba8cc315dae984b632994b810e431a	Unassigned	1.0
a1dcff38b8c923c33ad1e19ccfa936d1	k__Fungi;p__Ascomycota;c__Leotiomycetes	0.667
a1ebfa9be3dd075c4bcdef3b3a6dbaf0	Unassigned	1.0
a1f2dc97899d31467b4fbd3c13e4ea82	Unassigned	1.0
a1fcd74ad2125e31bac66dc1e2f33931	k__Fungi;p__Ascomycota;c__Dothideomycetes;o__Mycosphaerellales;f__Mycosphaerellaceae;g__Pseudocercospora;s__Pseudocercospora_sp;sh__SH0080749.09FU	1.0
a1ffcbd11db8f49aeb88f6d344bfe2aa	Unassigned	1.0
a201717f7562dff3525785e69c21d224	k__Fungi;p__Ascomycota;c__Dothideomycetes;o__Pleosporales;f__Pleosporales_fam_Incertae_sedis;g__Pseudorobillarda;s__Pseudorobillarda_sp	0.6
a2094271be40f7d2f6aef909594e2bff	k__Fungi;p__Ascomycota;c__Dothideomycetes;o__Pleosporales;f__Didymosphaeriaceae	1.0
a231c74c274920773d034250a38b894c	k__Fungi;p__Ascomycota;c__Sordariomycetes;o__Hypocreales	1.0
a23588786dd40904fe12dc74257c7d43	Unassigned	1.0
a2375c4fced02409be5e05b9e302f382	Unassigned	1.0
a23f6abc5db3becadf3701d1555e8b3d	Unassigned	1.0
a254d4af6d00e4c0fc05d4fc39e6f5f8	Unassigned	1.0
a2555fc7bb084acf85299cf936b911b6	Unassigned	1.0
a262073c7af16764c709e56526f13a10	Unassigned	1.0
a26614d1272032be59a0f6a536015e73	k__Fungi;p__Ascomycota;c__Dothideomycetes;o__Pleosporales;f__Didymosphaeriaceae;g__Didymosphaeriaceae_gen_Incertae_sedis;s__Didymosphaeriaceae_sp	0.667
a27d426e5db7e9e835020c5652f1e70b	Unassigned	1.0
a2917739de1c131492ba5b121f6bc0f9	Unassigned	1.0
a2a03b9d94d7eb61f35ac630263ca8e9	Unassigned	1.0
a2a1921592253367f4ff728de0de4e66	k__Fungi;p__Ascomycota;c__Dothideomycetes;o__Mycosphaerellales;f__Teratosphaeriaceae	0.7
a2a593e1609258f63b8295494c99c29b	k__Fungi;p__Ascomycota;c__Dothideomycetes;o__Mycosphaerellales;f__Mycosphaerellaceae;g__Pseudocercospora	1.0
a2aabf7497b2f520ca1652cefc5069ff	Unassigned	1.0
a2ad53cab41c2310d898c966b1e5c33a	k__Fungi;p__Ascomycota;c__Sordariomycetes;o__Hypocreales;f__Bionectriaceae	0.625
a2cb8fbe62caff3fad9ca528655cb0bf	Unassigned	1.0
a2d5b01e2017b97ba1a6fc21a24c361f	k__Fungi;p__Ascomycota;c__Sordariomycetes;o__Xylariales;f__Xylariales_fam_Incertae_sedis;g__Xylariales_gen_Incertae_sedis;s__Xylariales_sp;sh__SH0017693.09FU	1.0
a308f519f5d6e31be2f5920c51d2797c	k__Fungi;p__Ascomycota;c__Eurotiomycetes;o__Chaetothyriales;f__Herpotrichiellaceae;g__Veronaea	0.7
a30f1f4ec7108c12f39ed1ce3a803e10	k__Fungi;p__Basidiomycota;c__Agaricomycetes;o__Agaricales;f__Typhulaceae;g__Typhula	1.0
a31fb3205426e1f5beabaccc30db86c5	Unassigned	1.0
a32a9dceadcf76dcdd8842d718046df1	k__Fungi;p__Ascomycota;c__Leotiomycetes;o__Helotiales	0.6
a332a32ec99704e7ab3fa3d9cc0e53a9	Unassigned	1.0
a35e726ce6892fb763a8d202d702665a	k__Fungi;p__Ascomycota;c__Dothideomycetes;o__Mycosphaerellales;f__Teratosphaeriaceae	0.9
a372543fe2c186226160303ff870fbf4	k__Fungi;p__Ascomycota;c__Dothideomycetes	1.0
a3749cbf857eb86262f13f945595397a	k__Fungi;p__Ascomycota;c__Saccharomycetes;o__Saccharomycetales;f__Saccharomycetaceae;g__Zygosaccharomyces;s__Zygosaccharomyces_rouxii	1.0
a384eef8308fce3f39d90eb0aed97e38	k__Fungi;p__Ascomycota;c__Sordariomycetes;o__Xylariales	1.0
a39558f99d2058304f924cd42b1fa1ee	Unassigned	1.0
a39c432a78663e484e13babc8fdfd4eb	k__Fungi;p__Ascomycota;c__Leotiomycetes;o__Helotiales	1.0
a3abeca90b84f3d5762f357ff0928fe1	k__Fungi;p__Ascomycota;c__Dothideomycetes;o__Pleosporales	0.9
a3b49bb610698dc8fc7f6c79acb9a93b	Unassigned	1.0
a3bcf9d153d40356fb5368d78b6cfde6	Unassigned	1.0
a3cfee5ae38a069f565390ba88ba80c8	Unassigned	1.0
a3d304c14df272a1c1d01188bda7dffc	Unassigned	1.0
a3ef518f3ee051210aeeca51095b2ad7	Unassigned	1.0
a3fcf6cd73c153ff026cc10b0c05ba63	Unassigned	1.0
a40ee14aee483d1a7bc942ce38c45dfa	k__Fungi;p__Ascomycota;c__Sordariomycetes;o__Xylariales	0.9
a41479f6c30fcf3adc50ff61613feefb	k__Fungi;p__Ascomycota;c__Dothideomycetes;o__Myriangiales;f__Elsinoaceae;g__Elsinoe	1.0
a43707370cda9e19414ca3711d2560c0	Unassigned	1.0
a43ce68d9fed1ef547547ff8be5f3884	Unassigned	1.0
a481cd5a9b9202c67a1e034edcdc379e	Unassigned	1.0
a48404ee86833856a9c3003a516b9e72	k__Fungi;p__Ascomycota;c__Dothideomycetes;o__Capnodiales;f__Capnodiales_fam_Incertae_sedis;g__Capnodiales_gen_Incertae_sedis;s__Capnodiales_sp	0.75
a4ac02aa7898f4483b73ec416a014cb8	Unassigned	1.0
a4d9a8893f3b6ea1db22470f2d5eea6d	Unassigned	1.0
a4e2a20a350bf639fb0a02e5fc26e2ea	Unassigned	1.0
a4e8f1018ac376e27b23950a7b799f32	k__Fungi;p__Basidiomycota;c__Agaricomycetes;o__Cantharellales;f__Ceratobasidiaceae;g__Ceratobasidium;s__Ceratobasidium_sp	0.7
a4ed6b6759c471175241ee8c6488df3c	Unassigned	1.0
a4fc43e870345886c5b4737c035529eb	Unassigned	1.0
a50bb5794948afe98d9e1e59a3e34e17	Unassigned	1.0
a53078ba24c75e67fd63d39864c0f20b	k__Fungi;p__Ascomycota;c__Sordariomycetes;o__Hypocreales;f__Nectriaceae;g__Nectriaceae_gen_Incertae_sedis;s__Nectriaceae_sp;sh__SH0110299.09FU	1.0
a53ce2151a3f0e943229e7600127e524	Unassigned	1.0
a543a01a9fd69d5449dbcf0fd6d063f4	Unassigned	1.0
a5653157ea6390c9900e770ddf82e814	k__Fungi;p__Ascomycota;c__Dothideomycetes;o__Mycosphaerellales;f__Mycosphaerellaceae	0.9
a58a34e083fba3180f4ac5c274eb3f7a	Unassigned	1.0
a5c54553ef961db33189d83d248aa569	k__Fungi;p__Ascomycota;c__Leotiomycetes;o__Thelebolales	0.6
a5d4959cec323451f5e4525117590362	Unassigned	1.0
a5db47b1590aa832731c6ccc13f95ca0	k__Fungi;p__Ascomycota;c__Eurotiomycetes;o__Chaetothyriales;f__Herpotrichiellaceae;g__Cladophialophora;s__Cladophialophora_sp	0.8
a5e2e11e6669bf6fa9200a5316eb8389	k__Fungi;p__Chytridiomycota;c__Spizellomycetes;o__Spizellomycetales;f__Powellomycetaceae;g__Fimicolochytrium;s__Fimicolochytrium_sp	0.75
a5f9766e0512131d87f77462f2aa10fa	k__Fungi;p__Ascomycota;c__Dothideomycetes;o__Mycosphaerellales;f__Mycosphaerellaceae;g__Pseudocercospora	0.9
a637f87189776d63ed717d03c2ecd90d	Unassigned	1.0
a638e08f6c54a765e56a2fdb29547506	k__Fungi;p__Basidiomycota;c__Tremellomycetes;o__Tremellales;f__Bulleribasidiaceae;g__Vishniacozyma;s__Vishniacozyma_insularis;sh__SH0056965.09FU	1.0
a63b7c036540aaa70c060daab6ddefee	Unassigned	1.0
a657ebe5984ef7e9bdf2aaf105c639cc	k__Fungi;p__Ascomycota;c__Dothideomycetes;o__Mycosphaerellales;f__Mycosphaerellaceae	0.8
a6609e5ad6ed147bd054b04bf7114786	k__Fungi;p__Ascomycota;c__Leotiomycetes;o__Helotiales	0.9
a660a1b5072cf2571be7de00cc0b3618	Unassigned	1.0
a6726fe5fc55afb6910cb5f343d42f01	Unassigned	1.0
a6789d55f816c6c20aa102963a09e4e5	Unassigned	1.0
a68d2f7c38ed431812367e1f4193e37b	Unassigned	1.0
a69667e95e2ac851a41d53926585df42	k__Fungi;p__Ascomycota;c__Eurotiomycetes;o__Chaetothyriales;f__Chaetothyriales_fam_Incertae_sedis;g__Chaetothyriales_gen_Incertae_sedis;s__Chaetothyriales_sp	0.667
a69dd719a305b087257b0fea96cfb665	Unassigned	1.0
a6b20469d7a25a6f3219e9bd6a5ec565	Unassigned	1.0
a6b297c0bf922e92451ec05cf827a954	k__Fungi;p__Ascomycota;c__Sordariomycetes;o__Xylariales;f__Xylariaceae;g__Xylariaceae_gen_Incertae_sedis;s__Xylariaceae_sp;sh__SH0053056.09FU	1.0
a6ef95075210bb6a26e8832cc71d2686	k__Fungi;p__Ascomycota;c__Lecanoromycetes;o__Lecanorales;f__Ramalinaceae;g__Bacidia	0.667
a6f8ead0afc4744669ecc12362e235a0	k__Fungi;p__Basidiomycota;c__Agaricomycetes;o__Trechisporales;f__Hydnodontaceae;g__Tubulicium;s__Tubulicium_sp;sh__SH0028098.09FU	1.0
a702205015d324ce0aabad04eba0c0d9	Unassigned	1.0
a7223bafaee885c39627f072cdfb6c0c	Unassigned	1.0
a73c7f4943184cfafc62a560f46d4797	Unassigned	1.0
a744b26e85e3a4ff1602144e2de8cc5b	k__Fungi;p__Basidiomycota;c__Agaricomycetes;o__Agaricales;f__Agaricaceae;g__Cystolepiota;s__Cystolepiota_sp	0.667
a757961ab623e7ec5383159b88f4fc3b	Unassigned	1.0
a76f4c787b537d72087d43eb79909ce3	k__Fungi;p__Basidiomycota;c__Agaricomycetes;o__Trechisporales;f__Trechisporales_fam_Incertae_sedis;g__Trechisporales_gen_Incertae_sedis;s__Trechisporales_sp	1.0
a78287dc8ebbf5a3f0db70ba442f5ab7	Unassigned	1.0
a796594a009d2577d0b674a246204deb	k__Fungi;p__Ascomycota;c__Dothideomycetes;o__Mycosphaerellales;f__Teratosphaeriaceae;g__Pseudoteratosphaeria;s__Pseudoteratosphaeria_secundaria;sh__SH0108505.09FU	1.0
a7a65ff7f6dba7206ed0ca9cc2679167	k__Fungi;p__Ascomycota;c__Dothideomycetes;o__Mycosphaerellales;f__Teratosphaeriaceae	0.7
a7a7e2cd80b33657884347442c748d92	Unassigned	1.0
a7b0da02a534edea75e7acfa7c577f87	k__Fungi;p__Ascomycota;c__Eurotiomycetes;o__Chaetothyriales;f__Strelitzianaceae;g__Strelitziana	1.0
a7e16c40976f7c45acc91903fc739e69	k__Fungi;p__Ascomycota;c__Dothideomycetes;o__Pleosporales;f__Pleosporales_fam_Incertae_sedis;g__Pleosporales_gen_Incertae_sedis;s__Pleosporales_sp	0.667
a7e40e5a9250cba8af50ad6e96e3bafd	k__Fungi;p__Ascomycota;c__Sordariomycetes;o__Xylariales;f__Xylariaceae;g__Coniolariella;s__Coniolariella_hispanica;sh__SH0040365.09FU	1.0
a7f8fcea3c4a778b67aaa6fe8b839866	Unassigned	1.0
a7fad2ff0e1e2000fbe41535d215cc61	Unassigned	1.0
a801eaad77192bdcb0fff535fcde6ecd	k__Fungi;p__Ascomycota;c__Sordariomycetes;o__Hypocreales;f__Hypocreaceae;g__Trichoderma	0.7
a8217e9bb539122329c45a99f4f8e7a2	k__Fungi;p__Ascomycota;c__Leotiomycetes;o__Helotiales	0.9
a82994b99ced130e57452d6e8ea720ed	Unassigned	1.0
a835f9014e4767402d5c470dc291c658	k__Fungi;p__Ascomycota;c__Dothideomycetes;o__Pleosporales;f__Periconiaceae;g__Periconia	1.0
a83be7e7a1b07795c6b4f96f87ea3e13	k__Fungi;p__Ascomycota;c__Sordariomycetes;o__Hypocreales;f__Ophiocordycipitaceae;g__Ophiocordyceps	0.625
a85f78e7876430e65c5a9a1a4b17003a	Unassigned	1.0
a860dd401a26872500c3c01a5b6a1c2b	Unassigned	1.0
a865aebfd213cfeb924b6ebc31e0c178	Unassigned	1.0
a86d8746e4d3a73eceabcdc8f7c47573	k__Fungi;p__Ascomycota;c__Dothideomycetes;o__Mycosphaerellales;f__Mycosphaerellaceae	0.8
a898b680811134afcdaa271f0f844c80	k__Fungi;p__Ascomycota;c__Sordariomycetes;o__Xylariales;f__Sporocadaceae	0.75
a89c2235d4b2766bae2dd5e431ec971a	k__Fungi;p__Ascomycota;c__Eurotiomycetes;o__Chaetothyriales;f__Herpotrichiellaceae;g__Herpotrichiellaceae_gen_Incertae_sedis;s__Herpotrichiellaceae_sp;sh__SH0035478.09FU	1.0
a8a1164d248935dc72cf09107ebe1596	Unassigned	1.0
a8c74218f2224a74e542e9373c7285ff	k__Fungi;p__Ascomycota;c__Leotiomycetes;o__Helotiales;f__Helotiaceae;g__Hymenoscyphus;s__Hymenoscyphus_sp	0.6
a9076570dba9ab738075fa062e283120	Unassigned	1.0
a9110ade3e94bb9afe07c1ffc05d9df7	Unassigned	1.0
a91f98b5b819ac9bb5425a71bf924bff	Unassigned	1.0
a91febad924e7f7c6a24b77b1ef8a523	Unassigned	1.0
a92986402402d055b8498a59a22d2c17	Unassigned	1.0
a937eecc3fd11a4e350be23ee88a5ece	k__Fungi;p__Basidiomycota;c__Agaricomycetes;o__Hymenochaetales;f__Schizoporaceae;g__Hyphodontia	1.0
a93be1efa0b458ca2c14b689fe41822f	k__Fungi;p__Ascomycota;c__Leotiomycetes;o__Helotiales;f__Helotiaceae;g__Hymenoscyphus;s__Hymenoscyphus_sp	0.6
a94ba23ecfae7fb4cf37374b4272d44e	k__Fungi;p__Ascomycota;c__Dothideomycetes;o__Dothideomycetes_ord_Incertae_sedis;f__Dothideomycetes_fam_Incertae_sedis;g__Dothideomycetes_gen_Incertae_sedis;s__Dothideomycetes_sp;sh__SH0024292.09FU	1.0
a960253e3f4acceaf29b7fc351f24ae6	Unassigned	1.0
a964d657b06a6b7cf53175eeb143a63e	Unassigned	1.0
a9923fe6bf1313444a525701e808f549	Unassigned	1.0
a99410d3d456c2c36158686f4647067f	k__Fungi;p__Ascomycota;c__Orbiliomycetes;o__Orbiliales;f__Orbiliaceae	1.0
a9b1465511e723cbab56f4a8345bc75d	k__Fungi;p__Ascomycota;c__Pezizomycotina_cls_Incertae_sedis;o__Pezizomycotina_ord_Incertae_sedis;f__Pezizomycotina_fam_Incertae_sedis;g__Pseudoneottiospora;s__Pseudoneottiospora_cannabacearum;sh__SH0114499.09FU	1.0
a9bfd314d5cd07294da4375bc57b0943	k__Fungi	1.0
a9c0fe5807ff2fe5a076be5100e11a00	Unassigned	1.0
a9db4b917110c01fb8c8a72fd73854ed	k__Fungi;p__Ascomycota;c__Leotiomycetes;o__Helotiales;f__Hyaloscyphaceae;g__Bactrodesmium;s__Bactrodesmium_aquaticum;sh__SH0059541.09FU	1.0
a9fc8db35c0a786a127f90a130a66c52	k__Fungi;p__Ascomycota;c__Eurotiomycetes;o__Chaetothyriales;f__Herpotrichiellaceae;g__Cladophialophora;s__Cladophialophora_sp	1.0
aa0279e56a889d2054f53f15bb89c8c6	Unassigned	1.0
aa038663fd7ab7d69111567711d00f4b	k__Fungi;p__Ascomycota;c__Dothideomycetes;o__Mycosphaerellales	0.9
aa06188927b0124cc59fe7595ab4f2d8	Unassigned	1.0
aa222b313a6d2d949fdaae8d09b6e800	Unassigned	1.0
aa3169cdae0e20cbddbf5a8b7f92f632	Unassigned	1.0
aa3b87c640c9f95de5387bbac60631e4	Unassigned	1.0
aa3d402af56864ab3cc85afa3ef1b631	k__Fungi;p__Ascomycota;c__Eurotiomycetes;o__Chaetothyriales;f__Herpotrichiellaceae;g__Cladophialophora;s__Cladophialophora_sp	0.7
aa445b0cae5bef50404d154161e2dbb1	Unassigned	1.0
aa4d2f247c4a40c32bfed00720aa063e	Unassigned	1.0
aa51a3dd11d7c9280fdddbad9dd39387	Unassigned	1.0
aa59837289e25d9d5afd12039f90e93a	Unassigned	1.0
aa5bb9c69e0a57ac5ff4359d4884b798	Unassigned	1.0
aa6888ba2138d8ea87e785a50c355390	k__Fungi;p__Ascomycota;c__Lecanoromycetes;o__Ostropales;f__Stictidaceae;g__Absconditella;s__Absconditella_lignicola;sh__SH0170237.09FU	1.0
aa837504c1d5252062195ec22d2f6430	k__Fungi;p__Ascomycota;c__Sordariomycetes;o__Hypocreales	1.0
aa854a759334201fc2bc3d5901690e8d	Unassigned	1.0
aaaa79113ed2abbcb4b79ed9ccb6bf23	k__Fungi;p__Ascomycota;c__Eurotiomycetes;o__Chaetothyriales;f__Herpotrichiellaceae;g__Rhinocladiella;s__Rhinocladiella_sp	1.0
aabb97fc9b66c78aa90656285b14f99c	k__Fungi;p__Ascomycota;c__Dothideomycetes	1.0
aac630f5db11e7b129c846ae24e0f056	k__Fungi;p__Ascomycota;c__Eurotiomycetes;o__Chaetothyriales;f__Trichomeriaceae;g__Trichomerium;s__Trichomerium_sp	0.6
aac720cb84b09937ab159e6f61906bd8	Unassigned	1.0
aae4f8546683596fa6114d294b780118	k__Fungi;p__Ascomycota;c__Ascomycota_cls_Incertae_sedis;o__Ascomycota_ord_Incertae_sedis;f__Ascomycota_fam_Incertae_sedis;g__Ascomycota_gen_Incertae_sedis;s__Ascomycota_sp	1.0
aae4fdb8548eb5abf505e72c6bc86e6c	Unassigned	1.0
aafde166ab44b808b0556aac211d3216	Unassigned	1.0
ab30954621350a62a91a87344fe99a53	k__Fungi;p__Ascomycota;c__Leotiomycetes;o__Helotiales	1.0
ab34fb3e4567d2119af4a1ad1f79a876	Unassigned	1.0
ab400da49d7e0f533e3a55ab74b7819c	Unassigned	1.0
ab46512cd0a2b2ae079847da61a3566c	Unassigned	1.0
ab6617cb46f78a97540e36772c9d37d0	k__Fungi;p__Ascomycota;c__Sordariomycetes;o__Hypocreales;f__Hypocreales_fam_Incertae_sedis;g__Acremonium	0.7
ababb0bca119c833540ead13e8b6c60e	Unassigned	1.0
abcd1456462c4a6f5bfc8ac32e5ca176	k__Fungi;p__Ascomycota;c__Leotiomycetes;o__Helotiales;f__Pezizellaceae;g__Pezizellaceae_gen_Incertae_sedis;s__Pezizellaceae_sp;sh__SH0040118.09FU	1.0
abdef51da13b321e38cb3ca6ab820a15	k__Fungi;p__Ascomycota;c__Sordariomycetes;o__Amphisphaeriales;f__Pestalotiopsidaceae;g__Pestalotiopsis	0.7
ac341f8f9dfa0f135b1dfcc65d1f071e	Unassigned	1.0
ac37783b018f2182b2e9fae458a217a9	Unassigned	1.0
acab339c527040170114dcfaf17006a1	Unassigned	1.0
acaf88664bf37667d864acd4db12db35	k__Fungi;p__Ascomycota;c__Dothideomycetes;o__Mycosphaerellales;f__Mycosphaerellaceae	0.6
acfaaf05789d3af5e2d773cf9b317e1f	k__Fungi;p__Basidiomycota;c__Agaricomycetes;o__Agaricales	0.9
ad2f819fb34fd62c20e59bc7568b64cf	Unassigned	1.0
ad44c72f75ee59c64f80c92b048638f0	Unassigned	1.0
ad5207af6ef419cc6007cbc456d4286e	k__Fungi;p__Ascomycota;c__Dothideomycetes;o__Pleosporales;f__Pleosporales_fam_Incertae_sedis;g__Pleosporales_gen_Incertae_sedis;s__Pleosporales_sp	1.0
ad67f9bbdd4931ee063c185dd7959a16	k__Fungi;p__Basidiomycota;c__Agaricomycetes;o__Sebacinales;f__Serendipitaceae;g__Serendipitaceae_gen_Incertae_sedis;s__Serendipitaceae_sp	1.0
ad6e3ed788bbebf2d40545b3cdb828c9	Unassigned	1.0
ad8508e22407de1ac7cbcf1cae9de6fe	Unassigned	1.0
adb5e0d3dcbc535faf69f84ca399e6c9	k__Fungi;p__Ascomycota;c__Dothideomycetes;o__Mycosphaerellales;f__Teratosphaeriaceae	0.667
adbb46516e471ab5cd8abf02036d8974	k__Fungi;p__Basidiomycota;c__Agaricomycetes;o__Cantharellales;f__Hydnaceae;g__Sistotrema;s__Sistotrema_sp	0.625
addad72faed85c858a0e71e5b603fc64	k__Fungi;p__Ascomycota;c__Leotiomycetes;o__Helotiales;f__Hyaloscyphaceae;g__Lachnellula	0.6
ade8e5cb0bae62a0a2319120b3b39ccc	Unassigned	1.0
ae003317932b91d6996221098bd8a7a0	k__Fungi;p__Basidiomycota;c__Tremellomycetes;o__Cystofilobasidiales;f__Mrakiaceae;g__Krasilnikovozyma	1.0
ae07017c4059c971b0e6df96a7fb7ee1	k__Fungi;p__Ascomycota;c__Orbiliomycetes;o__Orbiliales;f__Orbiliales_fam_Incertae_sedis;g__Orbiliales_gen_Incertae_sedis;s__Orbiliales_sp	0.9
ae2defb8c6b993a3c087d611cdefc58d	Unassigned	1.0
ae3a198367c4fc2adb619c8facbfd484	Unassigned	1.0
ae5b9015015b840d4d9c609ea4a58994	Unassigned	1.0
ae60cbb127af33153b90efd3e5082961	Unassigned	1.0
ae7ccb1e38515dc9e503cb019e415c61	Unassigned	1.0
ae82a317ebd3bc54872498b3d29db2a3	Unassigned	1.0
ae84e5a83caf7b78ce07e70e89e42640	Unassigned	1.0
ae930106e7a58806e6248cad16145f4e	k__Fungi;p__Basidiomycota;c__Agaricomycetes;o__Sebacinales;f__Serendipitaceae;g__Serendipitaceae_gen_Incertae_sedis;s__Serendipitaceae_sp	1.0
aeaaca5084dd052a925c855b239ac674	k__Fungi;p__Ascomycota;c__Dothideomycetes;o__Capnodiales;f__Neodevriesiaceae;g__Neodevriesia	0.7
aec0d75bbf73e29010ca7cd104134788	k__Fungi;p__Basidiomycota;c__Agaricomycetes;o__Sebacinales;f__Serendipitaceae	0.6
aec9f43e912c64cd6044810c91cad514	k__Fungi;p__Basidiomycota;c__Agaricomycetes;o__Auriculariales;f__Auriculariales_fam_Incertae_sedis	0.556
aee41b4a013a2ea2e11661f163e4ff7f	Unassigned	1.0
af23cedd6be998558d176576d40c3738	k__Fungi;p__Ascomycota;c__Dothideomycetes;o__Pleosporales;f__Pleosporales_fam_Incertae_sedis;g__Shiraia;s__Shiraia_sp;sh__SH0082161.09FU	1.0
af2db36fedea4169daccfb49591a3b26	Unassigned	1.0
af3a41e70caa57fe034b70d5369bfbd8	Unassigned	1.0
af3c22e0f44e59703f1000c99f7ed264	k__Fungi;p__Ascomycota;c__Sordariomycetes;o__Hypocreales;f__Cordycipitaceae;g__Beauveria	0.6
af3dba295e95fff0c415db5208c611c5	k__Fungi;p__Ascomycota;c__Sordariomycetes;o__Xylariales;f__Xylariaceae;g__Xylaria	0.8
af4f9c5ccbf539849c2888727bc3bbbe	Unassigned	1.0
af5b81ba7c85ed3ca35b11d6037bae0f	Unassigned	1.0
af63386d074170a63880cdcf346e1ac3	Unassigned	1.0
af63ca318ab65bb46e49b68b3fcf8b59	k__Fungi;p__Basidiomycota;c__Microbotryomycetes;o__Microbotryales;f__Ustilentylomataceae;g__Microbotryozyma;s__Microbotryozyma_collariae;sh__SH0125142.09FU	1.0
af65bdefa6b65804e35cbb23fbd00989	Unassigned	1.0
afbc598b0f43f2669f925f6a507c04a1	k__Fungi;p__Ascomycota;c__Eurotiomycetes;o__Chaetothyriales;f__Herpotrichiellaceae;g__Cladophialophora;s__Cladophialophora_sp	0.9
afc12bc114f9f3a50d1dceb2bc0d7b35	k__Fungi;p__Ascomycota;c__Dothideomycetes;o__Venturiales;f__Sympoventuriaceae;g__Scolecobasidium;s__Scolecobasidium_cordanae;sh__SH0213389.09FU	1.0
afd140cddc5c14a9e72a05f363637c2a	Unassigned	1.0
afe0f312650e7911eec76ef5c3e6d223	k__Fungi;p__Ascomycota;c__Dothideomycetes;o__Pleosporales;f__Teichosporaceae;g__Teichospora;s__Teichospora_thailandica;sh__SH0080524.09FU	1.0
afe91da1f71564b2d295182e1c4ac734	k__Fungi;p__Ascomycota;c__Eurotiomycetes;o__Chaetothyriales;f__Herpotrichiellaceae;g__Veronaea	0.7
afeef5957e27544c3435321c166eb47d	Unassigned	1.0
affb6e756d92e511325946dadd44be2c	k__Fungi;p__Ascomycota;c__Leotiomycetes;o__Helotiales	1.0
b00262f1c0b1e3e926614215c2e935a0	k__Fungi;p__Ascomycota;c__Sordariomycetes;o__Hypocreales;f__Bionectriaceae;g__Ijuhya;s__Ijuhya_paraparilis;sh__SH0071542.09FU	1.0
b005992f8594ee27755f417ffdd77f50	k__Fungi;p__Ascomycota;c__Dothideomycetes;o__Dothideomycetes_ord_Incertae_sedis;f__Dothideomycetes_fam_Incertae_sedis;g__Dothideomycetes_gen_Incertae_sedis;s__Dothideomycetes_sp;sh__SH0024292.09FU	1.0
b00a72f19f268c6ab52be221d2906a0f	k__Fungi;p__Basidiomycota;c__Agaricomycetes;o__Polyporales;f__Phanerochaetaceae;g__Phlebiopsis	0.8
b02f208af2831b750e2773898b34081f	k__Fungi;p__Ascomycota;c__Eurotiomycetes;o__Chaetothyriales;f__Herpotrichiellaceae;g__Cladophialophora;s__Cladophialophora_sp	0.8
b0475453e680136954feb47479eb36bc	Unassigned	1.0
b056c6336295e73dd45b205f6a50663f	k__Fungi;p__Ascomycota;c__Eurotiomycetes;o__Chaetothyriales	1.0
b05e8706cf9479bccd6892aa78396cee	Unassigned	1.0
b07db3bfeb17fb2dbf382460139b5263	k__Fungi;p__Basidiomycota;c__Agaricomycetes;o__Cantharellales;f__Ceratobasidiaceae;g__Ceratobasidium;s__Ceratobasidium_sp	0.6
b0f407cc8962af6e978d2f801c574b9e	Unassigned	1.0
b0f4fd04287bf9736aa7d7d3a71f3d0c	Unassigned	1.0
b1189083972011ab2d8c3f09bd367d0c	Unassigned	1.0
b12a3a4585928ed55f885e14448f38fd	k__Fungi;p__Basidiomycota;c__Microbotryomycetes	1.0
b15ce1d02202ae90f35fc12520a1fea1	k__Fungi;p__Ascomycota;c__Sordariomycetes;o__Diaporthales;f__Diaporthaceae;g__Diaporthe	0.7
b17da622f878c7a3562664d806729d1d	k__Fungi;p__Basidiomycota;c__Agaricomycetes;o__Polyporales;f__Polyporaceae	0.636
b183f93b4c70154cf66e1e46cabf6cdd	Unassigned	1.0
b1917b8ba866a9679fa3c4788fb633f3	k__Fungi;p__Basidiomycota;c__Agaricomycetes;o__Cantharellales;f__Hydnaceae;g__Sistotrema;s__Sistotrema_sp	0.778
b1adfe8f2b6b49b36c76989d04ab5de1	Unassigned	1.0
b1aefb3217f1ff127582512593b47dab	Unassigned	1.0
b1cedfa6c2b88f12bb3df1bf733a4052	k__Fungi;p__Ascomycota;c__Eurotiomycetes;o__Chaetothyriales;f__Chaetothyriales_fam_Incertae_sedis;g__Chaetothyriales_gen_Incertae_sedis;s__Chaetothyriales_sp	0.857
b1e1a73cf75f797c7d0042fe4673026e	k__Fungi;p__Ascomycota;c__Dothideomycetes;o__Pleosporales;f__Thyridariaceae;g__Parathyridaria	0.667
b1e34acfff782755233932b114172757	k__Fungi;p__Ascomycota;c__Dothideomycetes;o__Mycosphaerellales	0.556
b1ef635001d653cb60ca1e9b9f6ce128	Unassigned	1.0
b1fb85c866e639209e533f571579df9b	k__Fungi;p__Ascomycota;c__Sordariomycetes;o__Xylariales	1.0
b22075e3059b9de2b22630f0d0f26ccc	Unassigned	1.0
b238c2ca38685e2be617e63beb827a58	Unassigned	1.0
b24bd870f4817b589411259a29566aca	Unassigned	1.0
b252176c0293d7af4f5baeaf1170dd6f	k__Fungi;p__Ascomycota;c__Dothideomycetes;o__Mycosphaerellales;f__Teratosphaeriaceae	0.714
b26cb27405733a8cd51620f3fa863ef0	Unassigned	1.0
b2793730252184d3f241a45bf86572b2	Unassigned	1.0
b27e14cc7d4833c106aed5474637cd7b	Unassigned	1.0
b291238076453526d4f6d3854edd9abd	Unassigned	1.0
b2ba2bf26aaa729d675dd9d2ad8c69a8	Unassigned	1.0
b2d2d0e42ccccffdb2b9131beb68546f	Unassigned	1.0
b2d877f5bac97d1db833b37f84001875	k__Fungi;p__Ascomycota;c__Sordariomycetes;o__Hypocreales;f__Hypocreales_fam_Incertae_sedis;g__Hypocreales_gen_Incertae_sedis;s__Hypocreales_sp;sh__SH0055333.09FU	1.0
b2d92c59d41429898b6b68cc9cea2cc9	Unassigned	1.0
b2f1c8eba99dca8315a070519887de1a	Unassigned	1.0
b3289a677f5f4fc16cad9bb73fbbec3c	k__Fungi;p__Ascomycota;c__Sordariomycetes;o__Hypocreales;f__Cordycipitaceae	0.9
b3289acc435494ad47de9cd8919cd9eb	k__Fungi;p__Ascomycota;c__Lecanoromycetes;o__Lecanorales;f__Pilocarpaceae;g__Byssoloma;s__Byssoloma_leucoblepharum;sh__SH0164166.09FU	1.0
b349577e760cadd7b540d3b5aa3b1eb0	Unassigned	1.0
b34c247e11ecaf93c9aaf8be86cd83cb	k__Fungi;p__Basidiomycota;c__Microbotryomycetes;o__Microbotryomycetes_ord_Incertae_sedis;f__Chrysozymaceae;g__Fellozyma	0.571
b37303913f3abe4cd7ce14dc1575fc88	Unassigned	1.0
b3957f2c123181fee4c423541dface38	Unassigned	1.0
b3b0e6e94598fa6317f5e4a2c84bbf40	k__Fungi;p__Ascomycota;c__Eurotiomycetes;o__Chaetothyriales;f__Herpotrichiellaceae;g__Cladophialophora;s__Cladophialophora_sp	1.0
b3bb0f9f14fb0cacff95d9f7443ac1de	k__Fungi;p__Ascomycota;c__Dothideomycetes;o__Dothideomycetes_ord_Incertae_sedis;f__Dothideomycetes_fam_Incertae_sedis;g__Dothideomycetes_gen_Incertae_sedis;s__Dothideomycetes_sp;sh__SH0171992.09FU	1.0
b3c2f5b2414b4eebadcaa11bd313e6bc	Unassigned	1.0
b3c5c7f19ac645c87a9693e7f0af5d21	Unassigned	1.0
b3cb4d5bad1e883e0e9f9df256c3dc57	k__Fungi;p__Ascomycota	1.0
b3cfbeabf254c2f49d24bf953c015fb1	Unassigned	1.0
b3e66c6e7c81f789d4f9142a674be290	Unassigned	1.0
b3e8cb75cb56bebdd9e8faf33736ef2e	Unassigned	1.0
b3f95181bef9d0c691f0dd9c6e96c113	k__Fungi;p__Basidiomycota;c__Agaricomycetes;o__Russulales;f__Peniophoraceae;g__Peniophora	0.6
b3fbcb736bde91f70934cd6f92b720ee	k__Fungi;p__Ascomycota;c__Eurotiomycetes;o__Chaetothyriales;f__Cyphellophoraceae;g__Cyphellophora;s__Cyphellophora_sp	0.556
b3fe7c749968226676c1083db29642c9	k__Fungi;p__Basidiomycota;c__Agaricomycetes;o__Trechisporales;f__Trechisporales_fam_Incertae_sedis;g__Trechisporales_gen_Incertae_sedis;s__Trechisporales_sp	1.0
b3feba3cda080328a3dd4499b92f1aab	Unassigned	1.0
b40c0116be5ef94ca7fefa94e039b059	Unassigned	1.0
b41ab42dc83d4767631656ec29e28c67	Unassigned	1.0
b424cb119d9380d6637074c5352b13f4	Unassigned	1.0
b444a7ca4156488f9897f6059531ac97	k__Fungi;p__Basidiomycota;c__Tremellomycetes;o__Tremellales;f__Bulleribasidiaceae;g__Vishniacozyma;s__Vishniacozyma_insularis;sh__SH0056965.09FU	1.0
b446d3eedd67044e549313771f6cca85	Unassigned	1.0
b449ee908d329ca36f59a12f9a2ef3ae	Unassigned	1.0
b45d19c6da56f320b63b2ed65baf7aa9	k__Fungi;p__Basidiomycota;c__Agaricomycetes;o__Agaricomycetes_ord_Incertae_sedis;f__Xenasmataceae;g__Xenasmatella;s__Xenasmatella_sp;sh__SH0023504.09FU	1.0
b45f886163d1efecd6a6b4f5a2334b41	Unassigned	1.0
b4694fa7b41758fe1174955d638df1b2	Unassigned	1.0
b475d56bed38c6708d139652ff0ae1dd	k__Fungi;p__Ascomycota;c__Dothideomycetes;o__Mycosphaerellales;f__Teratosphaeriaceae;g__Hyweljonesia;s__Hyweljonesia_indica;sh__SH0108536.09FU	1.0
b48f68b8b96b725ee2331b7898a49236	Unassigned	1.0
b4a681eb7df7f17a94fcca80fc5094c4	Unassigned	1.0
b4ab41b9651fe26a2e394f9f72e7316b	k__Fungi;p__Ascomycota;c__Sordariomycetes;o__Hypocreales;f__Ophiocordycipitaceae;g__Tolypocladium;s__Tolypocladium_sp	0.7
b4bb5027a96a7956c6ae82c85f7d1f59	Unassigned	1.0
b4cad33261d7045d939daef67ee9a668	Unassigned	1.0
b4d5aaabc2cecaee8b7c02621e10e09e	Unassigned	1.0
b4e1f4a7fcae210b174292075524b8ef	Unassigned	1.0
b4e75ada52356121facf939b6cfc637b	k__Fungi;p__Ascomycota;c__Eurotiomycetes;o__Eurotiales;f__Aspergillaceae;g__Aspergillus	1.0
b507a6ad1593e1fb4abf4b61e18a6c7a	Unassigned	1.0
b515fdfcf12d3e9bdd4cba6396725372	Unassigned	1.0
b52c357d7dfac5e30a71bcaa7a366de6	k__Fungi;p__Ascomycota;c__Leotiomycetes;o__Leotiomycetes_ord_Incertae_sedis;f__Leotiomycetes_fam_Incertae_sedis;g__Leotiomycetes_gen_Incertae_sedis;s__Leotiomycetes_sp;sh__SH0107295.09FU	1.0
b53197ce8918569103dc4109fc0e5900	k__Fungi;p__Basidiomycota;c__Agaricomycetes;o__Agaricales;f__Entolomataceae	0.857
b53b1afff037983972763cf6e0ddf682	Unassigned	1.0
b540cbb46570741f11d8cc0658263c9a	Unassigned	1.0
b55f95b96eaf11470a80b3fd4f2a2a07	k__Fungi;p__Ascomycota;c__Dothideomycetes;o__Mycosphaerellales	0.8
b5692b0ea242eafd3327fc1d76fe0649	Unassigned	1.0
b5759256f9ac06a58c93250399504954	k__Fungi;p__Ascomycota;c__Dothideomycetes;o__Mycosphaerellales;f__Teratosphaeriaceae;g__Teratosphaeria	1.0
b579e888b77dcc5d3c71203b16cac097	k__Fungi;p__Ascomycota;c__Eurotiomycetes;o__Chaetothyriales;f__Herpotrichiellaceae;g__Herpotrichiellaceae_gen_Incertae_sedis;s__Herpotrichiellaceae_sp;sh__SH0148373.09FU	1.0
b57d0996a945060d879a24c4fd7b0e3a	k__Fungi;p__Ascomycota;c__Sordariomycetes;o__Hypocreales;f__Nectriaceae;g__Volutella	0.9
b58d392f98ef3c8d95137ff2c0d62543	k__Fungi;p__Ascomycota;c__Sordariomycetes;o__Hypocreales;f__Bionectriaceae	0.8
b596d08eb5a730ff8127ae38bded8998	k__Fungi;p__Ascomycota;c__Sordariomycetes;o__Xylariales;f__Hypoxylaceae	0.9
b5a2fe6ad2d29d4264ffde07b1db1351	Unassigned	1.0
b5cf9ced139663ce2b6a9c51671e4daf	Unassigned	1.0
b5d749b240b0fc08a4eb7d79210cdd0e	k__Fungi;p__Ascomycota;c__Lecanoromycetes;o__Lecanorales;f__Pilocarpaceae;g__Fellhanera;s__Fellhanera_bouteillei	1.0
b5d7589db41ea228762a10ddf86331c7	Unassigned	1.0
b5d8d46c8f6abf85b2da85930918db7c	k__Fungi;p__Ascomycota;c__Sordariomycetes;o__Hypocreales;f__Nectriaceae	1.0
b606bac1174e27aefc80de5d6447efcc	k__Fungi;p__Ascomycota;c__Sordariomycetes;o__Hypocreales	1.0
b61c2baaea4f375ed42435806fdbe131	k__Fungi;p__Ascomycota;c__Pezizomycotina_cls_Incertae_sedis;o__Pezizomycotina_ord_Incertae_sedis;f__Pezizomycotina_fam_Incertae_sedis;g__Lylea;s__Lylea_dalbergiae;sh__SH0037688.09FU	1.0
b62fffd62e3b7a233e827b0155beef52	Unassigned	1.0
b643c72e2df722fbeabe5b9fe7c7dcdf	Unassigned	1.0
b65034dd3bb1475c51bfbefec2677184	Unassigned	1.0
b66d2047c7dd6fcb3b264c8223280179	k__Fungi;p__Ascomycota;c__Dothideomycetes;o__Pleosporales;f__Cucurbitariaceae	0.6
b67b3fb04130c6f92f6e2fa90c8df2a1	Unassigned	1.0
b67bb5fb21193a3b7fe9c2b059ae0960	k__Fungi;p__Ascomycota;c__Dothideomycetes;o__Mycosphaerellales;f__Teratosphaeriaceae	0.6
b67bbc3a695210dd7940fdf06076c06f	Unassigned	1.0
b68cfb6a7be4ddcf45c3bf4d2b7cf37b	Unassigned	1.0
b6b97deed854fa3961456b45606c8577	k__Fungi;p__Ascomycota;c__Dothideomycetes;o__Pleosporales;f__Pleosporaceae;g__Curvularia	0.7
b6c6951007cf09854d79a0ecaef3f1ca	Unassigned	1.0
b6d5083c7fdee462a13d78830a09aa5a	Unassigned	1.0
b6d9d04e73dcbd4d98465e5b9d296187	k__Fungi;p__Ascomycota;c__Eurotiomycetes;o__Chaetothyriales;f__Chaetothyriales_fam_Incertae_sedis;g__Chaetothyriales_gen_Incertae_sedis;s__Chaetothyriales_sp	0.9
b6f0c3c95e0ad675c49ef6ee1a06f700	k__Fungi;p__Ascomycota;c__Leotiomycetes;o__Helotiales	0.6
b6f49495f2ac6cd43ffe62633a589b46	k__Fungi;p__Ascomycota;c__Sordariomycetes;o__Xylariales;f__Hypoxylaceae;g__Hypoxylon	0.6
b7257a3054799b870dd3fb0ff84bec8f	Unassigned	1.0
b73c4f7f17d577449ff5576fe8293e93	k__Fungi;p__Ascomycota;c__Eurotiomycetes;o__Chaetothyriales;f__Chaetothyriaceae;g__Ceramothyrium	0.667
b73ea0c3615e9fb172a397676d83f407	k__Fungi;p__Ascomycota;c__Sordariomycetes;o__Xylariales	1.0
b74ca2e94dbbd32ddd34d122f8482e1e	Unassigned	1.0
b75ba9857fe0b81bb11e993c76523131	Unassigned	1.0
b75dbee1971afa0c601fbc59b66f818a	k__Fungi;p__Ascomycota;c__Dothideomycetes;o__Pleosporales;f__Didymosphaeriaceae	0.667
b75f8e42f001c9f90d348eae28cf0f44	k__Fungi;p__Basidiomycota;c__Agaricomycetes;o__Trechisporales	0.625
b76c095083ee2f7baa438fbf0e597ce7	Unassigned	1.0
b7719f43f8b2ea53e8ec42563bfbb554	k__Fungi;p__Basidiomycota;c__Exobasidiomycetes;o__Entylomatales;f__Entylomatales_fam_Incertae_sedis;g__Entylomatales_gen_Incertae_sedis;s__Entylomatales_sp;sh__SH0106079.09FU	1.0
b79e0923601c49edc8726580dc82d3c2	Unassigned	1.0
b7d705b965ca2bcd7f0870effee63346	k__Fungi;p__Ascomycota;c__Sordariomycetes;o__Hypocreales	0.9
b7e7c56e15b7c93b4bfcbc4710693ee6	k__Fungi;p__Ascomycota;c__Dothideomycetes;o__Mycosphaerellales;f__Teratosphaeriaceae	0.6
b7ff2e6cea4526944c6102d44c63aeca	k__Fungi;p__Ascomycota;c__Eurotiomycetes;o__Chaetothyriales;f__Herpotrichiellaceae;g__Cladophialophora;s__Cladophialophora_sp	1.0
b8168fcb6ee55cc9df926a5b0818a5a0	Unassigned	1.0
b81e9937daed67d75c01a6c20db3dd73	k__Fungi;p__Ascomycota;c__Sordariomycetes;o__Hypocreales;f__Bionectriaceae	0.6
b827a54d00a0d3d6c9e7dc52a21c0310	Unassigned	1.0
b83e9ffec82b567a7f7ada3e4ca9e8b1	k__Fungi;p__Ascomycota;c__Sordariomycetes;o__Hypocreales;f__Bionectriaceae;g__Bionectriaceae_gen_Incertae_sedis;s__Bionectriaceae_sp	0.7
b84f86a6a343d9e15b4890fa938135e2	k__Fungi;p__Basidiomycota;c__Agaricomycetes;o__Polyporales;f__Podoscyphaceae;g__Hypochnicium	0.667
b84fea360777c7833a17fab8cf6b5bf8	Unassigned	1.0
b859e9ef2cc3bf79fbebb6992e7c5126	Unassigned	1.0
b86d0123034eb8ecf633a3a011fbbfca	k__Fungi	1.0
b891b19de95ad4fd8ebb57b83e2f6e5f	Unassigned	1.0
b899d37a02a913d0cfb911bafb055709	Unassigned	1.0
b8a4ab3cb5a828c5eb5b9b96243e9733	Unassigned	1.0
b8b527befbbf8ae395376897cc39f59c	k__Fungi;p__Basidiomycota;c__Agaricomycetes;o__Agaricales;f__Agaricales_fam_Incertae_sedis;g__Agaricales_gen_Incertae_sedis;s__Agaricales_sp	1.0
b8b863694c1fec967c979a52c96c7766	Unassigned	1.0
b8b86f23b4593451f252314d1fa570db	k__Fungi;p__Ascomycota;c__Sordariomycetes;o__Hypocreales	1.0
b8cc33899f9f4f6ea8539d747a0e6775	Unassigned	1.0
b8d00ca301a0f48c2ddbc98d20b29ba4	Unassigned	1.0
b8db575f3622e9961d82a7154f9b5a1c	Unassigned	1.0
b8fd696e0d5b8fa4f24bd4f6d7eb8142	k__Fungi;p__Ascomycota;c__Dothideomycetes;o__Capnodiales;f__Capnodiales_fam_Incertae_sedis;g__Diatractium	0.667
b8fee6421ae9c8e652f1883d3cb4b691	k__Fungi;p__Ascomycota;c__Sordariomycetes	0.7
b930d7c3cf826c1bbda0e5163f7df1d0	Unassigned	1.0
b930f1839fe870caca135b7e64785699	Unassigned	1.0
b93271b97699bdbf400e0eb32b000a45	k__Fungi;p__Ascomycota;c__Sordariomycetes;o__Hypocreales;f__Hypocreales_fam_Incertae_sedis	0.6
b938eae7770eb8ef93e7fa168b18a672	Unassigned	1.0
b93f4b8d9b2ae674cec9a7c7d51f7498	k__Fungi;p__Ascomycota;c__Sordariomycetes;o__Xylariales;f__Hypoxylaceae;g__Hypoxylon	1.0
b978c815baa6bc891d8fc0ee8e811c43	Unassigned	1.0
b9a2a5bc2b8c8e22df1bbca6fc115d13	Unassigned	1.0
b9a4edfac490133f467309bc7b62be88	k__Fungi;p__Ascomycota	1.0
b9a7ec3ed877a91bcced0f5044cc104c	k__Fungi;p__Chytridiomycota;c__Rhizophydiomycetes;o__Rhizophydiales;f__Rhizophydiales_fam_Incertae_sedis;g__Rhizophydiales_gen_Incertae_sedis;s__Rhizophydiales_sp	1.0
b9aabab659375ae0efb88b7d8d295f31	Unassigned	1.0
b9ae918de081aef9414fd76e88222a7c	k__Fungi;p__Ascomycota;c__Dothideomycetes;o__Mycosphaerellales;f__Teratosphaeriaceae	0.7
b9b476ec8ac7644b430379e6314ba59d	k__Fungi;p__Ascomycota;c__Leotiomycetes;o__Helotiales	0.6
b9ba5831bbecf0ab0bb4cd8572156ebc	k__Fungi;p__Ascomycota;c__Sordariomycetes	1.0
b9c01952447851df5c861a0af00b5610	k__Fungi;p__Basidiomycota;c__Agaricomycetes;o__Atheliales;f__Byssocorticiaceae;g__Athelopsis;s__Athelopsis_lembospora;sh__SH0008633.09FU	1.0
b9ce862344beb1f8756fbf77ce76af7e	Unassigned	1.0
b9d30d75cfc05309b746feb81dba2896	Unassigned	1.0
b9e6742b317bf3990e05484d4023b2eb	Unassigned	1.0
b9fc7ed5d56255a983ddf620b6c65568	k__Fungi;p__Ascomycota;c__Sordariomycetes;o__Hypocreales;f__Hypocreaceae;g__Trichoderma;s__Trichoderma_calamagrostidis;sh__SH0040247.09FU	1.0
ba0059990b6eb5b18f5229c4bee2abd4	k__Fungi;p__Ascomycota;c__Dothideomycetes;o__Pleosporales;f__Lentitheciaceae	0.6
ba0e20333d480ef170fb1f040043d372	k__Fungi;p__Ascomycota;c__Dothideomycetes;o__Pleosporales;f__Pleosporales_fam_Incertae_sedis;g__Pleosporales_gen_Incertae_sedis;s__Pleosporales_sp;sh__SH0054472.09FU	1.0
ba116ab370a21c3e8633ab3689008e4a	k__Fungi;p__Ascomycota;c__Eurotiomycetes;o__Chaetothyriales;f__Chaetothyriales_fam_Incertae_sedis;g__Chaetothyriales_gen_Incertae_sedis;s__Chaetothyriales_sp	0.8
ba1d4e81c0e89675bbdfe0bc37a792b9	k__Fungi;p__Basidiomycota;c__Tremellomycetes;o__Tremellales;f__Bulleraceae;g__Bullera;s__Bullera_sp;sh__SH0246667.09FU	1.0
ba270f51d2f2c5c580f2d9e63e1052d8	k__Fungi;p__Ascomycota;c__Sordariomycetes;o__Hypocreales;f__Cordycipitaceae	0.9
ba32483839e53b3486e1bcf844b4b996	Unassigned	1.0
ba43f8074ae0c81f712aa1f78e8da1e9	k__Fungi;p__Ascomycota;c__Leotiomycetes;o__Helotiales;f__Helotiales_fam_Incertae_sedis;g__Helotiales_gen_Incertae_sedis;s__Helotiales_sp	0.8
ba4bba972f091f97ae60a72c7e6de1c1	k__Fungi;p__Ascomycota;c__Sordariomycetes;o__Hypocreales	0.9
ba68621e0c7e77a338e8f9bf14be6962	k__Fungi;p__Ascomycota;c__Dothideomycetes;o__Pleosporales;f__Pleosporaceae	0.9
ba8275f5d4b9a51f6ce2c787e0e52cb9	Unassigned	1.0
ba82f5b4b02c91b0b38374103a7ebfcc	Unassigned	1.0
ba840a0de8143b4fe285f681bb66f19b	Unassigned	1.0
baa67233b9a08e336f2d05ee59e9137e	k__Fungi;p__Ascomycota;c__Eurotiomycetes;o__Chaetothyriales;f__Chaetothyriales_fam_Incertae_sedis;g__Chaetothyriales_gen_Incertae_sedis;s__Chaetothyriales_sp	0.857
baa9fd82b20309d13db938325628290c	Unassigned	1.0
bab1a9cdff59452159d007af1d700293	k__Fungi;p__Basidiomycota;c__Agaricomycetes;o__Polyporales;f__Ganodermataceae;g__Ganoderma	0.818
bad6aa48d58063e2ec55176901448c04	k__Fungi;p__Ascomycota;c__Eurotiomycetes;o__Chaetothyriales;f__Cyphellophoraceae;g__Cyphellophora;s__Cyphellophora_sp	0.9
badbe972638335afeb7508b58e25c022	Unassigned	1.0
bae02ed32560e67611d89186aa18803d	k__Fungi;p__Basidiomycota;c__Agaricomycetes;o__Hymenochaetales	0.714
baee573f171f855c594675cca9c9f651	k__Fungi;p__Basidiomycota;c__Agaricomycetes;o__Agaricales;f__Strophariaceae;g__Deconica	0.6
bb021eb16838a2a3cf4f954d011a120c	k__Fungi;p__Ascomycota;c__Sordariomycetes;o__Chaetosphaeriales;f__Chaetosphaeriaceae	1.0
bb02395ec390f8223cf81acd23e08242	Unassigned	1.0
bb0ab27c7c3fffe74ebf2349fc7cb952	Unassigned	1.0
bb1b301992981a11a1e6a33f71f82bd9	Unassigned	1.0
bb34dbd17d52082f5da478b90ab04123	k__Fungi;p__Ascomycota;c__Dothideomycetes;o__Pleosporales;f__Pleosporaceae;g__Curvularia	0.7
bb3874dc0e3405705331a0e4e5792745	k__Fungi;p__Ascomycota;c__Leotiomycetes;o__Helotiales	0.9
bb3ef66e2642ca059f665d9d7fefe509	Unassigned	1.0
bb6331858beeaeb75afff8f77812d20e	Unassigned	1.0
bb74e388727ec2f48aa0d36c678c5b09	Unassigned	1.0
bb8b4946d63c84db29b949fa554c5474	k__Fungi;p__Ascomycota;c__Lecanoromycetes	1.0
bb8b95807c6bc0bb84895e49a4b6f07e	Unassigned	1.0
bbbafa37520a2721834cf8dcc3c5f47f	k__Fungi;p__Ascomycota;c__Sordariomycetes;o__Hypocreales;f__Clavicipitaceae;g__Metarhizium;s__Metarhizium_sp;sh__SH0003421.09FU	1.0
bbbb4bd482b5e67a4a3464ca5ac9b2c1	Unassigned	1.0
bbe786edc749e9a372087b4bcb5e86f8	k__Fungi;p__Ascomycota;c__Sordariomycetes;o__Xylariales;f__Xylariales_fam_Incertae_sedis;g__Asteromella	1.0
bc0277c758ed98a1b04aac043ec3f7e0	Unassigned	1.0
bc06e6435ecd19d4b2114c3631b439c0	k__Fungi;p__Ascomycota;c__Dothideomycetes;o__Pleosporales;f__Pleosporales_fam_Incertae_sedis;g__Pleosporales_gen_Incertae_sedis;s__Pleosporales_sp;sh__SH0054472.09FU	1.0
bc230c675a80a632a163734cbb3079a3	k__Fungi;p__Ascomycota;c__Eurotiomycetes;o__Chaetothyriales;f__Cyphellophoraceae;g__Cyphellophora	0.8
bc32edb76578936c31f4048e62b25341	Unassigned	1.0
bc38c5216032d0e0a2a84c054d47f052	k__Fungi;p__Ascomycota;c__Sordariomycetes;o__Hypocreales;f__Nectriaceae;g__Thelonectria	0.9
bc76f7693fb235cdf724fe2782798254	Unassigned	1.0
bc7d6940b7d98762eca1318b3efca3f9	k__Fungi;p__Ascomycota;c__Eurotiomycetes;o__Chaetothyriales;f__Herpotrichiellaceae;g__Cladophialophora;s__Cladophialophora_sp	0.9
bc8f1ca29cc588a1de22992e05f40ca4	Unassigned	1.0
bca2b763ef1302bbf1ea038a16ca7de1	k__Fungi;p__Ascomycota;c__Leotiomycetes;o__Helotiales	0.9
bcae3476ad55f1347c0d11271b310575	Unassigned	1.0
bcc79e484389069715523b1a671f6866	Unassigned	1.0
bcce41086c312ff0429650635bea1238	Unassigned	1.0
bce3502f476bf7d36df68365b2605987	Unassigned	1.0
bce8124c2580fbaf4b55b73c88ab29f6	k__Fungi;p__Ascomycota;c__Leotiomycetes;o__Helotiales	0.6
bcff2cdd8261f408b1c430a4ea9c8bd3	k__Fungi;p__Basidiomycota;c__Agaricomycetes;o__Cantharellales;f__Ceratobasidiaceae;g__Ceratobasidium	0.6
bd03c0557e933cfa835b111ade972512	Unassigned	1.0
bd182584d899026fa8107daabe9ac2c3	Unassigned	1.0
bd3f8bd5bf9a2c5a61a0fe623a4a4c80	Unassigned	1.0
bd418ea394d64c7175766128d984ab2b	Unassigned	1.0
bd44dc5f1e4cf93018d9cfc3dfdba285	Unassigned	1.0
bd509ace343b3f958bfa96b2716e7bfb	Unassigned	1.0
bd5ed219504b5aed24066e56b828430a	Unassigned	1.0
bd6253f82a1767254b9cf1893c39af15	k__Fungi;p__Ascomycota;c__Sordariomycetes;o__Hypocreales;f__Bionectriaceae	0.8
bd755cff1eef676154e415ca16a2aeff	k__Fungi;p__Ascomycota;c__Leotiomycetes;o__Helotiales	1.0
bd7aca4dd019baca02d46093a0903be7	k__Fungi;p__Ascomycota;c__Sordariomycetes;o__Hypocreales;f__Nectriaceae;g__Thelonectria	0.8
bd88b572bb6e62c87320e191a469451e	k__Fungi;p__Ascomycota;c__Sordariomycetes;o__Hypocreales;f__Nectriaceae	0.9
bd88bda14caa538eaf56cf8270c66686	Unassigned	1.0
bda42816504919ba61478388eaa0167e	Unassigned	1.0
bdaf96b79c153db33c3f0f6165cfad40	k__Fungi;p__Basidiomycota;c__Agaricomycetes;o__Polyporales;f__Meruliaceae;g__Scopuloides	0.7
bdce01921738248640b1cac98c3cd317	k__Fungi;p__Ascomycota;c__Dothideomycetes;o__Mycosphaerellales;f__Mycosphaerellaceae	0.667
bdd081d75dac0313bbe1cf5cdb88cc5b	k__Fungi;p__Basidiomycota;c__Agaricomycetes;o__Polyporales;f__Polyporales_fam_Incertae_sedis;g__Polyporales_gen_Incertae_sedis;s__Polyporales_sp;sh__SH0213934.09FU	1.0
bdda3f639d19c3e791008b5f01d2eb43	Unassigned	1.0
bdf5531a3306db6f12212de5318d63ae	Unassigned	1.0
bdffb7b38732b589feabfa4dd2079c17	Unassigned	1.0
be0305454584d8c578715b2d40aa1439	k__Fungi;p__Basidiomycota;c__Agaricomycetes;o__Trechisporales;f__Hydnodontaceae;g__Hydnodontaceae_gen_Incertae_sedis;s__Hydnodontaceae_sp	0.6
be0b63c07881b82394d493333167de36	Unassigned	1.0
be170912a2d47a025e4c22ff6d8535ef	Unassigned	1.0
be303010233a22d5b2d6ad70eea93a84	Unassigned	1.0
be5937a3d08b57b8cd600c6ccf6f176d	Unassigned	1.0
be7a6d0c4074f93e2af82556b7b746cf	k__Fungi;p__Mortierellomycota;c__Mortierellomycetes;o__Mortierellales;f__Mortierellaceae;g__Mortierella	0.8
be84aa31f0280fe28768bf9a0a845761	Unassigned	1.0
bec7ec2f66243b9043012ed3055634e5	Unassigned	1.0
becb32c0ad7249833e85669c05a307b1	k__Fungi;p__Ascomycota;c__Eurotiomycetes;o__Chaetothyriales;f__Herpotrichiellaceae;g__Cladophialophora;s__Cladophialophora_sp	0.9
bed7c759e6090dd344aca982e477b84a	k__Fungi;p__Ascomycota;c__Dothideomycetes;o__Venturiales;f__Sympoventuriaceae	0.75
befdf27428f2b98eee91579bb67f5f09	Unassigned	1.0
bf0f8807fbfe9cf5792fc9e035565959	k__Fungi;p__Ascomycota;c__Leotiomycetes;o__Helotiales	0.714
bf4d9b95a0d2fefa5a0c973a6ac8dcaf	k__Fungi;p__Ascomycota;c__Leotiomycetes	1.0
bf59e827ec2339bd4482c3c2aa313a5e	k__Fungi;p__Ascomycota;c__Sordariomycetes;o__Xylariales;f__Xylariaceae;g__Astrocystis;s__Astrocystis_bambusicola;sh__SH0079488.09FU	1.0
bf67a75493c18e32c55e50a17d15926b	k__Fungi;p__Ascomycota;c__Dothideomycetes;o__Mycosphaerellales;f__Teratosphaeriaceae	0.6
bf67c36d110262ea96153a61c2dd39a7	k__Fungi;p__Ascomycota;c__Leotiomycetes;o__Helotiales;f__Helotiaceae	0.6
bf691557064f0dd877c22f07febc93ce	Unassigned	1.0
bf6b8c01ddd6dceea9a27a0ce63f230c	Unassigned	1.0
bf79ba38ce6a3c008fb8c9e2b4a65e16	Unassigned	1.0
bf7f46d73f08897f9ee56e73f20f3cf1	Unassigned	1.0
bfa7d2d75f44741ef197f9ae87ce09f6	k__Fungi;p__Ascomycota;c__Eurotiomycetes;o__Chaetothyriales;f__Cyphellophoraceae;g__Cyphellophora;s__Cyphellophora_sp	0.7
bfaee0fcf974ac6976cffff4e6a27d3b	k__Fungi;p__Ascomycota;c__Dothideomycetes	0.7
bfb9a0c3d1ebef78f5f2135d41e2586f	k__Fungi;p__Ascomycota;c__Sordariomycetes;o__Hypocreales;f__Nectriaceae	1.0
bfd9c89fd4c3c5fe1d103021d2dbc2e2	Unassigned	1.0
bfe5b5bd5610ac04c8758a99653e4f60	k__Fungi;p__Ascomycota;c__Dothideomycetes;o__Pleosporales;f__Pleosporaceae	1.0
bfebffef432561c4126c1d716a1e4958	k__Fungi;p__Ascomycota;c__Dothideomycetes	1.0
bff1f0ad420e0c9d69aa44c78c7307fa	Unassigned	1.0
c01bc2ddc1722544ec2f44225186311c	k__Fungi;p__Ascomycota;c__Lecanoromycetes;o__Lecanorales;f__Ramalinaceae;g__Bacidina	0.7
c020a917db6f7ead36f8d891cc7194c1	Unassigned	1.0
c02b35a723fabe7fc88a38c912ee7727	k__Fungi;p__Ascomycota;c__Leotiomycetes;o__Helotiales	1.0
c03163c0148d3e8f744a6118ccd22a4b	Unassigned	1.0
c04956c09c821dcf1e961068fbfad5c4	k__Fungi;p__Ascomycota;c__Ascomycota_cls_Incertae_sedis;o__Ascomycota_ord_Incertae_sedis;f__Ascomycota_fam_Incertae_sedis;g__Ascomycota_gen_Incertae_sedis;s__Ascomycota_sp;sh__SH0132768.09FU	1.0
c04bca54969607b4df3b2c77faafdf60	Unassigned	1.0
c0549a875159a717f921960a869fed9f	Unassigned	1.0
c05ea3ca5cddfdd46d51b311b344e490	k__Fungi;p__Ascomycota;c__Dothideomycetes;o__Pleosporales;f__Didymosphaeriaceae	0.7
c0877dee5d0f8931ed6748355c01649e	Unassigned	1.0
c0b43417eedf032a59ad7d31a0db5735	k__Fungi;p__Ascomycota;c__Dothideomycetes;o__Dothideomycetes_ord_Incertae_sedis;f__Dothideomycetes_fam_Incertae_sedis;g__Dothideomycetes_gen_Incertae_sedis;s__Dothideomycetes_sp;sh__SH0024292.09FU	1.0
c0beea618f6005bab260f899ce6565da	Unassigned	1.0
c0cf5530fa6288b46c09ff4cee349f44	Unassigned	1.0
c0d91b238137de3970ff1f31f988bbc5	k__Fungi;p__Ascomycota;c__Dothideomycetes;o__Capnodiales;f__Capnodiales_fam_Incertae_sedis;g__Pseudoramichloridium;s__Pseudoramichloridium_henryi;sh__SH0056779.09FU	1.0
c0dcc9f01a39c1cef2c0820cdb9faf3b	k__Fungi;p__Ascomycota;c__Dothideomycetes	0.778
c0de5bcec1601b5753e383531a8ac066	Unassigned	1.0
c0deac4b39de0990ce10e11d6485a1a9	Unassigned	1.0
c112f9b538e210d476da39c52c4a8a7e	Unassigned	1.0
c116b307bf67d6c46017b2850686edc0	Unassigned	1.0
c118e49f094946cd43f350e965571746	Unassigned	1.0
c13c1b200394369f1c22e3f1a679d114	Unassigned	1.0
c14eba6dda1ca5417562454ba2c35d62	k__Fungi;p__Ascomycota;c__Dothideomycetes;o__Mycosphaerellales	1.0
c1530d2d0f7a6b31a42da4ae5dcba001	k__Fungi;p__Ascomycota;c__Eurotiomycetes;o__Chaetothyriales;f__Herpotrichiellaceae;g__Herpotrichiellaceae_gen_Incertae_sedis;s__Herpotrichiellaceae_sp	0.889
c15638a1dc620cdbd891ec50ba312152	k__Fungi;p__Ascomycota;c__Lecanoromycetes;o__Lecanorales;f__Micareaceae;g__Micarea	1.0
c16406dc37ee9d7399041a50a6346fcf	Unassigned	1.0
c18f1670a1be6c3e63fc4b8e5d05d14f	k__Fungi;p__Ascomycota;c__Sordariomycetes;o__Xylariales	0.8
c19dd5d919e81de8097b80ccc5080ebf	k__Fungi;p__Ascomycota;c__Eurotiomycetes;o__Eurotiales;f__Aspergillaceae;g__Penicillium	0.917
c19e3d01a3bfb4dd8c0f6a21ca7e213d	Unassigned	1.0
c19e4c319e060c7298ba4cddbb0e7b0b	k__Fungi;p__Ascomycota;c__Sordariomycetes;o__Hypocreales	1.0
c1a2024286c7a4b1c04b6bd8438d8baf	k__Fungi;p__Ascomycota;c__Dothideomycetes;o__Mycosphaerellales;f__Teratosphaeriaceae	0.9
c1cee6524ffa1fd4c0fabae26293a406	k__Fungi;p__Ascomycota;c__Eurotiomycetes;o__Chaetothyriales;f__Herpotrichiellaceae;g__Herpotrichiellaceae_gen_Incertae_sedis;s__Herpotrichiellaceae_sp	0.7
c1dd860950d03a494c6aa200ec53e13d	k__Fungi;p__Ascomycota;c__Dothideomycetes	1.0
c1fd020e4692042bda74a6ef598a940f	k__Fungi;p__Ascomycota;c__Sordariomycetes;o__Chaetosphaeriales;f__Chaetosphaeriaceae	1.0
c20cfc5d1449f672063fe8db7d71d2ab	k__Fungi;p__Ascomycota;c__Lecanoromycetes;o__Ostropales;f__Stictidaceae	0.6
c21b73367ad51891f4ff8f543cbef889	k__Fungi;p__Ascomycota;c__Dothideomycetes;o__Mycosphaerellales	0.9
c2223f7b1eeb31302443891b7beaee96	k__Fungi;p__Ascomycota;c__Sordariomycetes;o__Sordariomycetes_ord_Incertae_sedis;f__Sordariomycetes_fam_Incertae_sedis;g__Sordariomycetes_gen_Incertae_sedis;s__Sordariomycetes_sp;sh__SH0040067.09FU	1.0
c22a4d76637720497f2f264353b58d60	Unassigned	1.0
c22deb75c2a2abbdcadef4d730e43b6c	k__Fungi;p__Basidiomycota;c__Agaricomycetes;o__Hymenochaetales;f__Hymenochaetales_fam_Incertae_sedis;g__Hymenochaetales_gen_Incertae_sedis;s__Hymenochaetales_sp	1.0
c234488bec7bf2dd0ac767b3792855e9	Unassigned	1.0
c2361688888077c6ea3b35e16fe5c649	Unassigned	1.0
c23a1c888d5f1cbf0356260d2097ddbd	Unassigned	1.0
c23eef0ce45a70d71b61050b84fe1d3c	k__Fungi;p__Ascomycota;c__Leotiomycetes;o__Helotiales;f__Tympanidaceae;g__Tympanidaceae_gen_Incertae_sedis;s__Tympanidaceae_sp;sh__SH0216917.09FU	1.0
c241df519d4b56cab2408d971683ee48	Unassigned	1.0
c25bdd0668b934fb8f439bdcc282689c	Unassigned	1.0
c2658b7cdcd76f1564bc483d1d4dd6b5	k__Fungi;p__Ascomycota;c__Sordariomycetes;o__Xylariales;f__Amphisphaeriaceae;g__Microdochium;s__Microdochium_sp;sh__SH0032221.09FU	1.0
c26c1523e0aa9f091aa45db15f5503f3	k__Fungi;p__Ascomycota;c__Orbiliomycetes;o__Orbiliales;f__Orbiliales_fam_Incertae_sedis;g__Orbiliales_gen_Incertae_sedis;s__Orbiliales_sp	1.0
c274a553e553881683d54537b6d4363b	Unassigned	1.0
c286a6b95d297c745df4d57670d1b1d0	Unassigned	1.0
c2a661d9865299a91a91a08d27c72eac	Unassigned	1.0
c2a775762538c891b6b883a89f6d9ef9	Unassigned	1.0
c2af6796c9202c61458c2da492716247	Unassigned	1.0
c2d6d7efef5f11df358a5cd3bdf2fd3a	k__Fungi;p__Ascomycota;c__Eurotiomycetes;o__Chaetothyriales	1.0
c2dcfe2b4f453d2162c929b99f825c81	Unassigned	1.0
c2eea601cb8f5e05b0e3e376a6be4737	Unassigned	1.0
c2fd1d57be5260359f054863b4b3091a	k__Fungi;p__Basidiomycota;c__Agaricomycetes;o__Trechisporales;f__Hydnodontaceae;g__Trechispora;s__Trechispora_sp	0.8
c307e748a0a5809b41ca174aac9289c9	k__Fungi;p__Ascomycota;c__Sordariomycetes;o__Hypocreales;f__Nectriaceae;g__Fusarium	0.727
c311ba37ee4f73407d074b930dfee1b9	Unassigned	1.0
c32b6cc410f7fa39cb2828b372393861	Unassigned	1.0
c34a7f54ec3273947b723f14c9eabfd3	Unassigned	1.0
c35221f410ed9cf5b2ae8235492764b0	k__Fungi;p__Ascomycota;c__Eurotiomycetes;o__Chaetothyriales;f__Chaetothyriales_fam_Incertae_sedis;g__Chaetothyriales_gen_Incertae_sedis;s__Chaetothyriales_sp;sh__SH0008723.09FU	1.0
c361abca8a796ddfb5f1ca34764d200f	Unassigned	1.0
c38a777c542a37166d923cafa5940d0e	k__Fungi;p__Ascomycota;c__Sordariomycetes;o__Myrmecridiales;f__Myrmecridiaceae;g__Myrmecridium;s__Myrmecridium_sp	0.6
c393c472f76fe6d7b56be02491784045	k__Fungi;p__Ascomycota;c__Eurotiomycetes;o__Chaetothyriales;f__Cyphellophoraceae;g__Cyphellophora	1.0
c3ca2e2a419352d448253c2443561b1e	Unassigned	1.0
c3d44bb426986f344ad02cd8eeeedcec	Unassigned	1.0
c3ee43d3a1f49e271fff1fa62ff08e12	k__Fungi;p__Basidiomycota;c__Microbotryomycetes;o__Kriegeriales;f__Kriegeriaceae;g__Meredithblackwellia;s__Meredithblackwellia_eburnea;sh__SH0251051.09FU	1.0
c3f4167e6b7d716b9fcf296e466ba0ad	k__Fungi;p__Ascomycota;c__Dothideomycetes;o__Pleosporales;f__Phaeosphaeriaceae	0.7
c3f9a735e4d0d4988d19c773a773b0e6	k__Fungi;p__Ascomycota;c__Dothideomycetes	1.0
c406c5c4b2c23ab10e2bac5ae707998b	Unassigned	1.0
c431051cc0c85a9e2a5deb6c04f838fc	k__Fungi;p__Ascomycota;c__Lecanoromycetes;o__Peltigerales;f__Lobariaceae;g__Sticta	1.0
c4351dec2e5a69e4ab381bd607ee1d73	k__Fungi;p__Ascomycota;c__Sordariomycetes;o__Diaporthales	0.75
c4515361a20927fab47623ccf115917b	k__Fungi;p__Ascomycota;c__Leotiomycetes	1.0
c45496195e4695e818b9c3120f424e5c	Unassigned	1.0
c457fa247c2da75752be27f4e555fcb1	Unassigned	1.0
c469ba2157776b065266b0a6a15ddd3a	k__Fungi;p__Ascomycota;c__Dothideomycetes;o__Pleosporales	1.0
c46e3d971d67eb7f1a4a74b8264c499d	k__Fungi;p__Ascomycota;c__Dothideomycetes;o__Pleosporales	1.0
c47b8612b005208212c246ae871ed350	Unassigned	1.0
c482cf5b6fd6c33f451b4ca49f6afec7	k__Fungi;p__Mortierellomycota;c__Mortierellomycetes;o__Mortierellales;f__Mortierellaceae;g__Mortierella	0.8
c494b630b659b1298564cb9d59521933	Unassigned	1.0
c4a906c1c649c29e639b93287d15d944	Unassigned	1.0
c4acb67e8e7f48ab01a5cf4520ef2c8d	k__Fungi;p__Ascomycota;c__Sordariomycetes;o__Hypocreales;f__Nectriaceae;g__Fusarium	0.7
c4d3b3915ee71cb1ed8f16c39473afa0	Unassigned	1.0
c4f25ae438cc308cccd6aece4fa8027d	k__Fungi;p__Ascomycota;c__Dothideomycetes	1.0
c4fed4526e4d6756537b1c49645eeec8	Unassigned	1.0
c5080a7cdb46742024ff72bc9cb106f7	Unassigned	1.0
c5224fd12eabb314418b16654e568731	Unassigned	1.0
c52d21b538aa809b6ea82f8a7b97ad06	Unassigned	1.0
c53c4d1177edf6a9273b754d3db95556	Unassigned	1.0
c54929765c33f24cb1ab156e9c963ae0	k__Fungi;p__Ascomycota;c__Ascomycota_cls_Incertae_sedis;o__Ascomycota_ord_Incertae_sedis;f__Ascomycota_fam_Incertae_sedis;g__Ascomycota_gen_Incertae_sedis;s__Ascomycota_sp;sh__SH0011109.09FU	1.0
c54d714f4c86b8866e3ecd9110bec6d1	k__Fungi;p__Ascomycota;c__Eurotiomycetes;o__Chaetothyriales;f__Herpotrichiellaceae;g__Cladophialophora;s__Cladophialophora_sp	0.6
c5821cc89d5e07f02214d99473f2b221	k__Fungi;p__Basidiomycota;c__Agaricomycetes;o__Agaricales;f__Tricholomataceae	0.8
c5a6e9f77c2768a28d9fe82ef8edafea	Unassigned	1.0
c5a87349c1bf65358bc8104fd18c9cbf	Unassigned	1.0
c5a98f920a8e2887c50c4e31d4cb0199	k__Fungi;p__Ascomycota;c__Dothideomycetes	0.667
c5aa57b0df44d97344eb275e1c25a531	k__Fungi;p__Chytridiomycota;c__Chytridiomycota_cls_Incertae_sedis;o__Chytridiomycota_ord_Incertae_sedis;f__Chytridiomycota_fam_Incertae_sedis;g__Chytridiomycota_gen_Incertae_sedis;s__Chytridiomycota_sp;sh__SH0147272.09FU	1.0
c5ac98de12d053a686cb766e862869ef	Unassigned	1.0
c5bd7da3338ed0a46d17268acdbb1f09	k__Fungi;p__Ascomycota;c__Dothideomycetes;o__Pleosporales;f__Phaeosphaeriaceae;g__Setophoma	0.8
c5e68ebab7bc81a4632d5631d7fee1e1	Unassigned	1.0
c615f6336cb873e3636a3cff63ea2747	Unassigned	1.0
c62cccae5aa3f7099eee0b0ebd6781f6	k__Fungi;p__Ascomycota;c__Dothideomycetes;o__Pleosporales	0.909
c644884082a39d5a0b201ba8dbc17a8e	Unassigned	1.0
c64b84e3be3f50cc009bf97582e70ac9	Unassigned	1.0
c64dcf24722cc36d50792f89bd2b41a0	Unassigned	1.0
c68ee91f97252b2ce528720960bf1738	k__Fungi;p__Ascomycota;c__Sordariomycetes;o__Xylariales;f__Xylariaceae;g__Xylariaceae_gen_Incertae_sedis;s__Xylariaceae_sp;sh__SH0040369.09FU	1.0
c6bb528272f200ba0b89f6e8718b0eb4	k__Fungi;p__Ascomycota;c__Eurotiomycetes;o__Chaetothyriales	0.9
c6c623f747f71a809e5c92ebfc175f1c	Unassigned	1.0
c6c9197bfa1e80114af6899e7d29b013	k__Fungi;p__Ascomycota;c__Eurotiomycetes;o__Chaetothyriales;f__Herpotrichiellaceae;g__Cladophialophora;s__Cladophialophora_sp	0.8
c6d0201b596ffba5b88eb01b2ca3a98e	k__Fungi;p__Ascomycota;c__Dothideomycetes;o__Mycosphaerellales	0.7
c6e81e0b0b38d385b2e1a0b789ba9ea8	k__Fungi;p__Ascomycota;c__Eurotiomycetes;o__Chaetothyriales;f__Trichomeriaceae;g__Trichomerium	0.8
c6fd4078a7981bec875d3274bedc914b	k__Fungi;p__Ascomycota;c__Dothideomycetes;o__Pleosporales	1.0
c70a243854d5ef95a3eba159a872825f	k__Fungi;p__Ascomycota;c__Dothideomycetes;o__Mycosphaerellales;f__Mycosphaerellaceae	0.8
c73b9e84197e851cb82818178a6c3a71	Unassigned	1.0
c7562c33e5d49f6d513ebe238af2e6e7	k__Fungi;p__Ascomycota;c__Dothideomycetes;o__Mycosphaerellales;f__Teratosphaeriaceae;g__Teratosphaeriaceae_gen_Incertae_sedis;s__Teratosphaeriaceae_sp	0.8
c75a3668a70b2e572f46d2cfd91525bc	Unassigned	1.0
c75f32f3f67d457ac76d8fd3ee230e77	k__Fungi;p__Ascomycota;c__Sordariomycetes;o__Xylariales;f__Xylariaceae;g__Xylariaceae_gen_Incertae_sedis;s__Xylariaceae_sp;sh__SH0115556.09FU	1.0
c765c82787ebb8f17703a41f7b99b07c	Unassigned	1.0
c78a1ad433594edabf2680bf353ed2ae	k__Fungi;p__Ascomycota;c__Sordariomycetes;o__Hypocreales	1.0
c7b0d7794310252d34f8183bdba1a969	k__Fungi;p__Ascomycota;c__Dothideomycetes;o__Mycosphaerellales;f__Teratosphaeriaceae	0.6
c7b8855b86962fb86cdd852b9c0a90ea	k__Fungi;p__Ascomycota;c__Dothideomycetes;o__Pleosporales;f__Didymosphaeriaceae;g__Paraconiothyrium	0.625
c7d593c30fe16ef8929d5bd393595ac5	k__Fungi;p__Basidiomycota;c__Agaricomycetes;o__Agaricales;f__Strophariaceae;g__Hypholoma	0.909
c7d7e48828d1defa6eb6d259c71aa2ff	k__Fungi;p__Ascomycota;c__Eurotiomycetes;o__Chaetothyriales;f__Chaetothyriales_fam_Incertae_sedis;g__Chaetothyriales_gen_Incertae_sedis;s__Chaetothyriales_sp	1.0
c7dbad8b644d228a03ec46d42021b816	Unassigned	1.0
c7e25acb3f1f163de79b8cca00ad311b	k__Fungi;p__Ascomycota;c__Lecanoromycetes;o__Lecanorales;f__Cladoniaceae;g__Cladonia	1.0
c825828eec1c3c425c38cd7fcbb86152	Unassigned	1.0
c8456b814d5476a7cafaa0b5e52151de	Unassigned	1.0
c8478433720c0bd9712b598139a55779	Unassigned	1.0
c8484df2e0b4171d2e9ce39f97e9b5ed	Unassigned	1.0
c851ed7b49d30da5966a6a26ccd55131	k__Fungi;p__Ascomycota;c__Dothideomycetes;o__Mycosphaerellales;f__Mycosphaerellaceae	0.8
c85320b723ba7d9ff6c91881162d7d77	k__Fungi;p__Ascomycota;c__Lecanoromycetes;o__Lecanoromycetes_ord_Incertae_sedis;f__Lecanoromycetes_fam_Incertae_sedis;g__Lecanoromycetes_gen_Incertae_sedis;s__Lecanoromycetes_sp	0.75
c85c7ff5266f2d695193216239358074	Unassigned	1.0
c8604d57e4b60f79cf5d25316a7ec888	k__Fungi;p__Basidiomycota;c__Agaricomycetes;o__Agaricomycetes_ord_Incertae_sedis;f__Agaricomycetes_fam_Incertae_sedis;g__Agaricomycetes_gen_Incertae_sedis;s__Agaricomycetes_sp;sh__SH0192210.09FU	1.0
c860771679b655af158a57d253c8dc56	k__Fungi;p__Basidiomycota;c__Agaricomycetes;o__Russulales;f__Russulales_fam_Incertae_sedis;g__Russulales_gen_Incertae_sedis;s__Russulales_sp;sh__SH0008579.09FU	1.0
c866648613492f41ceed49c7606fdc20	Unassigned	1.0
c86eab4682a274453101bcaa96fdda97	k__Fungi;p__Ascomycota;c__Dothideomycetes;o__Capnodiales;f__Capnodiales_fam_Incertae_sedis;g__Pseudoramichloridium;s__Pseudoramichloridium_henryi;sh__SH0056779.09FU	1.0
c878e7f1f2d343e406e766d505ab0671	k__Fungi;p__Ascomycota;c__Leotiomycetes;o__Helotiales	0.7
c888a789ab82e70f4b4e576ef03c0853	Unassigned	1.0
c890f463cd6836b69980809778cc9425	k__Fungi;p__Ascomycota;c__Dothideomycetes;o__Pleosporales	1.0
c8a0ebb809e42af60aa323930f91a592	Unassigned	1.0
c8df0940a40ff24b9079f89359fd3dfa	Unassigned	1.0
c8df170f90b283dd99549c2838a0a77a	k__Fungi;p__Ascomycota;c__Pezizomycotina_cls_Incertae_sedis;o__Pezizomycotina_ord_Incertae_sedis;f__Pezizomycotina_fam_Incertae_sedis;g__Tricellula;s__Tricellula_sp;sh__SH0040124.09FU	1.0
c90ae67f138a227c9296351318fab54e	k__Fungi;p__Ascomycota;c__Dothideomycetes;o__Pleosporales;f__Phaeosphaeriaceae;g__Setophaeosphaeria;s__Setophaeosphaeria_badalingensis;sh__SH0025205.09FU	1.0
c91cbf53fd16be82a5bc68f695c9bf5d	Unassigned	1.0
c93b863d70c1f0acdbe64f4f91fab046	Unassigned	1.0
c9557f1f51f04ff144315d72af7a468a	Unassigned	1.0
c98b2c8f752461a32e9544a0be0e2105	k__Fungi;p__Ascomycota;c__Dothideomycetes;o__Mycosphaerellales;f__Mycosphaerellaceae	1.0
c9bc2c5825164b9eb9c0ad8d4d962107	k__Fungi;p__Ascomycota;c__Dothideomycetes;o__Pleosporales	1.0
c9c3bbf3c2105b935b72a11c52ccf3d7	Unassigned	1.0
c9cac56c7c98d05d00c97148b737d667	Unassigned	1.0
c9de70037539511d139f29711e54b939	Unassigned	1.0
c9e699c243eb8ce8ebbe9f7bff30468b	Unassigned	1.0
ca0ce46c7058f53fc6ee4334e2ee4907	Unassigned	1.0
ca2c2ec825087c1f112baf70e5dffa88	Unassigned	1.0
ca3f1a5ac046cb0d864666f141360bce	k__Fungi;p__Basidiomycota;c__Agaricomycetes;o__Agaricales;f__Agaricaceae;g__Leucocoprinus	0.6
ca4f46bbe1bd5d014d5a833628679a51	Unassigned	1.0
ca59ee2fe1b5451f28e8ea79e6046134	Unassigned	1.0
ca5d7a994739613160dc970379ef7561	Unassigned	1.0
ca6518272c0be35d7c6fa7d56291e788	Unassigned	1.0
ca6f4dd58319690d264bc05453dbea37	Unassigned	1.0
ca8ca183caa99b73e6667dd5316ab812	Unassigned	1.0
ca8d94c8e5dd7800e9810a7e7d74ebcf	k__Fungi;p__Ascomycota;c__Eurotiomycetes;o__Chaetothyriales;f__Herpotrichiellaceae;g__Exophiala	0.6
ca942539322bc7bbd7bdbe759a8e65da	k__Fungi;p__Ascomycota;c__Dothideomycetes;o__Mycosphaerellales;f__Mycosphaerellaceae	1.0
ca97dd220ac0a0ee08053e8c18318acc	Unassigned	1.0
ca9c1a7665009911e721aad403c6612d	k__Fungi;p__Ascomycota;c__Dothideomycetes;o__Mycosphaerellales	0.857
caac78f068e46bde9ec42d08b20b43e2	k__Fungi;p__Ascomycota;c__Leotiomycetes;o__Helotiales	0.9
cadd56a642c29caa63d984288dde792b	Unassigned	1.0
cae4c3871b19f378f9c4e74a2fbf6e01	k__Fungi;p__Basidiomycota;c__Tremellomycetes	1.0
caf981ebadab88a808f28c0643e6c587	Unassigned	1.0
cb0a562f2db0f5ab48aa700357561ab0	k__Fungi;p__Ascomycota;c__Sordariomycetes;o__Hypocreales;f__Nectriaceae	1.0
cb25aa829b8d974a72acb73deec7f15d	Unassigned	1.0
cb2769c2e46312ff5b5e42d2c921b9b2	k__Fungi;p__Ascomycota;c__Leotiomycetes;o__Helotiales;f__Hyaloscyphaceae;g__Candelabrum;s__Candelabrum_sp	0.6
cb46e5a4d6eb2a5c9f4373064c9715c1	k__Fungi;p__Ascomycota;c__Dothideomycetes;o__Pleosporales;f__Sporormiaceae;g__Preussia	0.571
cb6cc94b4c3cee279cd9b80af346a5e3	Unassigned	1.0
cb824d8808394957fd9967af65a2db44	Unassigned	1.0
cb90c98342440da5f4a84cb198941e48	k__Fungi;p__Ascomycota;c__Dothideomycetes;o__Pleosporales;f__Periconiaceae;g__Periconia	0.667
cbc6eab89f11babe036e8fb1373d6bd2	k__Fungi;p__Basidiomycota;c__Cystobasidiomycetes	1.0
cbc94b75a35aa129396e7f7ec99cf5f4	k__Fungi;p__Ascomycota;c__Leotiomycetes;o__Helotiales	1.0
cbcb255fe3f48b983d1820d17558c05b	k__Fungi;p__Ascomycota;c__Eurotiomycetes;o__Chaetothyriales;f__Trichomeriaceae;g__Trichomeriaceae_gen_Incertae_sedis;s__Trichomeriaceae_sp;sh__SH0100938.09FU	1.0
cbfa8e0c885f102020c880a37f09c536	k__Fungi;p__Ascomycota	1.0
cc0e5ef57c5e4455ad5528d2583355a4	Unassigned	1.0
cc119e8a4a617a6e84a4d3fbfa3aa118	k__Fungi;p__Ascomycota;c__Sordariomycetes;o__Hypocreales	1.0
cc1795a4512eff214e0663fbd7f42a49	Unassigned	1.0
cc2b0163bf45cf9822bd0fe19a4ee916	k__Fungi;p__Ascomycota;c__Sordariomycetes;o__Hypocreales	1.0
cc2e63c58e38df776413c8ee57f15f79	Unassigned	1.0
cc33230196e7a3f8248a4c690e614129	Unassigned	1.0
cc498b4995accdf80ec71399b887f571	Unassigned	1.0
cc5cbd0a2aff369e0e7158eadcb8e100	k__Fungi;p__Ascomycota;c__Sordariomycetes;o__Hypocreales;f__Nectriaceae	1.0
cc6804804b655ec95493f1959106b3c9	Unassigned	1.0
cc6ae84d9f3f9e4aa69ff518414bf03b	k__Fungi;p__Ascomycota;c__Dothideomycetes;o__Pleosporales;f__Corynesporascaceae;g__Corynespora;s__Corynespora_cassiicola;sh__SH0048835.09FU	1.0
cc7b493092bc06e984cc22efbe188533	Unassigned	1.0
cc905ff6647c4efd3ce922c0546c25d3	Unassigned	1.0
cc932d9747f6dca713e85d5db460177b	Unassigned	1.0
ccb34e786edae1f5c6609b37d54e2872	Unassigned	1.0
ccbe45f90878231155661c8d47ffb321	k__Fungi;p__Ascomycota;c__Orbiliomycetes;o__Orbiliales;f__Orbiliales_fam_Incertae_sedis;g__Orbiliales_gen_Incertae_sedis;s__Orbiliales_sp	1.0
ccc38fe33b561cc2dca262267110712d	k__Fungi;p__Ascomycota;c__Dothideomycetes;o__Pleosporales;f__Pleosporales_fam_Incertae_sedis;g__Pleosporales_gen_Incertae_sedis;s__Pleosporales_sp;sh__SH0150555.09FU	1.0
ccdd11026daf70e7df019db75b936738	Unassigned	1.0
ccf621c699fc980b8ca5b572baaa27c3	Unassigned	1.0
cd02f87acb118cd6fdc69a87cd078799	k__Fungi;p__Ascomycota;c__Sordariomycetes;o__Diaporthales;f__Cryphonectriaceae	0.7
cd2463ffefd73af651f5a1d13c75c2a4	Unassigned	1.0
cd27622d60835dbabfd7a746d350c293	Unassigned	1.0
cd2aa2c50b0fe31679fabb5e189b1daa	k__Fungi;p__Ascomycota;c__Dothideomycetes	0.571
cd3b468c7d6789926a2428343b238290	Unassigned	1.0
cd725925f9b49b3c3f4e5782ff051ad4	k__Fungi;p__Ascomycota;c__Dothideomycetes;o__Mycosphaerellales;f__Teratosphaeriaceae	0.6
cd89f794c09d431cb30c3ecfba385aa2	k__Fungi;p__Ascomycota;c__Eurotiomycetes;o__Chaetothyriales;f__Chaetothyriales_fam_Incertae_sedis;g__Chaetothyriales_gen_Incertae_sedis;s__Chaetothyriales_sp	1.0
cda8576b7c1f02f413d9aec99ef67245	k__Fungi;p__Ascomycota;c__Dothideomycetes	1.0
cdd1b6deeddbf8ed52b2af7a852ce0df	Unassigned	1.0
cdd748104376edba575778627dc55076	Unassigned	1.0
cddd828aaa196d04c888f974e8178830	Unassigned	1.0
cdf45ebe0778e1c3d77654292926c849	k__Fungi;p__Ascomycota;c__Leotiomycetes;o__Helotiales	1.0
ce06ed185b3a0b843396e2976e759d3e	Unassigned	1.0
ce1c4a4ed1ef10690540e62a441c9e63	k__Fungi;p__Ascomycota;c__Dothideomycetes	0.7
ce575fddb07811e1f289076683eab3d5	Unassigned	1.0
ce63053b65b1dbf2b69457c892bd42e5	Unassigned	1.0
ce7253d7f2ecaf3a4bb98d1f3951b0c3	k__Fungi;p__Ascomycota;c__Leotiomycetes;o__Helotiales	0.9
ce790214c0277bcd68a1d6bb2b797892	k__Fungi;p__Ascomycota;c__Sordariomycetes;o__Diaporthales;f__Coryneaceae;g__Coryneum	0.857
ce79d2a19246cf7c834ef69b44a668e4	k__Fungi;p__Ascomycota;c__Eurotiomycetes;o__Eurotiales;f__Aspergillaceae;g__Penicillium	0.917
ce8323788ebf479331c360ff493216d9	k__Fungi;p__Ascomycota;c__Sordariomycetes;o__Hypocreales;f__Hypocreales_fam_Incertae_sedis	0.6
ce94d92b0fec0143e6b0ce8252317048	k__Fungi;p__Ascomycota;c__Eurotiomycetes;o__Chaetothyriales;f__Chaetothyriales_fam_Incertae_sedis;g__Chaetothyriales_gen_Incertae_sedis;s__Chaetothyriales_sp	0.8
ceb821eb7200dddd35097c97887b2fa4	Unassigned	1.0
cec0d674a80625aaa775728b7e5c5ca4	Unassigned	1.0
ceca546f53c5dcc9f8c948eba986f254	k__Fungi;p__Ascomycota;c__Dothideomycetes;o__Mycosphaerellales	0.6
cef793aa788c2eb36ce3825e2a3ac2c2	Unassigned	1.0
cf043ed467a8265d4c9f615c1973e201	k__Fungi;p__Basidiomycota;c__Tremellomycetes;o__Tremellales;f__Tremellaceae;g__Bulleromyces;s__Bulleromyces_sp;sh__SH0055570.09FU	1.0
cf13fc63aebae9732bc8ac3ffdace634	Unassigned	1.0
cf53b29ec4860f9162da7fd2a8fcd545	Unassigned	1.0
cf928c3866669b66cf8f3b4c1676000e	Unassigned	1.0
cfc1a8e4a7cb1b69e62d060f656a295e	Unassigned	1.0
cfcaed75d07a548763566a11c370fdc6	Unassigned	1.0
cfe61cf8025752a4c4e4e3d88d44fdc3	Unassigned	1.0
cfeb6bca86e56dc64b333f31e2e4b0db	k__Fungi;p__Basidiomycota;c__Microbotryomycetes;o__Microbotryomycetes_ord_Incertae_sedis;f__Chrysozymaceae;g__Hamamotoa;s__Hamamotoa_telluris;sh__SH0200340.09FU	1.0
d00c8e0abea0b75ed048a0ee062872de	Unassigned	1.0
d0163c6e72ad2ba771949a0c223757dd	Unassigned	1.0
d02481c90e19321f77f9ab05d9e98396	k__Fungi;p__Ascomycota;c__Leotiomycetes;o__Helotiales	1.0
d03fb20225f2547da42cdb56c07939c5	Unassigned	1.0
d0465872927b9ab1bbbdf93b04860b29	Unassigned	1.0
d04b153cd14f35948b41b21be94e9c22	k__Fungi;p__Ascomycota;c__Eurotiomycetes;o__Chaetothyriales;f__Herpotrichiellaceae;g__Exophiala;s__Exophiala_sp	0.7
d058055ba8e78d0cf6acb20b9e77ddb1	k__Fungi;p__Ascomycota;c__Sordariomycetes;o__Xylariales;f__Hypoxylaceae;g__Hypoxylon;s__Hypoxylon_munkii;sh__SH0230377.09FU	1.0
d059b414eebc9dfb8a221b554b1e223a	Unassigned	1.0
d05b1a413add4e5c905c20ac9e8bc9c8	k__Fungi;p__Ascomycota;c__Eurotiomycetes;o__Chaetothyriales;f__Herpotrichiellaceae;g__Veronaea	0.6
d092e6d1bc194050d8a7e917833cfea4	k__Fungi;p__Ascomycota;c__Sordariomycetes;o__Hypocreales	0.8
d0b1dc358dc52dcd612d317ad156dbd3	k__Fungi;p__Ascomycota;c__Sordariomycetes;o__Xylariales	0.9
d0b50ed3f7cb68c097e90f78f8cfff6b	k__Fungi;p__Basidiomycota;c__Agaricomycetes;o__Agaricomycetes_ord_Incertae_sedis;f__Xenasmataceae;g__Xenasmatella;s__Xenasmatella_sp	0.667
d0edaa722efcc8ca6e980eb089bdac11	Unassigned	1.0
d11c57d96d3ef60f31a9999775ec6de0	k__Fungi;p__Basidiomycota;c__Cystobasidiomycetes;o__Sakaguchiales;f__Sakaguchiaceae;g__Sakaguchia;s__Sakaguchia_lamellibrachiae;sh__SH0196338.09FU	1.0
d124bcc3bde0e61e7f0ab0c5dc92c037	Unassigned	1.0
d12d8ee3e5f77fccd74fde856c5be372	Unassigned	1.0
d13f5c5a6670fbd1f9f929a6ef5f8f9c	Unassigned	1.0
d1434c8c04fe760892192eb862a87d55	Unassigned	1.0
d14bb762f6f6fa63d755221f28272b88	Unassigned	1.0
d16692509069d7aef5c000b3845a4e52	Unassigned	1.0
d1723cb36e3e45bcb848b6af0911eea3	Unassigned	1.0
d18803eb2295fcfdf646ce1547a0311d	k__Fungi;p__Basidiomycota;c__Agaricomycetes;o__Atheliales;f__Atheliales_fam_Incertae_sedis;g__Athelicium;s__Athelicium_sp;sh__SH0012677.09FU	1.0
d18d817aa9bdbd8cd886e8c234f674a0	Unassigned	1.0
d1a3979f037b0ef62ff2eb4b60ba54e1	k__Fungi;p__Basidiomycota;c__Microbotryomycetes;o__Microbotryomycetes_ord_Incertae_sedis;f__Chrysozymaceae;g__Slooffia	0.75
d1a409f4b9d02a7aa8231f1920497a4c	Unassigned	1.0
d1c1306ad6049ec1cb51165c7741e187	Unassigned	1.0
d1c40c6645fce3b89d783b736bc520d3	k__Fungi;p__Ascomycota;c__Ascomycota_cls_Incertae_sedis;o__Ascomycota_ord_Incertae_sedis;f__Ascomycota_fam_Incertae_sedis;g__Ascomycota_gen_Incertae_sedis;s__Ascomycota_sp;sh__SH0049105.09FU	1.0
d1d478f6cf564cf2a6f2255095cd5596	Unassigned	1.0
d1d77dd36678fa33b09e06c980784e49	k__Fungi;p__Ascomycota;c__Leotiomycetes;o__Thelebolales	0.7
d1dc8e07456e484a5bc53b7f9b4c2ca0	Unassigned	1.0
d1f0cab4b31964f9889f691e7079dfde	Unassigned	1.0
d207ff9a46e8691107b837f4303499c6	Unassigned	1.0
d2112c61fd4be260943eba7146d40aa6	k__Fungi;p__Ascomycota;c__Eurotiomycetes;o__Chaetothyriales;f__Chaetothyriales_fam_Incertae_sedis;g__Chaetothyriales_gen_Incertae_sedis;s__Chaetothyriales_sp	0.7
d25f7ef96eb6058faf46e06e3f77d163	k__Fungi;p__Ascomycota;c__Sordariomycetes;o__Xylariales;f__Xylariales_fam_Incertae_sedis;g__Xylariales_gen_Incertae_sedis;s__Xylariales_sp;sh__SH0017693.09FU	1.0
d269b69f121041de82b65682a39b3938	k__Fungi;p__Ascomycota;c__Sordariomycetes;o__Diaporthales;f__Schizoparmaceae;g__Coniella;s__Coniella_sp	0.7
d293233cb0e0265338ee1b7c07ffcdfc	k__Fungi;p__Basidiomycota;c__Agaricomycetes;o__Agaricales;f__Hygrophoraceae;g__Cyphellostereum;s__Cyphellostereum_sp	0.75
d29506e8f2933908f7e35790ba0880a0	k__Fungi;p__Ascomycota;c__Dothideomycetes;o__Pleosporales;f__Didymellaceae	0.8
d2971dbb7e89001c369d0bd7a5b8d935	k__Fungi;p__Ascomycota;c__Dothideomycetes;o__Mycosphaerellales;f__Teratosphaeriaceae;g__Hyweljonesia;s__Hyweljonesia_indica;sh__SH0108536.09FU	1.0
d29ca193b340f0063e53ec2102459082	Unassigned	1.0
d29e141bad1e649d70d307ebaff63227	Unassigned	1.0
d2a2f6dfeefa1f6d335ec684678ddb37	k__Fungi;p__Ascomycota;c__Sordariomycetes;o__Hypocreales;f__Nectriaceae	0.9
d2aab35fd831aebd663710cfbf9e0894	Unassigned	1.0
d2aab485912ba255005db2c6e5f49006	k__Fungi;p__Ascomycota;c__Sordariomycetes;o__Hypocreales;f__Nectriaceae;g__Thelonectria	0.8
d2aecba99b1092ba75950a9edfc74c64	Unassigned	1.0
d2ba6e75d2c66f2101624fe9bc6b82e2	k__Fungi;p__Mucoromycota;c__Umbelopsidomycetes;o__Umbelopsidales;f__Umbelopsidaceae;g__Umbelopsis;s__Umbelopsis_sp	0.8
d2df96dfca04ed4025113e5e18b5598a	Unassigned	1.0
d2e6d0caa5e847571098ca267aa17b08	k__Fungi;p__Ascomycota;c__Sordariomycetes;o__Hypocreales	1.0
d2ef57e4fd174f1b22e0add15ae6804d	Unassigned	1.0
d2ff1ba8f5aefd545b43fa358a9eb9f4	Unassigned	1.0
d306f36ba74143ee42e3a4ff12440b63	k__Fungi;p__Ascomycota;c__Eurotiomycetes;o__Chaetothyriales;f__Chaetothyriales_fam_Incertae_sedis;g__Chaetothyriales_gen_Incertae_sedis;s__Chaetothyriales_sp	0.8
d30c2e7b401c7a6c9a6526fd117357ee	Unassigned	1.0
d312481b39e5359d68e07ec06930de4f	Unassigned	1.0
d322d8eee98d7dea325d78f590998b93	k__Fungi;p__Ascomycota;c__Saccharomycetes;o__Saccharomycetales;f__Debaryomycetaceae;g__Meyerozyma	0.833
d3291734240551df0f4344a9aecb5f36	Unassigned	1.0
d32a04126456f50403be3d02a4da7f27	k__Fungi;p__Ascomycota;c__Sordariomycetes;o__Xylariales;f__Xylariaceae;g__Xylaria	0.8
d341bec5566a2fae681bb95b28d7458e	Unassigned	1.0
d34e602e0fe66c8a5a00b3fda0cce20f	Unassigned	1.0
d3582cf0608161d369e90349318887c3	k__Fungi;p__Basidiomycota;c__Agaricomycetes;o__Polyporales;f__Meruliaceae	0.8
d35f215b8a4f8f47a6b2c99f1d923cc7	Unassigned	1.0
d383ae9c9ac787634ce3b81359a54490	Unassigned	1.0
d38568987711401d71fff6a30da511a0	Unassigned	1.0
d3ad3ae5cd875f128e822a518eb5886c	Unassigned	1.0
d3b630bb67a7a214e6d556f31792e196	k__Fungi;p__Ascomycota;c__Sordariomycetes;o__Hypocreales;f__Cordycipitaceae;g__Simplicillium	0.857
d3be1a57ac875e1107f5cb82fd6b05b3	k__Fungi;p__Basidiomycota;c__Tremellomycetes;o__Tremellales	1.0
d3d176620f15a90bfb1a8a98003010fc	Unassigned	1.0
d3ddbb85cb9dedd0ac22378331960fd1	Unassigned	1.0
d41327dc9477c41b2823377910e2b4b5	k__Fungi;p__Ascomycota;c__Eurotiomycetes;o__Chaetothyriales;f__Cyphellophoraceae;g__Cyphellophora	0.8
d41719fd18663801a09c1068df5e6c94	Unassigned	1.0
d4177513115972b3c0cfbcc138bd5249	k__Fungi;p__Ascomycota;c__Eurotiomycetes;o__Chaetothyriales;f__Cyphellophoraceae;g__Cyphellophora	0.8
d420119b9b67aa5ef4f66c29f131316e	k__Fungi;p__Ascomycota;c__Sordariomycetes;o__Hypocreales;f__Hypocreales_fam_Incertae_sedis;g__Sarocladium	0.6
d420704236a4390472fea3ad8592f210	Unassigned	1.0
d4215035850732f22434b9082e0dff3e	k__Fungi;p__Ascomycota;c__Dothideomycetes;o__Mycosphaerellales;f__Teratosphaeriaceae	0.8
d426956bc1b7786016b382f93d53475c	Unassigned	1.0
d42de394db51fc3a2497db92a79084c4	k__Fungi;p__Ascomycota;c__Eurotiomycetes;o__Chaetothyriales;f__Cyphellophoraceae;g__Cyphellophora;s__Cyphellophora_sp	1.0
d4350a0623ad5b863bea560777bd7e88	Unassigned	1.0
d451e5e0d0e616556cab9088ba011fe7	k__Fungi;p__Basidiomycota;c__Agaricomycetes;o__Cantharellales;f__Botryobasidiaceae;g__Botryobasidium	1.0
d4540e590ab4e50615330964a70d556f	Unassigned	1.0
d45795d2cbdf84f8118f95fbee59f488	Unassigned	1.0
d463c11386f0e7516255584091ad19a0	k__Fungi;p__Ascomycota;c__Dothideomycetes;o__Capnodiales;f__Cladosporiaceae	1.0
d47f49957ece32e0e31bb20021d8e271	Unassigned	1.0
d48d4ed90a0b21ac824175412a6dcb9a	Unassigned	1.0
d4a7e033a28f1999cb9b1b1a8a5a933e	k__Fungi;p__Ascomycota;c__Sordariomycetes	0.75
d4ac9781d55b2f7373a5cb95ab012725	Unassigned	1.0
d4c37c80425ee470de55e0558c343c6a	k__Fungi;p__Ascomycota;c__Orbiliomycetes;o__Orbiliales;f__Orbiliaceae;g__Orbilia	0.875
d4c719683699a55e2db4572d028ebe03	Unassigned	1.0
d4d281d9b454df430c968c301dd27302	Unassigned	1.0
d4db941d975f50124c0064e16baadaa5	Unassigned	1.0
d4eb281cd3ea14aaa97ef5e959429d65	k__Fungi;p__Ascomycota;c__Dothideomycetes;o__Pleosporales;f__Amorosiaceae;g__Amorocoelophoma;s__Amorocoelophoma_cassiae;sh__SH0058934.09FU	1.0
d514e06acb99e6b1ce8c05a6494ccff6	k__Fungi;p__Ascomycota;c__Dothideomycetes	1.0
d531249b60c9ef0c569f7b33ec0994ec	k__Fungi;p__Ascomycota;c__Lecanoromycetes;o__Lecanorales;f__Micareaceae;g__Micarea	1.0
d53c7f8cc7158987b0b1949efef10224	k__Fungi;p__Basidiomycota;c__Agaricomycetes;o__Cantharellales;f__Cantharellales_fam_Incertae_sedis;g__Cantharellales_gen_Incertae_sedis;s__Cantharellales_sp	1.0
d54b2ea31eb41a23902006eb119722a0	Unassigned	1.0
d5650f08d506f90c6f0d8884177b6db7	k__Fungi;p__Ascomycota;c__Dothideomycetes;o__Mycosphaerellales;f__Teratosphaeriaceae	1.0
d56de33b366cf977fe24366a505b08ff	k__Fungi;p__Ascomycota;c__Eurotiomycetes;o__Chaetothyriales;f__Herpotrichiellaceae;g__Cladophialophora;s__Cladophialophora_sp	0.9
d57e2071af88d935e93efa6c55e445cb	k__Fungi;p__Ascomycota;c__Sordariomycetes	1.0
d58b54291ee791eee81e125efdf82a99	Unassigned	1.0
d59446f95486088653ca38f1ab09b16e	Unassigned	1.0
d5ab359659ccdbf7be6f903ef52c7fb3	k__Fungi;p__Ascomycota;c__Dothideomycetes;o__Pleosporales	1.0
d5d8c4d2f931e34ac67165e5bf2507e2	k__Fungi;p__Ascomycota;c__Sordariomycetes;o__Hypocreales;f__Cordycipitaceae;g__Simplicillium	1.0
d5eb2c62d6dece81cd1adfdca255f632	Unassigned	1.0
d5eb60b0174c38a9452f3d15964e7e07	Unassigned	1.0
d629416baf9a064263c895df53d9c28f	k__Fungi;p__Ascomycota;c__Leotiomycetes;o__Helotiales	0.8
d62cfdacc57c7ff72c650dca6d6ea8c4	Unassigned	1.0
d62f1627ee48791668fe9d0bab939b17	Unassigned	1.0
d63cdff840fefcad41ddb340ed0aa83a	k__Fungi;p__Ascomycota;c__Orbiliomycetes;o__Orbiliales;f__Orbiliaceae;g__Orbilia	0.875
d63ff5e334a4b8fa36e5afae7ad00fcc	k__Fungi;p__Ascomycota;c__Lecanoromycetes	1.0
d647f821835d809e82f9138e2d49178a	k__Fungi;p__Ascomycota;c__Dothideomycetes	1.0
d660834262bef2a7566d4604bebffe3d	Unassigned	1.0
d671a14e80f32953199fec9fd590e654	k__Fungi;p__Ascomycota;c__Dothideomycetes;o__Mycosphaerellales;f__Mycosphaerellaceae	1.0
d685dbdbf75c59407e6f5a8a1de5cec5	k__Fungi;p__Ascomycota;c__Sordariomycetes;o__Hypocreales;f__Nectriaceae	0.9
d6891f6e41c31925a6d8ddee7a178c63	k__Fungi;p__Ascomycota;c__Orbiliomycetes;o__Orbiliales;f__Orbiliaceae;g__Orbiliaceae_gen_Incertae_sedis;s__Orbiliaceae_sp	1.0
d690e0b713b28056ba23cc297dd95f12	k__Fungi;p__Ascomycota;c__Sordariomycetes;o__Hypocreales;f__Cordycipitaceae;g__Simplicillium	1.0
d69a960693239efa77c9a957ad09ec25	k__Fungi;p__Ascomycota;c__Eurotiomycetes;o__Chaetothyriales;f__Chaetothyriales_fam_Incertae_sedis;g__Chaetothyriales_gen_Incertae_sedis;s__Chaetothyriales_sp;sh__SH0029389.09FU	1.0
d69df2826bdcdcdd0dd315c6ddc4e95f	Unassigned	1.0
d6ceba2250008155057377146754374c	Unassigned	1.0
d6d1349acad42d32d1d0357ad915d438	Unassigned	1.0
d6d495493a2b7e189a11cee023dc4d72	Unassigned	1.0
d6e0febbe8cdebcdc6dfc2151e36d644	Unassigned	1.0
d6ec96d6676b3ed19bc6c85822e5a90c	Unassigned	1.0
d6f185608ede5178597b55389b5c7827	Unassigned	1.0
d70a63118450b7592db6d962e085df7f	k__Fungi;p__Ascomycota;c__Eurotiomycetes;o__Chaetothyriales;f__Cyphellophoraceae;g__Cyphellophora	0.9
d730ed67be7cb280c6cf4e54f1b30ee1	k__Fungi;p__Ascomycota	1.0
d7385a59032a6230945f424f32c63972	k__Fungi;p__Ascomycota;c__Dothideomycetes;o__Mycosphaerellales;f__Mycosphaerellaceae	0.8
d73f700c2e8147a68ba8fbb6b8183334	Unassigned	1.0
d742cb4f5b7498e0d5402ab7f6ad2182	Unassigned	1.0
d754bd16c746574c56a0c0132c6fd54a	Unassigned	1.0
d76e95cecc6ddcf8edea8bb21aa0b7af	Unassigned	1.0
d77622b0a26e2a8757d0690972a000be	k__Fungi;p__Ascomycota;c__Leotiomycetes;o__Helotiales	0.75
d777f407cf35e7868487ca5a250a85c0	k__Fungi;p__Ascomycota;c__Dothideomycetes;o__Mycosphaerellales;f__Teratosphaeriaceae	0.6
d7798634b1ac11c96877d9417d9dd4b8	Unassigned	1.0
d77cca9ce257ffaa5b224499da6973d8	Unassigned	1.0
d789123427ff0b0ca6e04e8b84d0b335	k__Fungi;p__Ascomycota;c__Eurotiomycetes;o__Chaetothyriales;f__Herpotrichiellaceae;g__Capronia;s__Capronia_sp	0.667
d7c87b631d5dd84f395ac45fff07db38	k__Fungi;p__Ascomycota;c__Dothideomycetes;o__Mycosphaerellales;f__Mycosphaerellaceae	1.0
d7edcf332dc71f22c766a5a98dea3281	Unassigned	1.0
d7f01406c94601ca7dafda1e0fc826a0	k__Fungi;p__Ascomycota;c__Sordariomycetes;o__Chaetosphaeriales;f__Chaetosphaeriaceae;g__Neopseudolachnella;s__Neopseudolachnella_uniseptata;sh__SH0114515.09FU	1.0
d7f0309dc185b45ce71d5df4519123fa	k__Fungi;p__Ascomycota;c__Dothideomycetes;o__Capnodiales;f__Capnodiales_fam_Incertae_sedis;g__Capnodiales_gen_Incertae_sedis;s__Capnodiales_sp;sh__SH0138455.09FU	1.0
d7f1ac4f338b005a9dc8e39cb6c76679	Unassigned	1.0
d80ad8077fe87c9dd24a7c8f5d516732	Unassigned	1.0
d81c68ffab7be42ce61623383eebbee5	k__Fungi;p__Ascomycota;c__Eurotiomycetes;o__Chaetothyriales;f__Herpotrichiellaceae;g__Cladophialophora	0.6
d8212d4887a7949f3a8b37383325cc8c	k__Fungi;p__Basidiomycota;c__Cystobasidiomycetes	1.0
d87eb33bd767ba18062c8768dea959f7	k__Fungi;p__Ascomycota;c__Lecanoromycetes;o__Peltigerales;f__Lobariaceae;g__Pseudocyphellaria;s__Pseudocyphellaria_pilosella;sh__SH0051566.09FU	1.0
d887de2c25fb448b2bb2e91d89268fd7	Unassigned	1.0
d8b30c1e92fcd22fb4ed6b8ed9a7b34c	Unassigned	1.0
d8bb2c7ca29bc0dc24dfdf1ad1a608d7	k__Fungi;p__Basidiomycota;c__Agaricomycetes;o__Polyporales;f__Phanerochaetaceae	0.7
d8bccc9eac2d780588cb07b88f2809cc	k__Fungi;p__Basidiomycota;c__Agaricomycetes;o__Thelephorales;f__Thelephoraceae;g__Tomentella;s__Tomentella_sp	1.0
d8be8434338dade090182b477cdf1be3	k__Fungi;p__Basidiomycota;c__Tremellomycetes;o__Filobasidiales;f__Piskurozymaceae;g__Piskurozyma;s__Piskurozyma_sp;sh__SH0007380.09FU	1.0
d8cbdca79bdec5d52a9d2ebfffcc83a8	Unassigned	1.0
d8d02642507d8173f142bac745106ce2	k__Fungi;p__Ascomycota	1.0
d8dc10513780effd1a581b9003f07907	k__Fungi;p__Ascomycota;c__Dothideomycetes;o__Mycosphaerellales;f__Teratosphaeriaceae	0.8
d8e692c4b8c230890e8630cf5b05b4dc	Unassigned	1.0
d92d2709020d3b83b1f26ace12de8b51	Unassigned	1.0
d932f7a799f6702945571b94bfce8432	k__Fungi;p__Ascomycota;c__Lecanoromycetes;o__Peltigerales;f__Pannariaceae;g__Pannariaceae_gen_Incertae_sedis;s__Pannariaceae_sp;sh__SH0067353.09FU	1.0
d93d5f853c7d34eed92cc64942c6630a	k__Fungi;p__Ascomycota;c__Eurotiomycetes;o__Chaetothyriales;f__Herpotrichiellaceae;g__Exophiala	0.6
d943043a905e8ea2df8d404e4a14ec69	Unassigned	1.0
d945e813bda0eb65ee9db91ec15d63ea	Unassigned	1.0
d94acc56e995de4b5351dd5b6a921fc5	k__Fungi;p__Ascomycota;c__Dothideomycetes;o__Mycosphaerellales;f__Teratosphaeriaceae	1.0
d94d0327af6a6f6fecc5ab23bc69ae0c	k__Fungi;p__Ascomycota;c__Leotiomycetes;o__Helotiales	0.8
d95137d67b525eb5d242ba70ce834318	k__Fungi;p__Ascomycota;c__Dothideomycetes;o__Pleosporales;f__Melanommataceae;g__Sporidesmiella	1.0
d95e3e3767ec2b6e80470bf3fcb16686	Unassigned	1.0
d969a2b4ceb8722b7d251a8998163f7e	Unassigned	1.0
d987eb2e71b5c508bcba4798a4317239	Unassigned	1.0
d9b679289beae199def6ef3f8fbe1e1f	k__Fungi;p__Basidiomycota;c__Agaricomycetes;o__Polyporales	0.909
d9c8462c05936ad441e5e9cb7920e5c9	k__Fungi;p__Ascomycota;c__Eurotiomycetes;o__Chaetothyriales;f__Herpotrichiellaceae;g__Exophiala;s__Exophiala_sp	0.6
d9c904944508d4b2995dc77d53b30b5a	k__Fungi;p__Ascomycota;c__Sordariomycetes;o__Sordariomycetes_ord_Incertae_sedis;f__Sordariomycetes_fam_Incertae_sedis;g__Sordariomycetes_gen_Incertae_sedis;s__Sordariomycetes_sp;sh__SH0052905.09FU	1.0
d9d2a74cb342d20433d61153f4697174	k__Fungi;p__Basidiomycota;c__Microbotryomycetes	1.0
da0d8b92de3a0c0f3fba89c2c3ea7ec7	Unassigned	1.0
da1c162b8973e9e9190ada054ba84e30	k__Fungi;p__Ascomycota;c__Dothideomycetes;o__Pleosporales	1.0
da2072506023993030dc307e1bf760a7	Unassigned	1.0
da23e928824d4b48949062b1fbbc18e9	k__Fungi;p__Ascomycota;c__Dothideomycetes;o__Mycosphaerellales;f__Mycosphaerellaceae	1.0
da23eb295eaaec72b08481083904ea50	k__Fungi;p__Olpidiomycota;c__Olpidiomycota_cls_Incertae_sedis;o__Olpidiomycota_ord_Incertae_sedis;f__Olpidiomycota_fam_Incertae_sedis;g__Olpidiomycota_gen_Incertae_sedis;s__Olpidiomycota_sp;sh__SH0039087.09FU	1.0
da37878e8536e26635a84edc003644c2	Unassigned	1.0
da42fa4e077cd57624071bc765233b31	Unassigned	1.0
da5777e081520333d52a3e2ec45b8591	Unassigned	1.0
da64c0d37446a28343506966cd19d40c	Unassigned	1.0
da7cfcbf58886c175ef5c85c5e7c1353	Unassigned	1.0
da7d862292bc859248c5791e82b7a5ca	k__Fungi;p__Ascomycota;c__Leotiomycetes;o__Helotiales	1.0
da84493534be5112ca11954bd014b3d6	Unassigned	1.0
da8547a34ed5c9bb2ef833b901995f44	Unassigned	1.0
daa423cc1e06e9f1da180839d8f44583	Unassigned	1.0
daa458e098998dab20230b0d05cd52e2	Unassigned	1.0
daa79a53fed122800446d76f6a8216d6	k__Fungi;p__Ascomycota;c__Dothideomycetes;o__Pleosporales;f__Teichosporaceae	1.0
dadcad8ab5456c046824a572df6390c4	k__Fungi;p__Basidiomycota;c__Tremellomycetes;o__Cystofilobasidiales;f__Mrakiaceae;g__Krasilnikovozyma	0.75
daf74088d40ddd59e7eceef531fde193	k__Fungi;p__Ascomycota;c__Eurotiomycetes;o__Chaetothyriales;f__Herpotrichiellaceae;g__Cladophialophora;s__Cladophialophora_sp	1.0
db0c8c5ad50da0c88c88b5f4ad2e6e23	Unassigned	1.0
db0c8d648b32d14f38d8bc1861088a0c	Unassigned	1.0
db52d36a20cde3a78faaf6b2e75ebde0	k__Fungi;p__Chytridiomycota;c__Chytridiomycota_cls_Incertae_sedis;o__Chytridiomycota_ord_Incertae_sedis;f__Chytridiomycota_fam_Incertae_sedis;g__Chytridiomycota_gen_Incertae_sedis;s__Chytridiomycota_sp;sh__SH0008022.09FU	1.0
db682ee1bb3271ad4550f6607c0e5056	k__Fungi;p__Mortierellomycota;c__Mortierellomycetes;o__Mortierellales;f__Mortierellaceae;g__Mortierella	0.8
db6a18a83790f32b6a92b58b40fca3dc	k__Fungi;p__Basidiomycota;c__Agaricomycetes;o__Agaricales;f__Physalacriaceae;g__Cylindrobasidium;s__Cylindrobasidium_evolvens;sh__SH0225903.09FU	1.0
db6f080f9d333f10f4946c10a1667a06	Unassigned	1.0
db7a39fefd7458fcaa8e5344c4d5029d	k__Fungi;p__Ascomycota;c__Sordariomycetes;o__Xylariales;f__Graphostromataceae;g__Biscogniauxia	0.6
dbb2f96dfcccd89b4b9dbad7cd169f80	Unassigned	1.0
dbe972bae834cdb074c8f8d44a01a7f7	k__Fungi;p__Ascomycota;c__Orbiliomycetes;o__Orbiliales;f__Orbiliaceae;g__Orbiliaceae_gen_Incertae_sedis;s__Orbiliaceae_sp;sh__SH0015746.09FU	1.0
dbfd352436c205e8cbc9992869f74da6	k__Fungi;p__Ascomycota;c__Dothideomycetes;o__Venturiales;f__Sympoventuriaceae;g__Sympoventuriaceae_gen_Incertae_sedis;s__Sympoventuriaceae_sp;sh__SH0044438.09FU	1.0
dc138c9f01e1e191813d4e9f1b078797	Unassigned	1.0
dc1e9db37e8a5c3d97aacc462622152a	Unassigned	1.0
dc37587cde7862df8d0a747616a1ae4f	Unassigned	1.0
dc3b4ba032b658d2e42e04a50f928bf2	k__Fungi;p__Ascomycota;c__Leotiomycetes;o__Helotiales	1.0
dc3ef3244625178d3a56cf7941629df6	Unassigned	1.0
dc66da64f48a1370aaad26cb4d059553	k__Fungi;p__Ascomycota;c__Dothideomycetes;o__Pleosporales;f__Dictyosporiaceae	0.6
dc8d8445e6e02511e2cb1546a8d843b8	Unassigned	1.0
dca98c0c5a3fe89492444f2125ad89d7	k__Fungi;p__Basidiomycota;c__Agaricomycetes;o__Tremellodendropsidales;f__Tremellodendropsidales_fam_Incertae_sedis;g__Tremellodendropsidales_gen_Incertae_sedis;s__Tremellodendropsidales_sp	0.9
dcc33e5609dee2a0c404744531f42176	Unassigned	1.0
dce11e609155094d3fad74e9b189b688	k__Fungi;p__Ascomycota;c__Dothideomycetes;o__Mycosphaerellales;f__Mycosphaerellaceae;g__Scleroramularia	1.0
dcebd63f0b34e0ec98348c56a9027556	Unassigned	1.0
dcffd9fea5dd2794f5bea9213a43f5c1	k__Fungi;p__Ascomycota	1.0
dd550a2030aa6c997e4086b2039d24bc	Unassigned	1.0
dd57d2404dbf430dcddce5acf2c285d3	Unassigned	1.0
dd862162aa96e3a71a0806c23939fa5a	k__Fungi;p__Basidiomycota;c__Agaricomycetes;o__Agaricales;f__Strophariaceae;g__Deconica	0.6
dd8bd25fff8052d226f0c67744b62442	Unassigned	1.0
dd9193c39b52e4d05e04c38f0a1a76af	Unassigned	1.0
dd96cc39a03b5a5989a6d18d29307393	k__Fungi;p__Ascomycota;c__Sordariomycetes;o__Hypocreales;f__Nectriaceae;g__Fusarium	0.7
dd9e0e0737e69584ef45f969156d70a4	k__Fungi;p__Ascomycota;c__Sordariomycetes;o__Hypocreales	1.0
dda06e553dcbb23e1e2d0db37c737912	Unassigned	1.0
ddd3d473b5db881275ebb46ebc2462b2	k__Fungi;p__Basidiomycota;c__Exobasidiomycetes;o__Tilletiales;f__Tilletiaceae;g__Conidiosporomyces;s__Conidiosporomyces_ayresii;sh__SH0214153.09FU	1.0
dde5694f7340cacbe8f774cd51cf0341	Unassigned	1.0
ddeb334ae7c89059959ee10007b0c907	Unassigned	1.0
ddf39a3c7681238b956e421e4d178a6d	Unassigned	1.0
de3289f9afe20378c21c54505015a17e	Unassigned	1.0
de43cdc6fc83194a4d1d92ee34754c3a	k__Fungi;p__Basidiomycota;c__Agaricomycetes;o__Russulales;f__Peniophoraceae;g__Peniophora;s__Peniophora_sp	1.0
de46eea27e060f1c5570794e7d05384d	k__Fungi;p__Ascomycota;c__Sordariomycetes;o__Hypocreales;f__Cordycipitaceae;g__Simplicillium	0.857
de4b5845b44f160cfc6d6b26737e57a7	k__Fungi;p__Ascomycota;c__Dothideomycetes;o__Mycosphaerellales	0.9
de545c75f7d5e6a9a9c361a8a150d66d	Unassigned	1.0
de57ff23168d4f0fa5aad122bf1597fa	k__Fungi;p__Ascomycota;c__Dothideomycetes;o__Mycosphaerellales	1.0
de715bf283ed75eba50b5c5c5d4d164a	Unassigned	1.0
de851812d5d6d94fbfc564af98b877e5	Unassigned	1.0
deba11f0c143ef0971b9e7f9902880ba	Unassigned	1.0
debb7e986315a76838ada4ff537142b6	k__Fungi;p__Ascomycota;c__Dothideomycetes;o__Mycosphaerellales;f__Teratosphaeriaceae;g__Teratosphaeriaceae_gen_Incertae_sedis;s__Teratosphaeriaceae_sp	0.9
dedee8c0ac36c53dcdbab0d46622b35e	Unassigned	1.0
dee426c711b382338679ae63cbb4f432	k__Fungi;p__Ascomycota;c__Dothideomycetes;o__Mycosphaerellales;f__Teratosphaeriaceae	0.9
df0042f7ffb5d46bd34f7c120a755861	Unassigned	1.0
df10050595b9553eb16236a4d519def9	k__Fungi;p__Ascomycota;c__Sordariomycetes;o__Xylariales;f__Xylariales_fam_Incertae_sedis;g__Paraidriella;s__Paraidriella_jambosae;sh__SH0112283.09FU	1.0
df14709c71b75e9811f17427c1b843f2	k__Fungi;p__Ascomycota;c__Dothideomycetes;o__Zeloasperisporiales;f__Zeloasperisporiaceae;g__Zeloasperisporium;s__Zeloasperisporium_sp;sh__SH0072066.09FU	1.0
df27a1e018450a3c32cf8e97d2ddf738	Unassigned	1.0
df3d5da9240b74d897fbe3224d6c6ad0	Unassigned	1.0
df55383f96205b843c0c4758af5fdbd9	Unassigned	1.0
df5d0b01f4489eeb74625db08e9e29af	k__Fungi;p__Ascomycota;c__Saccharomycetes;o__Saccharomycetales;f__Saccharomycetaceae;g__Zygosaccharomyces;s__Zygosaccharomyces_rouxii	1.0
df7cde79c153f0fb3d5ebf0c438c8d71	Unassigned	1.0
df8037bc00c9b36d608ad08d4bdb0670	Unassigned	1.0
df8cb5efc3f13e30eed61193703cc04b	Unassigned	1.0
dfb7eaf270f9d34946dbd0f7acebaf59	k__Fungi;p__Ascomycota;c__Sordariomycetes;o__Hypocreales;f__Hypocreales_fam_Incertae_sedis;g__Acremonium	0.571
dfc53afaa12c8d19faec62030ac4fd20	Unassigned	1.0
dfc863a17fd5f54d4b49562159bb6642	Unassigned	1.0
dfdd0c13b31f8a17e42a687fdf3a5830	Unassigned	1.0
dfea74a823fc6dfaf4db0ac832dd17b5	Unassigned	1.0
dfec98ca0d542e898bdb3f2ad375fefa	k__Fungi;p__Ascomycota;c__Dothideomycetes;o__Mycosphaerellales	1.0
dfef8487852dd5bb5bcfbf8bc8689a9a	Unassigned	1.0
dff2a3bd5168bd2b26def4f9f76541a3	Unassigned	1.0
dfff21d59ec02d1d60e40fb29e70c6fe	k__Fungi;p__Ascomycota;c__Lecanoromycetes;o__Lecanorales;f__Ramalinaceae;g__Bacidina	0.7
e00c5eeb7488cbd180ccee1a298491ca	k__Fungi;p__Ascomycota;c__Sordariomycetes;o__Xylariales;f__Sporocadaceae	0.9
e00dfa4b7d953da675c862acdb07c1d5	Unassigned	1.0
e0193a974666f38b6e8182d38d4d29fa	k__Fungi;p__Ascomycota;c__Sordariomycetes;o__Hypocreales;f__Hypocreales_fam_Incertae_sedis;g__Acremonium	1.0
e01c49f984fc8a2d376ee24ae5de82e2	Unassigned	1.0
e05ca1601a3f24aab503df8b3ac04024	k__Fungi;p__Ascomycota;c__Lecanoromycetes;o__Lecanorales;f__Micareaceae;g__Micarea;s__Micarea_melaena;sh__SH0183115.09FU	1.0
e08690b7b0114cff3cc52acd19985099	k__Fungi;p__Basidiomycota;c__Agaricomycetes;o__Agaricales;f__Hygrophoraceae;g__Dictyonema;s__Dictyonema_sp	0.7
e0f5407fcd4e380f6c8487d076a26715	k__Fungi;p__Ascomycota;c__Eurotiomycetes;o__Chaetothyriales;f__Herpotrichiellaceae;g__Cladophialophora;s__Cladophialophora_sp	0.8
e0fbc3546c596dcfce82a2525aa22eb5	Unassigned	1.0
e100a7d7e3fcd30d457145d61151c8d1	k__Fungi;p__Ascomycota;c__Dothideomycetes;o__Mycosphaerellales;f__Teratosphaeriaceae	0.75
e1059429f3c17ffddbe6463d0a1de20a	k__Fungi;p__Basidiomycota;c__Agaricomycetes;o__Trechisporales;f__Hydnodontaceae;g__Fibrodontia	1.0
e153a8bd69808ca18dbab0cd41f9bbf8	Unassigned	1.0
e19f7083dbe89a73958533a14d1898ad	k__Fungi;p__Ascomycota;c__Eurotiomycetes;o__Chaetothyriales	0.667
e1a046861643d8252346ca92468e08d8	Unassigned	1.0
e1bb8e584c84e589744ae2e6a4bb2f61	Unassigned	1.0
e1bcacd2097f826f0d220c049798025d	Unassigned	1.0
e1c2094707f9b1cbd5a269a375245943	k__Fungi;p__Ascomycota;c__Lecanoromycetes;o__Lecanorales;f__Ramalinaceae;g__Bacidia;s__Bacidia_hyalina;sh__SH0013885.09FU	1.0
e1d8d8fb1831ec70ad7b9e15b0394b15	Unassigned	1.0
e1dfcfe8598a5be6e0a870eeca444400	Unassigned	1.0
e1eb3e40399f2e640d82db080c12d88e	Unassigned	1.0
e1eb944bb98f7e64d563a9de3911016f	Unassigned	1.0
e20b06c84b36d008421c778cb3004177	k__Fungi;p__Ascomycota;c__Sordariomycetes;o__Xylariales;f__Beltraniaceae	0.6
e20e8fd0f3f66fe973f6ad253a4582ef	k__Fungi;p__Ascomycota;c__Leotiomycetes;o__Helotiales;f__Hyaloscyphaceae	0.6
e221bea6586759c9b9ac5855f83fab30	Unassigned	1.0
e22ad69d43905a4c66fc2abc2a74b524	Unassigned	1.0
e25a35065e238d42fec3d9058dfedc4f	Unassigned	1.0
e26409361f6615e88fcf4e14d4877780	k__Fungi;p__Basidiomycota;c__Agaricomycetes;o__Polyporales;f__Meruliaceae	0.8
e28561dcf8a2f9553df8a4b7cee47c3e	Unassigned	1.0
e2967d54fc3ecd02a2986ace94260692	Unassigned	1.0
e2ba3f320b799fda4e61f03004d9425d	Unassigned	1.0
e2ecb4dc4e9c60f285c0022153b902e1	k__Fungi;p__Ascomycota;c__Leotiomycetes;o__Helotiales;f__Helotiaceae	0.7
e30310f8df1654e27124a2c998b03104	k__Fungi;p__Ascomycota;c__Eurotiomycetes;o__Chaetothyriales	1.0
e31af2ea6b190edea612d8e23b26f2a7	k__Fungi;p__Basidiomycota;c__Tremellomycetes;o__Filobasidiales;f__Filobasidiaceae;g__Heterocephalacria;s__Heterocephalacria_sp	0.75
e31b184fd000da821ca881700662515b	Unassigned	1.0
e33911b1b542244f3d167f0a7c55004c	Unassigned	1.0
e35d0bb61681d292264b99620fb01a6a	k__Fungi;p__Basidiomycota;c__Agaricomycetes;o__Trechisporales;f__Hydnodontaceae;g__Trechispora;s__Trechispora_sp	0.8
e36a9c8b33747e7e0dbb6005f9460e4d	k__Fungi;p__Ascomycota;c__Dothideomycetes;o__Capnodiales;f__Capnodiales_fam_Incertae_sedis;g__Capnodiales_gen_Incertae_sedis;s__Capnodiales_sp	0.667
e381b236b0551087c55fa66c80db0932	k__Fungi;p__Ascomycota;c__Sordariomycetes;o__Hypocreales	1.0
e385538ea2c0be20a83eba646ac2d2f8	k__Fungi;p__Basidiomycota;c__Agaricomycetes;o__Agaricales;f__Entolomataceae;g__Clitopilus;s__Clitopilus_sp	0.7
e3891cc429f5dd20f7ac98f0754feb3a	Unassigned	1.0
e38c244108ea9f22d803d9693a47a8df	Unassigned	1.0
e3963293ea0713aede7763455fc7e466	Unassigned	1.0
e3a3936b39cd87f15ff7ebdba793ba66	Unassigned	1.0
e3b1b64e081b8b479eb572162d970454	Unassigned	1.0
e3b72549e09b5f64a3209faa6b2e4482	Unassigned	1.0
e3c89ff5d18e9db5fe3365a3eac1b478	Unassigned	1.0
e3db1dae2e00255794afbc547954c865	k__Fungi;p__Ascomycota;c__Dothideomycetes;o__Mycosphaerellales;f__Teratosphaeriaceae;g__Teratosphaeriaceae_gen_Incertae_sedis;s__Teratosphaeriaceae_sp	1.0
e3ddb127d624812c531e9337055fcf33	k__Fungi;p__Ascomycota;c__Dothideomycetes;o__Hysteriales;f__Hysteriaceae;g__Hysterium;s__Hysterium_sp	1.0
e3ebf5efc3bb1f804f0413b322c550c6	k__Fungi;p__Basidiomycota;c__Agaricomycetes;o__Trechisporales;f__Hydnodontaceae;g__Tubulicium;s__Tubulicium_sp;sh__SH0028098.09FU	1.0
e3f9a1167944793ba7b6caca06aad4b4	Unassigned	1.0
e417fa45ba1bce04b93a84086ae9b0fe	k__Fungi;p__Basidiomycota;c__Agaricomycetes;o__Trechisporales;f__Trechisporales_fam_Incertae_sedis;g__Trechisporales_gen_Incertae_sedis;s__Trechisporales_sp	1.0
e428d9855f1f35ac0aaa14d9ebd2c260	k__Fungi;p__Basidiomycota;c__Agaricomycetes;o__Cantharellales;f__Ceratobasidiaceae;g__Ceratobasidium;s__Ceratobasidium_sp	0.7
e42c5d5b7fe768141692db95730c5fb1	Unassigned	1.0
e42ee2ec8e263f71c9cafb84ff0d77b7	Unassigned	1.0
e461629a0b9a82596ce8b83058aea6fb	k__Fungi;p__Ascomycota;c__Leotiomycetes;o__Helotiales	0.7
e4755fbaa5683a6b5a921aa969233254	Unassigned	1.0
e4834510834a26a9bd74c3fde9064217	k__Fungi;p__Ascomycota;c__Leotiomycetes;o__Helotiales	0.7
e4961c947a523038488df836261287a4	k__Fungi;p__Ascomycota;c__Dothideomycetes;o__Muyocopronales;f__Muyocopronaceae;g__Mycoleptodiscus;s__Mycoleptodiscus_sp	0.8
e4a226d98f95d23e0fe79a242cb10eb7	k__Fungi;p__Ascomycota;c__Dothideomycetes;o__Dothideomycetes_ord_Incertae_sedis;f__Dothideomycetes_fam_Incertae_sedis;g__Dothideomycetes_gen_Incertae_sedis;s__Dothideomycetes_sp;sh__SH0024292.09FU	1.0
e4b2f5702348532fdf8820536a80d84a	k__Fungi;p__Ascomycota;c__Eurotiomycetes;o__Chaetothyriales;f__Trichomeriaceae;g__Brycekendrickomyces;s__Brycekendrickomyces_acaciae;sh__SH0125364.09FU	1.0
e4f56172d4327a4cf87787af99811397	k__Fungi;p__Ascomycota;c__Sordariomycetes;o__Hypocreales;f__Nectriaceae	0.9
e4fce44843eb2191e30e4945997f0064	k__Fungi;p__Basidiomycota;c__Agaricomycetes;o__Sebacinales;f__Sebacinaceae;g__Sebacina;s__Sebacina_sp	1.0
e5156ff7c1bcda9e7e4c9b722c936bb2	Unassigned	1.0
e5449fdb36a8f5272b5abaf13fa82766	k__Fungi;p__Ascomycota;c__Dothideomycetes;o__Mycosphaerellales;f__Teratosphaeriaceae	0.667
e546a8e7ca595368287b4df92293bb4c	Unassigned	1.0
e5596568740d19f17cc641fa26416cc2	k__Fungi;p__Ascomycota;c__Dothideomycetes;o__Mycosphaerellales;f__Mycosphaerellaceae	1.0
e55f8106c1d52c946069af06804789d4	k__Fungi;p__Basidiomycota;c__Agaricomycetes;o__Agaricales;f__Psathyrellaceae;g__Coprinellus	0.7
e56eb42d62f094a75cfd2843b7aa0c9e	Unassigned	1.0
e57502f0999f1e543a28fc17ea3f8c00	k__Fungi;p__Ascomycota;c__Dothideomycetes;o__Mycosphaerellales;f__Mycosphaerellaceae	1.0
e5849c55b6c62b93e1c2724be49c867f	k__Fungi;p__Ascomycota;c__Sordariomycetes;o__Hypocreales;f__Nectriaceae	0.9
e589a2779e0d218756419818cbf77b68	k__Fungi;p__Ascomycota;c__Dothideomycetes;o__Pleosporales;f__Phaeosphaeriaceae;g__Ophiosphaerella;s__Ophiosphaerella_sp	0.625
e58f774015b14806ab32fd55bd6d7e46	k__Fungi;p__Basidiomycota;c__Agaricomycetes;o__Trechisporales;f__Trechisporales_fam_Incertae_sedis;g__Trechisporales_gen_Incertae_sedis;s__Trechisporales_sp	1.0
e59c51cae1820c7e671cde8f03c9ee83	k__Fungi;p__Basidiomycota;c__Tremellomycetes;o__Filobasidiales;f__Piskurozymaceae	0.6
e5a339aa68069d711edfce5c829a557d	k__Fungi;p__Basidiomycota;c__Agaricomycetes;o__Cantharellales;f__Hydnaceae;g__Sistotrema;s__Sistotrema_sp	0.778
e5ab90be43207483bacdc297e78244ee	Unassigned	1.0
e5ba4331cc329cabec2b13823ef8e7ad	Unassigned	1.0
e5c387e0ec44ca55ecf7c19689cf8dfe	Unassigned	1.0
e5c560a96b2bb338ada474b5fac827a6	Unassigned	1.0
e5cd062d63a71d15e1f666da3ea7be69	Unassigned	1.0
e5d38caff50184fab870a13195f10cd9	Unassigned	1.0
e601a5a3a3a14c5a87267598c94a1ba1	k__Fungi;p__Ascomycota;c__Dothideomycetes;o__Tubeufiales;f__Tubeufiaceae;g__Tubeufiaceae_gen_Incertae_sedis;s__Tubeufiaceae_sp	0.8
e6080502ba687a9edf6fa0c2bd0c9778	Unassigned	1.0
e629baa3b546706fe434e489557c9cc5	Unassigned	1.0
e64f42f360ff28e07eb9a0a42dec7701	Unassigned	1.0
e6574f647c698d241a4c5c9a4e17011b	k__Fungi;p__Ascomycota;c__Eurotiomycetes;o__Eurotiales;f__Aspergillaceae;g__Penicillium;s__Penicillium_sp	0.667
e65d6d84fc01d6e9a97e42bc7bba20bb	k__Fungi;p__Ascomycota;c__Sordariomycetes;o__Xylariales;f__Xylariaceae;g__Annulohypoxylon	1.0
e660d68cdd087a4a61c024a7b741ca9d	Unassigned	1.0
e66788d4ac761566be551933c2129a38	k__Fungi;p__Ascomycota;c__Eurotiomycetes;o__Chaetothyriales;f__Herpotrichiellaceae;g__Cladophialophora;s__Cladophialophora_sp	0.8
e6683bb3186163707e6918d418231612	Unassigned	1.0
e67029ca13ed29691fbf86e6a0ccb7fe	Unassigned	1.0
e6813b0ab4f17b147be887a716d14da0	Unassigned	1.0
e6838e91d2e5bac74140c4f827fec432	Unassigned	1.0
e693759c01a84d98e7242ecfd2c92d5c	Unassigned	1.0
e699fba1da262aef704bc0fdedb24ef1	k__Fungi;p__Ascomycota;c__Eurotiomycetes;o__Chaetothyriales;f__Herpotrichiellaceae	0.571
e69cb93e3cd21e6ca1af578bd06532f1	Unassigned	1.0
e6d561954f1e3633ce9f2963ea50385c	k__Fungi;p__Ascomycota;c__Sordariomycetes;o__Hypocreales	1.0
e6d5e63ee0735d97102b8ab0f46e8448	k__Fungi;p__Ascomycota;c__Sordariomycetes;o__Glomerellales;f__Plectosphaerellaceae	1.0
e6fc7b6fe05cbdd73a4d5f50643f8e88	Unassigned	1.0
e70f648f22545702912cf1fba55e9a82	k__Fungi;p__Ascomycota;c__Leotiomycetes;o__Helotiales;f__Helotiaceae	0.6
e7191dfe255028b34d8ceec609c8affc	k__Fungi;p__Basidiomycota;c__Cystobasidiomycetes	1.0
e71f8d1a1c8fffca129544c96e5993ab	Unassigned	1.0
e72ee6eaca0e7398d9c49dda6faeb75d	k__Fungi;p__Ascomycota;c__Sordariomycetes;o__Hypocreales	1.0
e73eb077db89df16ce202445a2562bcf	k__Fungi;p__Ascomycota;c__Eurotiomycetes;o__Chaetothyriales;f__Herpotrichiellaceae;g__Capronia;s__Capronia_sp;sh__SH0044024.09FU	1.0
e75a116f9896bc5f750a1a0427666e7b	k__Fungi;p__Ascomycota;c__Eurotiomycetes;o__Chaetothyriales;f__Chaetothyriales_fam_Incertae_sedis;g__Chaetothyriales_gen_Incertae_sedis;s__Chaetothyriales_sp	0.571
e76f5c47454b7b85d02214c0f8bcfc6a	k__Fungi;p__Ascomycota;c__Sordariomycetes;o__Togniniales;f__Togniniaceae;g__Phaeoacremonium;s__Phaeoacremonium_sp	1.0
e7aa6fd484e238ae704cb30b30bc0172	k__Fungi;p__Ascomycota;c__Sordariomycetes;o__Xylariales;f__Amphisphaeriaceae;g__Microdochium;s__Microdochium_sp;sh__SH0032221.09FU	1.0
e7b72cb5ed2f69ef93fc8d49c444fc46	Unassigned	1.0
e7d32b367b83f3b6fed03332dfb6b0b1	Unassigned	1.0
e7eb3a6cdbb88627b5456a7384e6f8b0	Unassigned	1.0
e80a399e32da06dd7c1ea2c6812288b6	k__Fungi;p__Ascomycota;c__Sordariomycetes;o__Hypocreales;f__Cordycipitaceae	1.0
e81c06441d0daf51872485bcdc9a0453	Unassigned	1.0
e81fd58ac0594256ff6d143bea574278	k__Fungi;p__Ascomycota;c__Eurotiomycetes;o__Chaetothyriales;f__Cyphellophoraceae;g__Cyphellophora	0.8
e820b6f77f98c2f8774f8e0b8a258310	k__Fungi;p__Ascomycota;c__Eurotiomycetes;o__Chaetothyriales;f__Cyphellophoraceae;g__Cyphellophora;s__Cyphellophora_sp	0.9
e82281aee2c59bc133a7e09653b7b736	k__Fungi	1.0
e83af52ad2da2cfaf177459a114abacc	Unassigned	1.0
e83d051dc3c0bd8d0fec2642b88bbcce	Unassigned	1.0
e8431e562e1024262f2e753cb10335c2	k__Fungi;p__Ascomycota;c__Sordariomycetes;o__Hypocreales	1.0
e85ef1f8359639243ca558ebadfce063	k__Fungi;p__Ascomycota;c__Sordariomycetes;o__Sordariomycetes_ord_Incertae_sedis;f__Sordariomycetes_fam_Incertae_sedis;g__Paradiplococcium;s__Paradiplococcium_singulare;sh__SH0136522.09FU	1.0
e86717fa52cd6fede8676307690722ef	Unassigned	1.0
e8740ec1ccba794960c200e7c48e4a20	k__Fungi;p__Ascomycota;c__Dothideomycetes;o__Botryosphaeriales;f__Botryosphaeriales_fam_Incertae_sedis;g__Botryosphaeriales_gen_Incertae_sedis;s__Botryosphaeriales_sp;sh__SH0062437.09FU	1.0
e8840ca7b5e71704c02435c0fc9adb47	k__Fungi;p__Ascomycota;c__Dothideomycetes;o__Mycosphaerellales;f__Teratosphaeriaceae;g__Teratosphaeria	1.0
e8911fa78eef3ab36c7abdd6156e80cb	k__Fungi;p__Basidiomycota;c__Agaricomycetes;o__Boletales;f__Serpulaceae;g__Serpula;s__Serpula_himantioides;sh__SH0013150.09FU	1.0
e8a34ebf86c1aec347afbf209c95062f	k__Fungi;p__Ascomycota;c__Dothideomycetes;o__Tubeufiales	1.0
e8d0a1293f2f61300d1522dc265474a7	k__Fungi;p__Ascomycota;c__Dothideomycetes;o__Mycosphaerellales;f__Teratosphaeriaceae	0.8
e8f7eb09d772856303806ad190e543ee	Unassigned	1.0
e91800ef9cd5d6257553f17c8144b147	Unassigned	1.0
e92b9c4f7dedbed9ddff8fb9ae7e17cf	k__Fungi;p__Ascomycota;c__Dothideomycetes;o__Mycosphaerellales;f__Mycosphaerellaceae	0.9
e9348ba16e41d4c4e912d5525a3db241	k__Fungi;p__Ascomycota;c__Leotiomycetes;o__Helotiales	1.0
e939a0c372218a85aecbfde117c1f812	Unassigned	1.0
e956b2f032b450bf77e190b92e326861	k__Fungi;p__Ascomycota;c__Sordariomycetes	1.0
e9738e167f50783b7463a2d9f16a4c49	k__Fungi;p__Ascomycota;c__Sordariomycetes;o__Magnaporthales;f__Magnaporthaceae	0.667
e97719c3e6940b57055963ce260da327	Unassigned	1.0
e9845540e18dd0ca6c0a151ee2b35a60	Unassigned	1.0
e990b8e439029bbd625aa33bbca5cf8b	k__Fungi;p__Basidiomycota;c__Microbotryomycetes;o__Kriegeriales;f__Kriegeriaceae;g__Meredithblackwellia;s__Meredithblackwellia_eburnea;sh__SH0251051.09FU	1.0
e9bcbcc3142e7658a45c685585dc5b6e	Unassigned	1.0
e9bdb3f1cc0298990b29f8fcee41a6a4	Unassigned	1.0
e9fcb5a3e5afc98e1e05c8555e7bedbf	Unassigned	1.0
e9fd41a668dce0b2a9decca01407d0de	k__Fungi;p__Ascomycota;c__Dothideomycetes;o__Mycosphaerellales;f__Mycosphaerellaceae	0.9
ea139bb1dfb83937f474efe5ee97c3e4	k__Fungi;p__Ascomycota;c__Eurotiomycetes;o__Phaeomoniellales	0.7
ea2def278efea8ca4228a87db4bf3bcd	Unassigned	1.0
ea373d814f81e4c65bd82ba71c0fe844	k__Fungi;p__Ascomycota;c__Eurotiomycetes;o__Chaetothyriales;f__Trichomeriaceae	1.0
ea43e36f270e05f4a7b392f930562862	Unassigned	1.0
ea45f098d85274a2d193d35d7f447504	Unassigned	1.0
ea4924cde20b02bf1cf9b98c64dc2023	k__Fungi;p__Ascomycota;c__Eurotiomycetes;o__Chaetothyriales;f__Chaetothyriales_fam_Incertae_sedis;g__Chaetothyriales_gen_Incertae_sedis;s__Chaetothyriales_sp	1.0
ea6a43970a7cb30c93963828141e4190	Unassigned	1.0
ea7cb1aa6223486cc6b1b41f7a5d0626	k__Fungi;p__Ascomycota;c__Dothideomycetes;o__Capnodiales;f__Capnodiales_fam_Incertae_sedis;g__Capnodiales_gen_Incertae_sedis;s__Capnodiales_sp	0.667
ea8639783485fda86e0d448e6ddd6221	Unassigned	1.0
ea8f15136203bc9d4e1481753a552730	Unassigned	1.0
ea951bb22aa385713693120b32836548	k__Fungi;p__Ascomycota;c__Dothideomycetes;o__Pleosporales;f__Didymosphaeriaceae	0.8
eab4cda94ed97a1ed274985594e788c8	k__Fungi;p__Ascomycota;c__Dothideomycetes;o__Mycosphaerellales;f__Teratosphaeriaceae	0.7
eab578fb651c768ccb2e83eca82373fa	Unassigned	1.0
eabe98cae245adf6815ae36e5ce67c45	Unassigned	1.0
ead8fbbe9040a46aa9e200ad1a1319df	k__Fungi;p__Basidiomycota;c__Agaricomycetes;o__Hymenochaetales;f__Schizoporaceae;g__Xylodon;s__Xylodon_sp;sh__SH0073343.09FU	1.0
eada295f14fd5739bef944410d6ac492	k__Fungi;p__Ascomycota;c__Lecanoromycetes;o__Lecanorales;f__Micareaceae;g__Micarea	1.0
eadd8c7edb6e57b42e0f6e6f5a2db990	Unassigned	1.0
eaea3f3d04085520296ca4899e9643a6	k__Fungi;p__Ascomycota;c__Leotiomycetes;o__Helotiales;f__Hyaloscyphaceae	0.6
eaef7116222adb1214e1e424a219f3bb	Unassigned	1.0
eb12d232abe501c73eb4d9c609225228	k__Fungi;p__Ascomycota;c__Eurotiomycetes;o__Chaetothyriales;f__Cyphellophoraceae;g__Cyphellophora;s__Cyphellophora_sp	0.9
eb28ec2a740406baced4e43c9010bacd	Unassigned	1.0
eb4a984ac7bc8fdf82824c5dfd6cd8ce	Unassigned	1.0
eb5c65564689dbaf55d160507533dc50	Unassigned	1.0
eb6f1e64e7e4d1337798213624a89961	Unassigned	1.0
eb812cb257c248fa2b04898620e1b953	k__Fungi;p__Ascomycota;c__Ascomycota_cls_Incertae_sedis;o__Ascomycota_ord_Incertae_sedis;f__Ascomycota_fam_Incertae_sedis;g__Ascomycota_gen_Incertae_sedis;s__Ascomycota_sp;sh__SH0030133.09FU	1.0
eb8c8b78a364fbc2d3543cc020c80e04	k__Fungi;p__Ascomycota;c__Dothideomycetes;o__Pleosporales;f__Cucurbitariaceae	0.667
eb9d80df76cb4d03bdc581fe20a2ca3a	Unassigned	1.0
ebb0353e5f9ea37111a75cb6fcc19caf	k__Fungi;p__Ascomycota;c__Eurotiomycetes;o__Chaetothyriales;f__Herpotrichiellaceae;g__Cladophialophora;s__Cladophialophora_sp	1.0
ebb5ef5d88bcb5600d6aa17d0fa29f00	Unassigned	1.0
ebbb88010c7ad3d2c22612ed12e3351e	k__Fungi;p__Ascomycota;c__Sordariomycetes;o__Chaetosphaeriales;f__Chaetosphaeriaceae	1.0
ebc0bf3c750d2eb212e4a7b6f66b2b24	k__Fungi;p__Ascomycota;c__Sordariomycetes;o__Glomerellales;f__Plectosphaerellaceae	1.0
ebdf77c82b9f19f31f6ed2c2209a3f5f	k__Fungi;p__Ascomycota;c__Leotiomycetes;o__Helotiales	0.9
ebe7489c2ae16a180341e7f0f96dfd77	Unassigned	1.0
ebfb648cc8355455b5419f373f0e2005	Unassigned	1.0
ec18596886f9ed389ed74d28d4a1e159	Unassigned	1.0
ec2e4d830f2d0bc70b39df9cf79c6b31	Unassigned	1.0
ec62812cee45dc7d20cb340d693ba428	Unassigned	1.0
ec73d90fc57988efec3b938f854eadea	Unassigned	1.0
ecb7176d002ce7b693b663a706b9e15a	Unassigned	1.0
ecbf09a4f98617ad836fb657a29d64f4	Unassigned	1.0
ecc388d4916efe9f90ee9a5c958f2a62	Unassigned	1.0
ecd978592ecad5ea44bcae663c54340c	Unassigned	1.0
ece14e8513b084a07571b1c25aba356c	Unassigned	1.0
ece1aede81aeaad96d4f58bc49e45868	Unassigned	1.0
ecf0e50a7a11fabc8ffc3e8cf147c575	k__Fungi;p__Ascomycota;c__Sordariomycetes;o__Xylariales;f__Amphisphaeriaceae;g__Microdochium;s__Microdochium_sp;sh__SH0032221.09FU	1.0
ecf2c9188229b6d260357a23a8272dfa	k__Fungi;p__Ascomycota;c__Dothideomycetes	0.667
ed203867365e140f308c3eed23c9a3bd	Unassigned	1.0
ed24caf2cf0a02549506b7bb6e5201c5	Unassigned	1.0
ed2df7e09586b961ae1239feca17c7f1	k__Fungi;p__Ascomycota;c__Dothideomycetes;o__Mycosphaerellales;f__Teratosphaeriaceae	0.667
ed2f27927b522972a2584ac4fd4b8d73	Unassigned	1.0
ed4cd3eb1e310acedb7bc2725eb39ffc	Unassigned	1.0
ed4e3d754e0170fbdb76404429e8dd74	Unassigned	1.0
ed7cfc2480910a2e142d918ba4d2100e	Unassigned	1.0
ed945ab4399ab3127299972eeeb3e81a	k__Fungi;p__Ascomycota;c__Eurotiomycetes;o__Chaetothyriales;f__Herpotrichiellaceae;g__Exophiala;s__Exophiala_sp	0.7
ed9c2da2a18928731e2e7f079b5692b9	k__Fungi;p__Ascomycota;c__Dothideomycetes	1.0
eda940338216e27d19945326e8649c80	Unassigned	1.0
edd5fd9ea6543ab68cab732ef373ec52	k__Fungi;p__Ascomycota;c__Eurotiomycetes;o__Chaetothyriales;f__Herpotrichiellaceae	0.6
eddf316cc98de5867b89d3bedd752090	Unassigned	1.0
ede86829144ac84c6b302b1629104770	Unassigned	1.0
edee6b287450d9ac949b62a1529445ac	k__Fungi;p__Ascomycota;c__Leotiomycetes;o__Helotiales;f__Tympanidaceae;g__Tympanidaceae_gen_Incertae_sedis;s__Tympanidaceae_sp	0.9
edfc40af3597e9b10f3b4205e2a6aafd	Unassigned	1.0
ee0d99e7e4c5a621f2bfa25d25740ad6	k__Fungi;p__Ascomycota;c__Dothideomycetes;o__Pleosporales;f__Neomassarinaceae	0.667
ee1f21269467dc8fcc67269b72cdbec8	Unassigned	1.0
ee2120fc730ba4464ad349591ebf41e3	Unassigned	1.0
ee35be60f0e2d9c589c3e1e4fae4d735	Unassigned	1.0
ee47664d5212bdc44c56d9d4ec7ea2bb	Unassigned	1.0
ee48a9451f5202c11d459b0c2afd92bb	k__Fungi;p__Ascomycota;c__Dothideomycetes;o__Dothideomycetes_ord_Incertae_sedis;f__Dothideomycetes_fam_Incertae_sedis;g__Dothideomycetes_gen_Incertae_sedis;s__Dothideomycetes_sp;sh__SH0054559.09FU	1.0
ee5eaab5597a0a55f935a73b6ef69269	k__Fungi;p__Ascomycota;c__Sordariomycetes;o__Hypocreales;f__Nectriaceae	0.8
ee7179736c347f18dabc178449f5a6a2	k__Fungi;p__Basidiomycota;c__Microbotryomycetes	1.0
ee8268032ea2c54f72435374572fdb0c	Unassigned	1.0
ee8a739c402614f8f15d49998db65ed7	Unassigned	1.0
eea8e4f54bb382e3ee8d016d2caee6b0	k__Fungi;p__Ascomycota;c__Dothideomycetes;o__Mycosphaerellales	0.667
eeb19db2c30f570884aa9097351c0c29	Unassigned	1.0
eec5de12077547e90c42705f617d681a	Unassigned	1.0
ef28f0106261178efcd87b8f3228bb52	k__Fungi;p__Ascomycota;c__Dothideomycetes;o__Capnodiales;f__Capnodiales_fam_Incertae_sedis;g__Capnodiales_gen_Incertae_sedis;s__Capnodiales_sp	0.667
ef339c2b2c7485671e584b1f89afb476	Unassigned	1.0
ef614d66e094c370d5d1ac9cc888be85	k__Fungi;p__Ascomycota;c__Eurotiomycetes;o__Chaetothyriales;f__Herpotrichiellaceae;g__Cladophialophora;s__Cladophialophora_sp	0.9
ef712f9b688d998a45872816145bd132	k__Fungi;p__Ascomycota;c__Lecanoromycetes;o__Lecanorales;f__Micareaceae;g__Micarea	1.0
ef7deaf1816bf177fabaf65c42873f6b	Unassigned	1.0
ef9f9e3b96cb907d0aebafe7b11849dc	Unassigned	1.0
efa53ea5df581fd7e2fed4814226a402	k__Fungi;p__Ascomycota;c__Sordariomycetes;o__Hypocreales;f__Nectriaceae	0.9
efab57cebafd2fdc91f3c8c0e50fbcd5	k__Fungi;p__Ascomycota;c__Eurotiomycetes;o__Chaetothyriales;f__Chaetothyriales_fam_Incertae_sedis;g__Chaetothyriales_gen_Incertae_sedis;s__Chaetothyriales_sp	0.9
efad8143c749771721b11f1daad5050c	Unassigned	1.0
efd4bcd04bb425b8311de8be5bde6439	Unassigned	1.0
efd9f4f7e46cb9a0178077b8dacd3728	k__Fungi;p__Basidiomycota;c__Agaricomycetes;o__Trechisporales;f__Hydnodontaceae;g__Hydnodontaceae_gen_Incertae_sedis;s__Hydnodontaceae_sp	0.6
efe0fd56a76edb5cc51033cd58f50200	k__Fungi;p__Ascomycota;c__Sordariomycetes;o__Diaporthales;f__Diaporthales_fam_Incertae_sedis;g__Diaporthales_gen_Incertae_sedis;s__Diaporthales_sp;sh__SH0109612.09FU	1.0
f00bf30c966430d2f6bb37a4b6ee35be	k__Fungi;p__Ascomycota;c__Eurotiomycetes;o__Chaetothyriales;f__Cyphellophoraceae;g__Cyphellophora;s__Cyphellophora_sp	0.667
f02299145ae789b90946f39ee1f06547	Unassigned	1.0
f030b762d0923789584915dfed4e5080	Unassigned	1.0
f03705c596b00ab2ae1a7d6426699337	Unassigned	1.0
f04c17c44d857b4375fbdad9b0eaad45	Unassigned	1.0
f06b0e1014fdfcaafc7400643e386bfb	k__Fungi;p__Ascomycota;c__Eurotiomycetes;o__Chaetothyriales;f__Herpotrichiellaceae	1.0
f06cc8779d25a8838a8fc87fef67f1f5	k__Fungi;p__Ascomycota;c__Dothideomycetes;o__Pleosporales;f__Didymellaceae	0.667
f07cc7d585cfbdc66828b2a1b752512d	k__Fungi;p__Ascomycota;c__Eurotiomycetes;o__Chaetothyriales;f__Herpotrichiellaceae	0.6
f09ef3f3667ee6434b8eb5fa57fb1199	Unassigned	1.0
f0addf4c7a22928166d56f3011a51ae4	Unassigned	1.0
f0af57db112e895b4f94b82a0a41b54d	Unassigned	1.0
f0bcad9f4e66658c7002d66f0309361b	Unassigned	1.0
f0f3fb32cd78d5982c11d4ec39893097	k__Fungi;p__Ascomycota;c__Eurotiomycetes;o__Chaetothyriales;f__Herpotrichiellaceae;g__Veronaea	0.6
f0f8cda9c4fc649cc0f7f0d1a5f0eaba	k__Fungi;p__Ascomycota;c__Sordariomycetes;o__Hypocreales;f__Ophiocordycipitaceae;g__Tolypocladium	0.7
f1116410147c764cf90c1026c68f8cfa	Unassigned	1.0
f116c685442c3c6128a9d09c5deadce8	Unassigned	1.0
f11f7576f2b7e14030094a85afd9c303	k__Fungi;p__Ascomycota;c__Sordariomycetes;o__Glomerellales;f__Glomerellaceae;g__Colletotrichum	0.9
f120c3ed14db54da68f1ab753e6712b4	k__Fungi;p__Ascomycota;c__Sordariomycetes;o__Glomerellales;f__Plectosphaerellaceae	1.0
f124b37fe62bb65591ce745e397633fd	Unassigned	1.0
f1285f83c7113e2456cbc025162a3dcd	Unassigned	1.0
f12a02a37838b6823a04af92bd87ca09	Unassigned	1.0
f14f3240c3d258375239cc3c511801eb	Unassigned	1.0
f15697eacba8eafd22bb9df624b3c1fd	Unassigned	1.0
f15d9e63131edf242bbea19736b0ad9e	Unassigned	1.0
f162371ffd128152894dbf2ed54d7a1d	Unassigned	1.0
f166cc0725bf1b9653ebcae706d59dfe	Unassigned	1.0
f17068f32515d95808afbc6b3ed21c36	Unassigned	1.0
f18947a6be6667165d8dba313115e733	Unassigned	1.0
f1965e0fe532b1514d60eaf1c2234db5	k__Fungi;p__Ascomycota;c__Pezizomycotina_cls_Incertae_sedis;o__Pezizomycotina_ord_Incertae_sedis;f__Pezizomycotina_fam_Incertae_sedis;g__Pezizomycotina_gen_Incertae_sedis;s__Pezizomycotina_sp	1.0
f1b689ef7d0db7b0d303e9c9206ee5ad	k__Fungi;p__Ascomycota;c__Sordariomycetes;o__Hypocreales;f__Nectriaceae;g__Fusarium	0.818
f1bec6ff1273706100657b369052075b	k__Fungi;p__Ascomycota;c__Eurotiomycetes;o__Chaetothyriales;f__Herpotrichiellaceae	1.0
f1beca5b013a45053e6971fe1afd27d3	Unassigned	1.0
f1cd6cb30c997db53808215e29e904a9	Unassigned	1.0
f230fa0de23dbf6e9f52d255f15006f2	Unassigned	1.0
f2313eaf06eb8829538cf71f199d8bc0	Unassigned	1.0
f2367ba2ce65f0605254d64c83e4b105	Unassigned	1.0
f25aa8b10f1069aaa9095961a15db7c9	Unassigned	1.0
f26fa70233695d21c1a61eac8a66f0e7	Unassigned	1.0
f277a9785f380cb2df7c3d62a9919789	k__Fungi;p__Ascomycota;c__Dothideomycetes;o__Pleosporales;f__Cucurbitariaceae	0.667
f29c1726a5a6b560d2e3b07d79c43990	k__Fungi;p__Basidiomycota;c__Tremellomycetes;o__Filobasidiales;f__Piskurozymaceae;g__Piskurozyma;s__Piskurozyma_sp	0.556
f29fd5a64d06cea6af2adf6f9dd8228f	k__Fungi;p__Basidiomycota;c__Agaricomycetes;o__Sebacinales;f__Sebacinaceae;g__Sebacina;s__Sebacina_sp	0.8
f29fd7b7b162ebe615b2b9e861af68b8	k__Fungi;p__Ascomycota;c__Sordariomycetes	0.7
f2ad913aa2fa23185b513dc17dac92d7	k__Fungi;p__Mortierellomycota;c__Mortierellomycetes;o__Mortierellales;f__Mortierellaceae;g__Mortierella;s__Mortierella_sp	0.667
f2b956ebfab9aeb5aca1dc84fad6f4a8	Unassigned	1.0
f2ccb045e1ae4394c28cfb9dfc84e5b3	Unassigned	1.0
f2d2f7770614878cb5fc13baf4f15d66	Unassigned	1.0
f2ef69d97cddd64761f7e70bb792809a	k__Fungi;p__Ascomycota;c__Leotiomycetes;o__Helotiales	0.8
f30519cae9126c8bbdf281216dff057c	Unassigned	1.0
f3275f0e8b1930505b51e554c3bd3f31	k__Fungi;p__Ascomycota;c__Eurotiomycetes;o__Chaetothyriales;f__Herpotrichiellaceae;g__Cladophialophora;s__Cladophialophora_sp	0.7
f3355243cb28e10cf63b133931e80265	Unassigned	1.0
f34914699c0884a09605ee452ca36811	Unassigned	1.0
f349961664ce5671fee5bf335b335657	k__Fungi;p__Ascomycota;c__Eurotiomycetes;o__Chaetothyriales;f__Chaetothyriales_fam_Incertae_sedis;g__Chaetothyriales_gen_Incertae_sedis;s__Chaetothyriales_sp	0.9
f3590d263eaf3102f4e0f7db4e07b9cd	k__Fungi;p__Ascomycota;c__Dothideomycetes;o__Mycosphaerellales;f__Teratosphaeriaceae	0.7
f35ba480680ca573f69c676c8dddd9f3	k__Fungi;p__Ascomycota;c__Sordariomycetes;o__Magnaporthales;f__Magnaporthaceae;g__Arxiella	1.0
f369dc4a0e847e0a232f495efb14bcc4	k__Fungi;p__Ascomycota;c__Eurotiomycetes;o__Chaetothyriales;f__Trichomeriaceae;g__Trichomerium	0.75
f36fc9200052407c80d97a1267400400	Unassigned	1.0
f38fcaa15ff4a59ee101d664b82545d6	Unassigned	1.0
f3986b2a1d60571bccb3789f733fbfbe	Unassigned	1.0
f3a2e2b5441fb93ac0095fe5c473f207	Unassigned	1.0
f3a689cd728a336011c5567f0e1f6d1a	k__Fungi;p__Ascomycota;c__Eurotiomycetes;o__Chaetothyriales;f__Chaetothyriaceae;g__Chaetothyriaceae_gen_Incertae_sedis;s__Chaetothyriaceae_sp	0.667
f3c3ce9bb096da36645849140369814d	k__Fungi;p__Basidiomycota;c__Tremellomycetes	1.0
f3e5d7c58ff090463ba10a0dca35062d	Unassigned	1.0
f3f20a0448f0cda1bedd03e3752e800f	Unassigned	1.0
f3f32588a57692daa6d2346b9209cbae	Unassigned	1.0
f3f5f40960b13a89dc91d247788ffc7e	k__Fungi;p__Ascomycota;c__Dothideomycetes;o__Mycosphaerellales;f__Mycosphaerellaceae	0.9
f40244dfc86a2a3ef1d975f37d637c7d	k__Fungi;p__Ascomycota;c__Dothideomycetes;o__Capnodiales;f__Capnodiales_fam_Incertae_sedis;g__Capnodiales_gen_Incertae_sedis;s__Capnodiales_sp	0.667
f407856d8cb7a55f08ec6589e2a85c59	k__Fungi;p__Ascomycota;c__Sordariomycetes;o__Glomerellales;f__Glomerellaceae;g__Colletotrichum	1.0
f41bc056a4dde7b1cd54e554ad0d2368	k__Fungi;p__Ascomycota;c__Orbiliomycetes;o__Orbiliales;f__Orbiliaceae;g__Orbilia;s__Orbilia_pseudoaristata;sh__SH0015287.09FU	1.0
f41d3756bdbdbf0d4800b8b90a9aa56f	k__Fungi;p__Ascomycota;c__Dothideomycetes;o__Mycosphaerellales;f__Teratosphaeriaceae	0.9
f42f4aec3fea61e57226b939d3fa70b0	k__Fungi;p__Ascomycota;c__Eurotiomycetes;o__Chaetothyriales;f__Herpotrichiellaceae;g__Exophiala	0.8
f441bcce807bf9f8839fc592e8d65743	Unassigned	1.0
f4433d1cbc1138c68ec870b37295dcc4	Unassigned	1.0
f445900f221b043077fbf0cab38fdb29	k__Fungi;p__Ascomycota;c__Dothideomycetes;o__Pleosporales;f__Phaeosphaeriaceae	0.6
f4594e4f6206d5f150600fad5861d3ff	k__Fungi;p__Ascomycota;c__Dothideomycetes;o__Mycosphaerellales	0.8
f45bdfb27a88ac4d05ac293a8698d4da	Unassigned	1.0
f47e8b96993bd8dc6e5c68f161c919ec	k__Fungi;p__Ascomycota;c__Dothideomycetes;o__Pleosporales;f__Didymosphaeriaceae	0.6
f4886f89631ccbfd2814f37b88b2e5f6	Unassigned	1.0
f4a958296f28218d9333e185d7bd857f	Unassigned	1.0
f4e146d95fda4d2aa4e4a8f1dfa30872	k__Fungi;p__Ascomycota;c__Dothideomycetes;o__Pleosporales	0.857
f4e877920e66c27a98d402fa5bd1be4c	k__Fungi;p__Basidiomycota;c__Tremellomycetes;o__Tremellales;f__Bulleribasidiaceae;g__Derxomyces;s__Derxomyces_cylindricus;sh__SH0230589.09FU	1.0
f4f9ab3818d48af466f08b6801fda793	k__Fungi;p__Ascomycota;c__Sordariomycetes;o__Glomerellales;f__Plectosphaerellaceae;g__Plectosphaerella;s__Plectosphaerella_cucumerina;sh__SH0105366.09FU	1.0
f50d2d4bfe9596e4df9e49091260c39d	Unassigned	1.0
f515329c19965d97eb5763337300cbca	k__Fungi;p__Ascomycota;c__Eurotiomycetes;o__Chaetothyriales;f__Trichomeriaceae;g__Trichomerium	0.6
f51f8994fe6ab58f90a644e44f9a798d	Unassigned	1.0
f52c4d80d8e660fe0e07a913d3eca3d1	Unassigned	1.0
f54e098cb983f42ac974403b5bc60d78	Unassigned	1.0
f562983d7c7add6e241f5723d812f0d2	k__Fungi;p__Ascomycota;c__Ascomycota_cls_Incertae_sedis;o__Ascomycota_ord_Incertae_sedis;f__Ascomycota_fam_Incertae_sedis;g__Ascomycota_gen_Incertae_sedis;s__Ascomycota_sp	1.0
f565f8ace6e985b6b897a710b76b997a	k__Fungi;p__Ascomycota;c__Orbiliomycetes;o__Orbiliales;f__Orbiliaceae	1.0
f568a33cb7ab39694d596e639a313705	k__Fungi;p__Ascomycota;c__Eurotiomycetes;o__Phaeomoniellales;f__Phaeomoniellaceae;g__Paraphaeomoniella;s__Paraphaeomoniella_sp	0.667
f57bec0affb7041f07cb2457c2c3b77c	Unassigned	1.0
f5bef7dfa13a8b9f4ce5c5c4fa2e518a	k__Fungi;p__Ascomycota;c__Eurotiomycetes;o__Eurotiales;f__Aspergillaceae;g__Penicillium	0.833
f5cd9d3a53f34fb40cd46b112f69fa16	k__Fungi;p__Ascomycota;c__Eurotiomycetes;o__Chaetothyriales;f__Herpotrichiellaceae;g__Cladophialophora;s__Cladophialophora_sp	1.0
f5d355ecfa95fc2bf290430a153d0c14	k__Fungi;p__Ascomycota;c__Dothideomycetes;o__Mycosphaerellales;f__Teratosphaeriaceae	0.8
f5fef6593cf21447216b751ae8d4015c	k__Fungi;p__Ascomycota;c__Leotiomycetes;o__Helotiales;f__Helotiaceae	0.6
f60df3ce3d4468ca345c9676848ee486	Unassigned	1.0
f616de9a2ed00160f1741485c695f48a	k__Fungi;p__Ascomycota;c__Sordariomycetes	1.0
f6256516c414a464fe42ee5ac2653d42	k__Fungi;p__Ascomycota;c__Leotiomycetes;o__Helotiales	0.9
f63514f0dfd69167f0fb9b2fddf8bd6d	k__Fungi;p__Ascomycota;c__Sordariomycetes;o__Glomerellales;f__Plectosphaerellaceae;g__Plectosphaerellaceae_gen_Incertae_sedis;s__Plectosphaerellaceae_sp;sh__SH0105360.09FU	1.0
f636a2679e808e286a4c1e84f7352be6	Unassigned	1.0
f63b474cdcaab2d49b5b9dd8b111930b	k__Fungi;p__Ascomycota;c__Eurotiomycetes;o__Eurotiales;f__Aspergillaceae;g__Penicillium;s__Penicillium_sp	0.667
f6628c6af72472632bd444d71d2e04e5	k__Fungi;p__Ascomycota;c__Eurotiomycetes;o__Phaeomoniellales	0.8
f66e502eaccbe0ee733b3afe804492fe	Unassigned	1.0
f69ae05285b7af8b9b28ab5c087f4397	k__Fungi;p__Basidiomycota;c__Microbotryomycetes;o__Microbotryomycetes_ord_Incertae_sedis;f__Chrysozymaceae;g__Chrysozymaceae_gen_Incertae_sedis;s__Chrysozymaceae_sp;sh__SH0025031.09FU	1.0
f69ef4b05c750d846d2a07726bdbbf04	k__Fungi;p__Ascomycota;c__Dothideomycetes	1.0
f69fbdd8323eb7c4eb240a532b423f43	Unassigned	1.0
f6b02e93905c9954087b4fe6ef146f17	k__Fungi;p__Ascomycota;c__Eurotiomycetes;o__Chaetothyriales	1.0
f6b98bd9fa4b180ed2669aef909d2578	k__Fungi;p__Basidiomycota;c__Cystobasidiomycetes	1.0
f6bc360013cf562744cec5917de41197	Unassigned	1.0
f6da6e697be6d2b614ceb3fe7e7b2a61	Unassigned	1.0
f6f492a3522eb1fb5b25586b812ff96d	k__Fungi;p__Ascomycota;c__Sordariomycetes;o__Diaporthales;f__Diaporthaceae;g__Diaporthe	0.8
f7156f9633bdb0efb3b0f1dbd8a3449b	k__Fungi;p__Basidiomycota;c__Tremellomycetes;o__Filobasidiales;f__Piskurozymaceae;g__Piskurozyma;s__Piskurozyma_sp	1.0
f715ff9a3220e4e611b4510ec40cac4a	k__Fungi;p__Basidiomycota;c__Agaricomycetes;o__Polyporales;f__Meruliaceae	0.8
f7792edbafd944f8c59cd2d302e82ecf	k__Fungi;p__Ascomycota;c__Eurotiomycetes;o__Chaetothyriales;f__Herpotrichiellaceae;g__Cladophialophora;s__Cladophialophora_sp	0.9
f7892757592778d00594d56719ffe99e	Unassigned	1.0
f7a7a82a7b6f5d21873d09b8e7ad69ba	k__Fungi;p__Ascomycota;c__Sordariomycetes;o__Hypocreales;f__Nectriaceae;g__Fusarium	0.556
f7e7ce70e45a10970e0043a25a29cca8	k__Fungi;p__Ascomycota;c__Leotiomycetes;o__Helotiales;f__Helotiales_fam_Incertae_sedis;g__Helotiales_gen_Incertae_sedis;s__Helotiales_sp	0.75
f7f3762d2d2fd232ea9a95559f9b72f2	k__Fungi;p__Ascomycota;c__Sordariomycetes;o__Hypocreales;f__Nectriaceae;g__Nectria;s__Nectria_magnispora;sh__SH0102962.09FU	1.0
f8053634b75779ecfced0c89d279d062	k__Fungi;p__Ascomycota;c__Lecanoromycetes;o__Lecanorales;f__Ramalinaceae	1.0
f811c419b125a2727ce52b9f6d1ecdae	Unassigned	1.0
f81594e9a61d08410e1d0e4d5b71565d	Unassigned	1.0
f819d92533b0f590ffb019300eb88344	Unassigned	1.0
f81e6837914d4769e50f7fb576e2f0d9	Unassigned	1.0
f83570719269472e7b42205e6f55f7f2	k__Fungi;p__Fungi_phy_Incertae_sedis;c__Fungi_cls_Incertae_sedis;o__Fungi_ord_Incertae_sedis;f__Fungi_fam_Incertae_sedis;g__Fungi_gen_Incertae_sedis;s__Fungi_sp;sh__SH0148975.09FU	1.0
f83bb1469155dc0f7e327ca445f0b4a6	k__Fungi;p__Ascomycota;c__Lecanoromycetes;o__Lecanorales;f__Ramalinaceae;g__Bacidina	0.7
f8472cd7a9e6f3b637c9d10c73f38589	Unassigned	1.0
f86155e8304e6582d6289e6d7d98089d	Unassigned	1.0
f8647d684fa72e3603459e4a680650c7	k__Fungi;p__Basidiomycota;c__Cystobasidiomycetes;o__Sakaguchiales;f__Sakaguchiaceae;g__Sakaguchia;s__Sakaguchia_lamellibrachiae;sh__SH0196338.09FU	1.0
f87ff61639b34a560154fbf06946ff58	Unassigned	1.0
f88169d183eb9efb8c3f3a318920603c	k__Fungi;p__Ascomycota;c__Sordariomycetes;o__Hypocreales;f__Nectriaceae;g__Gliocladiopsis;s__Gliocladiopsis_elghollii;sh__SH0046295.09FU	1.0
f883417f12dbf386937c949db4a2d956	k__Fungi;p__Ascomycota;c__Leotiomycetes;o__Helotiales;f__Helotiales_fam_Incertae_sedis	0.6
f88919dfdeb8c22ffc4a0d61e4c7bb95	k__Fungi;p__Ascomycota;c__Dothideomycetes;o__Pleosporales;f__Melanommataceae	0.556
f890a4effe3a1840164437de0fa86f08	k__Fungi;p__Ascomycota;c__Leotiomycetes;o__Helotiales	0.8
f8938caa54d72fb36f6814aaa9b5485f	Unassigned	1.0
f8945aa6855d06572f3b6d443456c1fa	Unassigned	1.0
f89be80c4c86be3c38b000f0e75158e3	Unassigned	1.0
f8b873251bc819e32433c9a4ada26818	Unassigned	1.0
f8c17e4c15b0228a58a6887a998b4d3b	Unassigned	1.0
f8cb7eb14a0c8fd890ff1e48db76631d	k__Fungi;p__Ascomycota;c__Leotiomycetes;o__Helotiales	1.0
f8d21a9346766a2f0c1629ce4beab887	Unassigned	1.0
f8d50dedf865c28fc44830a73810e4e6	Unassigned	1.0
f8e5a6851dd4e76912ba0d2b63d8e08c	Unassigned	1.0
f8eb6ecc465903c6695700880d5a3968	Unassigned	1.0
f8ff7d0ca55e9c278aa61ea84e6d8083	k__Fungi;p__Basidiomycota;c__Agaricomycetes;o__Trechisporales;f__Trechisporales_fam_Incertae_sedis;g__Trechisporales_gen_Incertae_sedis;s__Trechisporales_sp	1.0
f91e16bced3363dfa2360366e09a89ca	Unassigned	1.0
f97156738abfafa9a07490d234a31a92	Unassigned	1.0
f9787aa43417cafe16810ce5b8d9b51f	Unassigned	1.0
f97a7867c6ac1e6a44e96a1c33368319	k__Fungi;p__Ascomycota;c__Sordariomycetes;o__Hypocreales;f__Hypocreales_fam_Incertae_sedis;g__Sarocladium	0.6
f98156da02d3fcde2550df2237fd115f	k__Fungi;p__Ascomycota;c__Sordariomycetes;o__Xylariales;f__Sporocadaceae	0.7
f9871ec9f222cd3090fd05881458052f	Unassigned	1.0
f98ecf29cf179e191c35a9789a3ada35	Unassigned	1.0
f993a8894ee477338296e32a7fa484a0	Unassigned	1.0
f99dddcffa8687013689e4d50a128e70	Unassigned	1.0
f9b8d8b87b898f7bf58b006255ad4ecc	Unassigned	1.0
f9c5fd1f46efc65dc19c7bfc64ff1cc0	k__Fungi;p__Ascomycota;c__Dothideomycetes;o__Mycosphaerellales	0.857
f9e5cf839f9fa39ab0980b3e0c3d4d34	k__Fungi;p__Ascomycota;c__Dothideomycetes;o__Dothideomycetes_ord_Incertae_sedis;f__Dothideomycetes_fam_Incertae_sedis;g__Dothideomycetes_gen_Incertae_sedis;s__Dothideomycetes_sp;sh__SH0115675.09FU	1.0
fa03997ad034b0ca7def408de7a800f0	k__Fungi;p__Basidiomycota;c__Agaricomycetes;o__Russulales;f__Peniophoraceae;g__Peniophora	0.7
fa084a6d0c65b4ea0aa8cae4ee437416	Unassigned	1.0
fa1609568afff283bbed40845e7cfe23	k__Fungi;p__Ascomycota;c__Orbiliomycetes;o__Orbiliales;f__Orbiliaceae;g__Orbilia	1.0
fa2007676bfad430418bc492a6b347d4	k__Fungi;p__Ascomycota;c__Eurotiomycetes;o__Chaetothyriales;f__Herpotrichiellaceae;g__Cladophialophora;s__Cladophialophora_sp	1.0
fa28fa0425380f639a55ac06077cdd4d	Unassigned	1.0
fa35384f67204c3cefad4d568c00e4b2	Unassigned	1.0
fa6095bdf0f4c2a153accd6f99fa9709	Unassigned	1.0
fa6f0ded897c778a92805028babb1210	Unassigned	1.0
fa72c07b0f0da5ceb638f3b32ffdd143	Unassigned	1.0
fa978c22cf07ab091e06be8b4c5c1127	k__Fungi;p__Basidiomycota;c__Agaricomycetes;o__Auriculariales;f__Auriculariales_fam_Incertae_sedis;g__Auriculariales_gen_Incertae_sedis;s__Auriculariales_sp;sh__SH0099125.09FU	1.0
fa989f329038c572654870713dfccea8	Unassigned	1.0
fa99e15cab2d3e1bdc30e97376dabc64	Unassigned	1.0
fa9abab70790e1ad881223607751eaf8	Unassigned	1.0
faa565390cc117f0dd29b4a9c1626e4d	k__Fungi;p__Ascomycota;c__Sordariomycetes;o__Hypocreales	1.0
faa8ee033d1519f24ae56f0129c85505	k__Fungi;p__Ascomycota;c__Leotiomycetes;o__Helotiales	0.8
fac6af11d2b0aa036e2254d5ec25ee98	Unassigned	1.0
fac931852cef4d8ed8089efdc8f9ed57	Unassigned	1.0
fadfe023f197b42b1b3c8db7b92def55	Unassigned	1.0
fae4ffb15fabd6d8a04e159e7c2103f7	Unassigned	1.0
fae811af6b39c12d0ef2673c102b9a41	k__Fungi;p__Ascomycota;c__Eurotiomycetes;o__Chaetothyriales;f__Herpotrichiellaceae;g__Cladophialophora;s__Cladophialophora_sp	0.6
faeae03486787566677a46b1e3a3159c	k__Fungi;p__Ascomycota;c__Sordariomycetes;o__Chaetosphaeriales;f__Chaetosphaeriaceae;g__Chaetosphaeria;s__Chaetosphaeria_sp	0.714
faf1b254148075628f81b0ee3ba372db	k__Fungi;p__Ascomycota;c__Leotiomycetes;o__Helotiales	1.0
fb1ca369bd810fb7df1097e2a969f270	k__Fungi;p__Basidiomycota;c__Agaricomycetes;o__Polyporales;f__Meripilaceae	0.556
fb24e1cc2b324bee3388ed1ebfa8f9fa	k__Fungi;p__Ascomycota;c__Leotiomycetes;o__Helotiales	0.7
fb3855950fa5f74b4b5ecda03e57bbd8	Unassigned	1.0
fb3ce0fda0a253f4efcdc4692e8806d0	Unassigned	1.0
fb43bcc9820d30be9b95579442029db6	Unassigned	1.0
fb49bd5f2821c55f627eec4bb53aff13	Unassigned	1.0
fb5d733246d78bf025d5f8c16450854f	k__Fungi;p__Ascomycota;c__Lecanoromycetes;o__Peltigerales;f__Lobariaceae;g__Sticta	1.0
fb7caea64f96a2ee3dbbe97337f679ba	k__Fungi;p__Ascomycota;c__Sordariomycetes;o__Hypocreales;f__Cordycipitaceae	0.8
fbacd3ab794df85524097fb359115629	Unassigned	1.0
fbc7595dcd2b149634d7ec2fdd10ca08	Unassigned	1.0
fbcce01fe78d7b3401d475abbb7c32f0	k__Fungi;p__Ascomycota;c__Sordariomycetes;o__Hypocreales;f__Nectriaceae	0.6
fbd2fd373248cd25e73538bb1c4bddea	Unassigned	1.0
fbe8dbb23d90352d1e879a9e2223ed59	k__Fungi;p__Ascomycota;c__Orbiliomycetes;o__Orbiliales;f__Orbiliaceae;g__Orbiliaceae_gen_Incertae_sedis;s__Orbiliaceae_sp;sh__SH0171916.09FU	1.0
fbf2a99e540460e134b246735dc1d19e	Unassigned	1.0
fc03c916a651fa1a88c1d4a0d22742c6	k__Fungi;p__Basidiomycota;c__Agaricomycetes;o__Trechisporales;f__Hydnodontaceae;g__Trechispora;s__Trechispora_sp	0.8
fc09ae8d781b4fd7a141feaefbe20c01	Unassigned	1.0
fc3a4091d54ce8e9f604dea1f806079a	Unassigned	1.0
fc3d75a99aeb5c5320fb231f39ac5d77	Unassigned	1.0
fc4a5d7e90512d7424fb2e939f0d79dd	k__Fungi;p__Basidiomycota;c__Tremellomycetes;o__Filobasidiales;f__Piskurozymaceae;g__Solicoccozyma	0.667
fc4f084a18ee57a29d4984d52f3c5965	k__Fungi;p__Ascomycota;c__Sordariomycetes;o__Hypocreales;f__Nectriaceae;g__Nectriaceae_gen_Incertae_sedis;s__Nectriaceae_sp	0.6
fc554914d8b5f9382b91221d15abf8ef	k__Fungi;p__Ascomycota;c__Lecanoromycetes;o__Baeomycetales;f__Arctomiaceae;g__Arctomia;s__Arctomia_insignis	1.0
fc570f3932e6d39e2d4eef04b2115000	Unassigned	1.0
fc6f6e58ea0dde06bf49ff4b7f629436	k__Fungi;p__Ascomycota;c__Leotiomycetes;o__Helotiales	0.8
fc757bd1a08ed46c1dffedd47fb566d2	Unassigned	1.0
fc7cc24b7576cedd61f77fe0947c52bb	k__Fungi;p__Ascomycota;c__Eurotiomycetes;o__Chaetothyriales;f__Herpotrichiellaceae;g__Veronaea	0.6
fc8729d21d33f2984c771cd8e337e725	k__Fungi;p__Ascomycota;c__Dothideomycetes;o__Pleosporales;f__Didymellaceae	0.8
fc8953961eec7b0e14345b1e1d51fa6c	Unassigned	1.0
fc9e6dc21c5a134afdac41918c8916ea	k__Fungi;p__Ascomycota;c__Leotiomycetes;o__Helotiales	1.0
fca8cd48f8730c548178d1aa2e3c782e	k__Fungi;p__Basidiomycota;c__Agaricomycetes;o__Agaricales;f__Physalacriaceae;g__Flammulina	1.0
fcafda65d7e17fd69f04bbe07d890715	k__Fungi;p__Ascomycota;c__Sordariomycetes;o__Hypocreales;f__Nectriaceae;g__Thelonectria	0.556
fcb6284a06422cd797192f38b68e9476	Unassigned	1.0
fcc5925bd8ad0b6ae5370da7818d4b7c	k__Fungi;p__Ascomycota;c__Leotiomycetes;o__Helotiales;f__Hyaloscyphaceae	0.7
fcebf3e7a93fe2b7cfdc5760d48eff74	Unassigned	1.0
fceca35f407798204fb64db93d52ac45	Unassigned	1.0
fcfce4a18b247ae76276614da74b0479	Unassigned	1.0
fd06720a739e2cb86ebb5736539b946e	Unassigned	1.0
fd08736d6a6f07419eb14f83f2ef7c0e	k__Fungi;p__Ascomycota;c__Sordariomycetes;o__Xylariales;f__Amphisphaeriaceae;g__Microdochium	1.0
fd383d637a873bfc7e0694960bcfee25	k__Fungi;p__Ascomycota;c__Dothideomycetes	1.0
fd451b3ac7a739af66948936a0197000	Unassigned	1.0
fd4b20db5dd8fbdcbb80d2597f7028c5	Unassigned	1.0
fd6180be3c87f59e2b0333afdaf896c9	k__Fungi;p__Ascomycota;c__Dothideomycetes;o__Pleosporales;f__Amorosiaceae;g__Amorocoelophoma;s__Amorocoelophoma_cassiae;sh__SH0058934.09FU	1.0
fd88a1b8ac65eef7e7f7ff91414ac0ac	k__Fungi;p__Ascomycota;c__Eurotiomycetes;o__Chaetothyriales;f__Trichomeriaceae;g__Trichomerium	0.8
fd99ddbeeacce6099410432ca7f49c02	k__Fungi;p__Ascomycota;c__Sordariomycetes;o__Xylariales;f__Beltraniaceae	0.667
fda354e2aea7a9c060470e3307a940fa	Unassigned	1.0
fda398d3a4381bb79e1ad6eb5fd462ea	k__Fungi;p__Basidiomycota;c__Agaricomycetes;o__Sebacinales;f__Serendipitaceae;g__Serendipitaceae_gen_Incertae_sedis;s__Serendipitaceae_sp	1.0
fda839f1cbeaabc9fbb23e4fb92226a8	k__Fungi;p__Ascomycota;c__Leotiomycetes;o__Helotiales	0.8
fdaa58cd50b944ccb364e72c9bbec6b2	Unassigned	1.0
fdc7a18ff4c873a3dc4d754f411e3018	Unassigned	1.0
fdd730844e6a5baf47916b26780c5e8b	k__Fungi;p__Ascomycota;c__Sordariomycetes;o__Diaporthales;f__Diaporthaceae;g__Diaporthe	0.7
fdd989dac45fc77579673eefc43ee811	Unassigned	1.0
fde297eaabdc44f1263196d5fe86eeab	Unassigned	1.0
fe06daf65888fdead81c9ae65fc3446f	Unassigned	1.0
fe1e4a676ba2626dc90184d653c03424	Unassigned	1.0
fe29a404035f3680ad814c97411595a9	Unassigned	1.0
fe32e8074f6d61d96f324337d7763578	k__Fungi;p__Basidiomycota;c__Agaricomycetes;o__Auriculariales;f__Auriculariales_fam_Incertae_sedis;g__Renatobasidium;s__Renatobasidium_sp	0.778
fe43f6a36709ff9994b377707a6b8d85	k__Fungi;p__Ascomycota;c__Sordariomycetes;o__Hypocreales	0.9
fe4a83e3459221c1e0af63f44a08120c	Unassigned	1.0
fe5257d71963222e5f20b980bbff320d	Unassigned	1.0
fe72559c6f80f22bdfcf23057cba5b4e	k__Fungi;p__Basidiomycota;c__Agaricomycetes;o__Corticiales;f__Corticiaceae;g__Waitea;s__Waitea_sp	0.75
fe84dea8c96edd3b1b62ba5792649ad0	Unassigned	1.0
fe871c0a0e9136ee766c0e4c6c741398	Unassigned	1.0
fe9e8b07ce8f3214be469f92a2711d6c	k__Fungi;p__Ascomycota;c__Sordariomycetes;o__Hypocreales;f__Ophiocordycipitaceae	0.8
fed1928a48d78fa54482bc8f7068c21e	Unassigned	1.0
ff0a6fb981273dc2659280956d742ff3	Unassigned	1.0
ff18f627659bf5e7252cbd56eb621e3f	Unassigned	1.0
ff312d03736d87c8ffe1b8a536229826	k__Fungi;p__Ascomycota;c__Eurotiomycetes;o__Chaetothyriales;f__Chaetothyriaceae	0.667
ff42fecafd4bd00054c1ee7dc433d870	k__Fungi;p__Ascomycota;c__Sordariomycetes;o__Hypocreales;f__Cordycipitaceae;g__Beauveria	0.6
ff4a229bb2ece5ed6fa66e12cd01c04e	k__Fungi;p__Ascomycota;c__Sordariomycetes;o__Hypocreales;f__Bionectriaceae	0.833
ff5c0b1f10a6e424cd6abda862c3c714	Unassigned	1.0
ff6d62dc838487343eca78bb8969591a	Unassigned	1.0
ff7055fef9cf23b24f947e8ffa859929	Unassigned	1.0
ff73258fd7d17f68bc65145e1c5a9527	Unassigned	1.0
ffa595fcd62dd7954a51972e07dd0976	k__Fungi;p__Ascomycota;c__Dothideomycetes;o__Botryosphaeriales;f__Botryosphaeriaceae;g__Botryobambusa;s__Botryobambusa_guizhouensis;sh__SH0015892.09FU	1.0
ffb6f6dddf112bf9f2efac75d94f2473	k__Fungi;p__Ascomycota;c__Sordariomycetes;o__Hypocreales	1.0
ffbce257fd71c51658df60e79f47a391	Unassigned	1.0
ffc62d53175e37f13ac3a7eadbdfcbe1	k__Fungi;p__Ascomycota;c__Sordariomycetes;o__Xylariales;f__Sporocadaceae	0.8
ffd6ba09b18099295a6e8b60715e2987	Unassigned	1.0
ffd8ecb8dc189dc346d66af9c1e2c3bb	k__Fungi;p__Ascomycota;c__Sordariomycetes;o__Hypocreales	1.0
ffd9a03a23d1eb78c1f9d12a8aeef157	k__Fungi;p__Ascomycota;c__Sordariomycetes;o__Glomerellales;f__Plectosphaerellaceae	1.0
ffe9bcc7767acaf94a735d013b0a66da	Unassigned	1.0
fffaa964ddb7beac3eed51d889d08e9c	Unassigned	1.0
