#OTUID	taxonomy	Consensus
00281fcb0bbf722357f9832a5d73e292	d__Bacteria; p__Actinobacteriota; c__Actinobacteria; o__Frankiales; f__Acidothermaceae; g__Acidothermus; s__uncultured_bacterium	0.9
008ac0a8ec0ccea52bebbaf577e5626d	d__Bacteria; p__Proteobacteria; c__Gammaproteobacteria; o__Xanthomonadales; f__Xanthomonadaceae; g__Pseudoxanthomonas	1.0
00b5b9f25c6dd57932d7aa0e1356cc15	d__Bacteria; p__Acidobacteriota; c__Acidobacteriae; o__Bryobacterales; f__Bryobacteraceae; g__Bryobacter; s__uncultured_bacterium	0.8
00c4d75ebb559023d32aa76319d4b825	d__Bacteria; p__Proteobacteria; c__Alphaproteobacteria; o__Rhodobacterales; f__Rhodobacteraceae	1.0
00d67b88052bea1a8b0139a0908b89b1	d__Bacteria; p__Cyanobacteria; c__Cyanobacteriia	1.0
00df5d1c4b88fd7c83514989d2f2f22b	d__Bacteria; p__Proteobacteria; c__Alphaproteobacteria; o__Acetobacterales; f__Acetobacteraceae; g__Acidiphilium	0.7
00eac96f5c682b5270bf73c3e262f951	d__Bacteria; p__Actinobacteriota; c__Actinobacteria; o__Propionibacteriales; f__Nocardioidaceae; g__Nocardioides	1.0
0122dbc0bc2014992ae7207b558d07bf	d__Bacteria; p__Bacteroidota; c__Bacteroidia; o__Chitinophagales; f__Chitinophagaceae; g__Ferruginibacter; s__uncultured_bacterium	0.7
0186eac0b4227c46eede358bfbf2a663	d__Bacteria; p__Bacteroidota; c__Bacteroidia; o__Chitinophagales; f__Chitinophagaceae; g__Edaphobaculum	0.9
024c7a524a04eebcaf5bab52ab3b2123	d__Bacteria; p__Acidobacteriota; c__Blastocatellia; o__Blastocatellales; f__Blastocatellaceae; g__Blastocatella	1.0
02614c450c18242485e9eae0fdc95bca	d__Bacteria; p__Planctomycetota; c__Phycisphaerae; o__Tepidisphaerales; f__WD2101_soil_group; g__WD2101_soil_group; s__uncultured_bacterium	0.8
029549d17a884744cf38a154af3661e5	d__Bacteria; p__Proteobacteria; c__Alphaproteobacteria; o__Sphingomonadales; f__Sphingomonadaceae	1.0
02a8dde155a9b4af6a775bfa09fa5d03	d__Bacteria; p__Actinobacteriota; c__Actinobacteria; o__Propionibacteriales; f__Nocardioidaceae; g__Nocardioides	1.0
03056b4edbc2533809707852f30da6ed	d__Bacteria; p__Proteobacteria; c__Alphaproteobacteria; o__Sphingomonadales; f__Sphingomonadaceae	1.0
0309846fd7755ef6fa61f673cfd5fc28	d__Bacteria; p__Actinobacteriota; c__Actinobacteria; o__Micrococcales; f__Microbacteriaceae; g__Amnibacterium	0.7
034c93fa39df214270df5d25182592e4	d__Bacteria; p__Acidobacteriota; c__Blastocatellia; o__Blastocatellales; f__Blastocatellaceae; g__Blastocatella; s__uncultured_bacterium	0.7
03689296b89db355d9def75730e3bd12	d__Bacteria; p__Cyanobacteria; c__Cyanobacteriia; o__Cyanobacteriales; f__Nostocaceae	1.0
036e5dad38c1e5474b32fbefb1787b44	d__Bacteria; p__Actinobacteriota; c__Actinobacteria; o__Micrococcales; f__Microbacteriaceae; g__Curtobacterium	1.0
03905004906416ca2ae19614364431b5	d__Bacteria; p__Proteobacteria; c__Alphaproteobacteria; o__Rhizobiales; f__Beijerinckiaceae; g__Methylocella	0.6
03baea53f2c523279e3880e2a24002ba	d__Bacteria; p__Planctomycetota; c__Planctomycetes; o__Planctomycetales; f__Schlesneriaceae; g__Planctopirus	0.9
03c2b8277fe6fb74140c740ca7123b67	d__Bacteria; p__Proteobacteria; c__Alphaproteobacteria; o__Acetobacterales; f__Acetobacteraceae; g__Rhodovastum	0.8
03ea3bbad53bb77b72bbf69056157c10	d__Bacteria; p__Planctomycetota; c__Planctomycetes; o__Gemmatales; f__Gemmataceae; g__Fimbriiglobus	0.7
03f0ca949140192bcc445124aad9090b	d__Bacteria; p__Bacteroidota; c__Bacteroidia; o__Cytophagales; f__Spirosomaceae; g__Spirosoma; s__uncultured_bacterium	0.8
040bc5449c250650815891a75e38c2fd	d__Bacteria; p__Bacteroidota; c__Bacteroidia; o__Cytophagales; f__Spirosomaceae; g__Spirosoma	1.0
04519aa805da9c15d8364a547847385b	d__Bacteria; p__Verrucomicrobiota; c__Verrucomicrobiae; o__Chthoniobacterales; f__Xiphinematobacteraceae; g__Candidatus_Xiphinematobacter	0.6
04881900b7c7f58fcafefba403956ccc	d__Bacteria; p__Chloroflexi; c__Anaerolineae; o__SBR1031; f__SBR1031; g__SBR1031; s__uncultured_bacterium	0.9
0495ca62d59d4a82811dbaa2eabc5702	d__Bacteria; p__Planctomycetota; c__Planctomycetes; o__Isosphaerales; f__Isosphaeraceae; g__Tundrisphaera; s__uncultured_bacterium	0.8
04bc21d63a91247a8c9e5bbde38db747	d__Bacteria; p__Planctomycetota; c__Planctomycetes; o__Isosphaerales; f__Isosphaeraceae	1.0
04cb993aa6a78ff37ffb5ffa99b67417	Unassigned	1.0
04d805c709a08c2249086b1cc2b08a0a	d__Bacteria; p__Planctomycetota; c__Planctomycetes; o__Isosphaerales; f__Isosphaeraceae; g__uncultured; s__uncultured_bacterium	0.8
04d92582601094d74c8b5704f57ec06a	d__Bacteria; p__Proteobacteria; c__Alphaproteobacteria; o__Sphingomonadales; f__Sphingomonadaceae; g__Sphingomonas	1.0
05ac82c415b71fb040182f306cc9d2d4	d__Bacteria; p__Bacteroidota; c__Bacteroidia; o__Cytophagales; f__Spirosomaceae; g__Spirosoma	1.0
05d474a6b995580a8a9bffe8c232d11d	d__Bacteria; p__Actinobacteriota; c__Actinobacteria; o__Propionibacteriales; f__Nocardioidaceae; g__Kribbella	1.0
05e434965ba360666eb273f290628ac3	d__Bacteria; p__Proteobacteria; c__Gammaproteobacteria; o__Burkholderiales; f__Comamonadaceae; g__Variovorax	1.0
0655a8dc07f27336871c143ab0fbd655	d__Bacteria; p__Bacteroidota; c__Bacteroidia; o__Cytophagales; f__Spirosomaceae; g__Spirosoma	1.0
0659ad1bcaf66ce960295d5b72218cfc	d__Bacteria; p__Cyanobacteria; c__Cyanobacteriia; o__Chloroplast; f__Chloroplast; g__Chloroplast	1.0
0680b9a13f394dc27b17d3bb8925002d	d__Bacteria; p__Myxococcota; c__Polyangia; o__Polyangiales; f__Polyangiaceae; g__Pajaroellobacter	1.0
06de59f65c05e7d4d018694b0f000e96	d__Bacteria; p__Cyanobacteria; c__Cyanobacteriia	1.0
070de9a58c629365bdae4730b6f44ba8	d__Bacteria; p__Planctomycetota; c__Planctomycetes; o__Isosphaerales; f__Isosphaeraceae	1.0
074d10cb58b30dcb68c5309dbdbd45eb	d__Bacteria; p__Proteobacteria; c__Gammaproteobacteria; o__Burkholderiales; f__Burkholderiaceae; g__Burkholderia-Caballeronia-Paraburkholderia; s__Burkholderia_sp.	0.8
074ed5658842e793045705a41a2f57f1	d__Bacteria; p__Planctomycetota; c__Planctomycetes; o__Gemmatales; f__Gemmataceae; g__Gemmata; s__uncultured_bacterium	0.7
076eae8a00027057699aedc51dafca0d	d__Bacteria; p__Bacteroidota; c__Bacteroidia; o__Chitinophagales; f__Chitinophagaceae; g__Edaphobaculum; s__uncultured_bacterium	0.6
0772588d6ee8f88e1aa9ddf7316559fe	d__Bacteria; p__Myxococcota; c__Polyangia; o__Polyangiales; f__Polyangiaceae; g__Pajaroellobacter	0.7
0780d2fb38a71cd03e2f6eff119bd5ad	d__Bacteria; p__Proteobacteria; c__Alphaproteobacteria; o__Rhizobiales; f__Beijerinckiaceae	1.0
07d72422387822499006f085957ee6cf	d__Bacteria; p__Bacteroidota; c__Bacteroidia; o__Chitinophagales; f__Chitinophagaceae; g__Aurantisolimonas; s__uncultured_bacterium	0.6
08268d8d37aba67fe7a44bfe235852e8	d__Bacteria; p__Bacteroidota; c__Bacteroidia; o__Cytophagales; f__Hymenobacteraceae; g__Hymenobacter; s__uncultured_bacterium	0.6
084ea676f217fe31975d7e273ca6e93c	d__Bacteria; p__Actinobacteriota; c__Actinobacteria; o__Frankiales	0.6
08535a9ffd76b451bf7644334c4a6ba2	d__Bacteria; p__Planctomycetota; c__Planctomycetes; o__Isosphaerales; f__Isosphaeraceae; g__Tundrisphaera	0.6
088116e40c12e3234803c0348aa1e332	d__Bacteria; p__Bacteroidota; c__Bacteroidia; o__Chitinophagales; f__Chitinophagaceae; g__Edaphobaculum	1.0
089aa9ae347d9df942a139dee2a3e6d8	d__Bacteria; p__Proteobacteria; c__Alphaproteobacteria; o__Rhodobacterales; f__Rhodobacteraceae; g__uncultured	0.8
08b898099e4edfe5aaab844df97a8f81	d__Bacteria; p__Myxococcota; c__Polyangia; o__Polyangiales; f__Phaselicystidaceae; g__Phaselicystis	0.7
08c3d64aeb991b571ab1fd33b1055b60	d__Bacteria; p__Verrucomicrobiota; c__Verrucomicrobiae; o__Chthoniobacterales; f__Chthoniobacteraceae; g__Chthoniobacter	1.0
091f0039f9699e2b582c467fb547c98d	d__Bacteria; p__Actinobacteriota; c__Actinobacteria; o__Micrococcales; f__Micrococcaceae; g__Pseudarthrobacter	0.9
095645ede2143a03f95f435cc93cb4dc	d__Bacteria; p__Bacteroidota; c__Bacteroidia; o__Cytophagales; f__Spirosomaceae; g__Spirosoma	1.0
096e43d95ebdd998515c2bc9a2b0380e	d__Bacteria; p__Verrucomicrobiota; c__Verrucomicrobiae; o__Chthoniobacterales; f__Chthoniobacteraceae; g__Chthoniobacter	1.0
097493ff43f1a9c3547970ad02db35b6	d__Bacteria; p__Proteobacteria; c__Gammaproteobacteria; o__Burkholderiales; f__Sutterellaceae; g__uncultured; s__uncultured_bacterium	0.8
0a3e15b67590fa9ce223e55f53603029	d__Bacteria; p__Proteobacteria; c__Alphaproteobacteria; o__Sphingomonadales; f__Sphingomonadaceae; g__Sphingomonas; s__uncultured_bacterium	0.7
0a61b96223d99fe10647a0556d526199	d__Bacteria; p__Bacteroidota; c__Bacteroidia; o__Cytophagales; f__Spirosomaceae; g__Spirosoma	1.0
0a8724a79c379a364d00faa85f4b17dc	d__Bacteria; p__Armatimonadota; c__Armatimonadia; o__Armatimonadales; f__Armatimonadales; g__Armatimonadales; s__uncultured_bacterium	0.8
0a9eaefbba71e5d9068be138f2794a0a	d__Bacteria; p__Planctomycetota; c__Phycisphaerae; o__Tepidisphaerales; f__WD2101_soil_group; g__WD2101_soil_group; s__uncultured_bacterium	0.8
0aefe74ea6e4fb29ffc7b941130ba66f	d__Bacteria; p__Proteobacteria; c__Alphaproteobacteria; o__Rhizobiales; f__Labraceae; g__Labrys	1.0
0b1855d358ca25c6bfec4ec3fa84de0e	d__Bacteria; p__Proteobacteria; c__Gammaproteobacteria; o__Burkholderiales	1.0
0b2c2e19e488eb3a5967fa1a4cb34992	d__Bacteria; p__Bacteroidota; c__Bacteroidia; o__Sphingobacteriales; f__Sphingobacteriaceae; g__Sphingobacterium	1.0
0b68091f3c4318f08b6e0b067381e9f5	d__Bacteria; p__Proteobacteria; c__Alphaproteobacteria; o__Sphingomonadales; f__Sphingomonadaceae; g__Sphingobium	0.9
0b8afcb59089c2503d2a0296cd43e1a0	d__Bacteria; p__Bacteroidota; c__Bacteroidia; o__Cytophagales	1.0
0b8b78f5723c13f8ab338aaf124d6ace	d__Bacteria; p__Bacteroidota; c__Bacteroidia; o__Chitinophagales; f__Chitinophagaceae; g__Edaphobaculum	1.0
0bcd4366d0550fb93ba0558ef0e4489c	d__Bacteria; p__Proteobacteria; c__Alphaproteobacteria; o__Caulobacterales; f__Caulobacteraceae; g__uncultured	0.6
0bde410af9573104408301cbef2e6a39	d__Bacteria; p__Bacteroidota; c__Bacteroidia; o__Chitinophagales; f__Chitinophagaceae; g__Aurantisolimonas	1.0
0be367cd6e16b8ebeadc9b2b970e3af2	d__Bacteria; p__Proteobacteria; c__Alphaproteobacteria; o__Sphingomonadales; f__Sphingomonadaceae; g__Sphingomonas	0.7
0bf21cd57bb8634385f2edf3170149b4	d__Bacteria; p__Armatimonadota; c__Armatimonadia; o__Armatimonadales; f__Armatimonadales; g__Armatimonadales; s__uncultured_bacterium	0.9
0c2ac5f8f2a7617e05888376823876f3	d__Bacteria; p__Proteobacteria; c__Alphaproteobacteria; o__Acetobacterales; f__Acetobacteraceae	1.0
0c4c132a25ffcf3667d3f5382d632cd0	d__Bacteria; p__Bacteroidota; c__Bacteroidia; o__Chitinophagales; f__Chitinophagaceae; g__uncultured	0.8
0c5a402739f455190068716a0a6920a8	d__Bacteria; p__Planctomycetota; c__Planctomycetes; o__Isosphaerales; f__Isosphaeraceae; g__Aquisphaera	0.6
0c835fb51bdf32dc1408ce1f839fc61f	d__Bacteria; p__Acidobacteriota; c__Acidobacteriae; o__Solibacterales; f__Solibacteraceae; g__Candidatus_Solibacter; s__uncultured_bacterium	0.6
0c87dc761aaa575d27ddf36a8028f150	d__Bacteria; p__Actinobacteriota; c__Thermoleophilia; o__Solirubrobacterales; f__Solirubrobacteraceae; g__uncultured; s__uncultured_bacterium	0.7
0caa60e7994cc810443063fa408f74f9	d__Bacteria; p__Bacteroidota; c__Bacteroidia; o__Cytophagales; f__Spirosomaceae; g__Spirosoma; s__uncultured_bacterium	0.6
0cad383bb542348956950046df0a4ac7	d__Bacteria; p__Actinobacteriota; c__Actinobacteria; o__Frankiales; f__uncultured; g__uncultured; s__uncultured_bacterium	0.7
0cbb9413fe594f5b6ea4d150c80afd53	d__Bacteria; p__Proteobacteria; c__Gammaproteobacteria; o__Burkholderiales	1.0
0cf35666bb8c3b721acf04d6e349d7dd	d__Bacteria; p__Proteobacteria; c__Alphaproteobacteria; o__Micropepsales; f__Micropepsaceae; g__uncultured	1.0
0d10f776006e070f82cddf5e7a4874af	d__Bacteria; p__Proteobacteria; c__Gammaproteobacteria; o__Pseudomonadales; f__Pseudomonadaceae; g__Azotobacter; s__Azotobacter_chroococcum	0.6
0d16b63c7fb2be50bd52b6a15489395f	d__Bacteria; p__Acidobacteriota; c__Acidobacteriae; o__Acidobacteriales; f__Acidobacteriaceae_(Subgroup_1); g__uncultured; s__uncultured_bacterium	0.6
0d2a1cb0f922dd713cc91e6c682ccb82	d__Bacteria; p__Chloroflexi; c__Chloroflexia; o__Chloroflexales; f__Chloroflexaceae; g__FFCH7168; s__uncultured_bacterium	1.0
0d9533b6ea485c0480d2cb3b3c175c6b	d__Bacteria; p__Cyanobacteria; c__Cyanobacteriia; o__Chloroplast; f__Chloroplast; g__Chloroplast	1.0
0da0d1cb0a4843871631277d4d76f418	d__Bacteria; p__Planctomycetota; c__Planctomycetes; o__Isosphaerales; f__Isosphaeraceae; g__Tundrisphaera; s__uncultured_bacterium	0.8
0da7f47b54581d2da8a4a4dff4c71544	d__Bacteria; p__Cyanobacteria; c__Cyanobacteriia; o__Chloroplast; f__Chloroplast; g__Chloroplast	1.0
0dc6810d82058eece8223c5f2a548343	d__Bacteria; p__Acidobacteriota; c__Acidobacteriae; o__Acidobacteriales; f__Acidobacteriaceae_(Subgroup_1); g__Terriglobus	0.6
0ddc204073512182867ed9ed51e55701	d__Bacteria; p__Bacteroidota; c__Bacteroidia; o__Cytophagales; f__Hymenobacteraceae; g__Hymenobacter	1.0
0dfe48652dc925cc31566e6b2e15fcb1	d__Bacteria; p__Proteobacteria; c__Alphaproteobacteria; o__Acetobacterales; f__Acetobacteraceae; g__Acidocella	0.6
0e1b3c6ba45c8c465e66f25086dc3224	d__Bacteria; p__Bacteroidota; c__Bacteroidia; o__Cytophagales; f__Hymenobacteraceae; g__Hymenobacter	1.0
0e3dcfb27b1953347448e536bb576dee	d__Bacteria; p__Armatimonadota; c__Armatimonadia; o__Armatimonadales; f__Armatimonadales; g__Armatimonadales; s__uncultured_bacterium	0.8
0e5c81dabbdf940eb4267df186cc1077	d__Bacteria; p__Planctomycetota; c__Planctomycetes; o__Isosphaerales; f__Isosphaeraceae; g__uncultured; s__uncultured_bacterium	0.8
0e7cb51785812ab465ac0e2e6179d0b9	d__Bacteria; p__Bacteroidota; c__Bacteroidia; o__Cytophagales; f__Microscillaceae; g__uncultured; s__uncultured_bacterium	0.6
0ea08fd45e860eecc243493f10f39792	d__Bacteria; p__Planctomycetota; c__Planctomycetes; o__Gemmatales; f__Gemmataceae; g__Gemmata	1.0
0ec5d4d2f8948c4457e64adc73f4c00b	d__Bacteria; p__Proteobacteria; c__Alphaproteobacteria; o__Rhodospirillales; f__uncultured; g__uncultured; s__uncultured_bacterium	0.6
0f0e3c5ac4085e354e1c1fd1d12798da	d__Bacteria; p__Proteobacteria; c__Alphaproteobacteria; o__Rhizobiales; f__Beijerinckiaceae; g__1174-901-12	1.0
0f400d7977a90df0a3e6aad016a84a7d	d__Bacteria; p__Bacteroidota; c__Bacteroidia; o__Chitinophagales; f__Chitinophagaceae; g__uncultured	0.8
0f4fbfd7cff544c50b6ea3107722f464	d__Bacteria; p__Bacteroidota; c__Bacteroidia; o__Cytophagales; f__Spirosomaceae; g__Spirosoma; s__uncultured_bacterium	0.8
0fa1bbb43854f076474664d029721e3c	d__Bacteria; p__Planctomycetota; c__Planctomycetes; o__Isosphaerales; f__Isosphaeraceae	1.0
103d4e5b4f52e5f35fecb48c4ed2d32c	d__Bacteria; p__Proteobacteria; c__Alphaproteobacteria; o__Rhizobiales; f__Beijerinckiaceae; g__Methylobacterium-Methylorubrum	1.0
1045162cad02678551df8d920cd519f5	d__Bacteria; p__Bacteroidota; c__Bacteroidia; o__Chitinophagales; f__Chitinophagaceae; g__Aurantisolimonas; s__uncultured_bacterium	0.7
1052819175a487b26fea2cef5907dace	d__Bacteria; p__Proteobacteria; c__Alphaproteobacteria; o__Acetobacterales; f__Acetobacteraceae	1.0
10653dd8a6b39c3a6c50e96c5a89303c	d__Bacteria; p__Bacteroidota; c__Bacteroidia; o__Cytophagales	1.0
108439101d90f48f4f52f6d1e80bfbba	d__Bacteria; p__Bacteroidota; c__Bacteroidia; o__Cytophagales; f__Spirosomaceae; g__Spirosoma	1.0
10850559e72ba72414bbb16d151dc3d4	d__Bacteria; p__Deinococcota; c__Deinococci; o__Deinococcales; f__Deinococcaceae; g__Deinococcus	1.0
10ae056e73af474edfd10c6f37b298d4	d__Bacteria; p__Proteobacteria; c__Alphaproteobacteria; o__Sphingomonadales; f__Sphingomonadaceae; g__Sphingomonas	1.0
10cad37e5826eeb9b3568a780d1c8477	d__Bacteria; p__Chloroflexi; c__Chloroflexia; o__Chloroflexales; f__Roseiflexaceae; g__uncultured; s__uncultured_bacterium	0.8
10f13a2f63ffc3e0085de39450db0da7	d__Bacteria; p__Spirochaetota; c__Spirochaetia; o__Spirochaetales; f__Spirochaetaceae	1.0
1109f6337973b764733c1a80bac284ba	d__Bacteria; p__Proteobacteria; c__Alphaproteobacteria; o__Azospirillales; f__Inquilinaceae; g__Inquilinus	0.7
116e00df6d2ee13bdc9b3ffcd13316aa	d__Bacteria; p__Bacteroidota; c__Bacteroidia; o__Chitinophagales; f__Chitinophagaceae; g__Edaphobaculum; s__uncultured_bacterium	0.9
116eeab8be66301cbd45c8f95fdd2411	d__Bacteria; p__Proteobacteria; c__Alphaproteobacteria; o__Acetobacterales; f__Acetobacteraceae; g__Acidisoma	0.6
119f07512a8e63b80627befc5dcd918c	d__Bacteria; p__Bacteroidota; c__Bacteroidia; o__Cytophagales; f__Microscillaceae; g__Chryseolinea	0.9
119fb9b021f72e27ae46cf66519f58aa	d__Bacteria; p__Actinobacteriota; c__Acidimicrobiia; o__Microtrichales; f__Ilumatobacteraceae; g__uncultured; s__uncultured_bacterium	0.9
11b0acb12a8d098b9197b1cb33b38156	d__Bacteria; p__Planctomycetota; c__Planctomycetes; o__Gemmatales; f__Gemmataceae; g__Fimbriiglobus	0.9
11c36d1fa956a2c1b50f4cb9ec000141	d__Bacteria; p__Proteobacteria; c__Gammaproteobacteria; o__Xanthomonadales; f__Xanthomonadaceae; g__Luteimonas	0.9
11fef04cd70499b2c12b2054d8868be2	d__Bacteria; p__Bacteroidota; c__Bacteroidia; o__Cytophagales; f__Spirosomaceae; g__Spirosoma	1.0
124267366653710af0dd43b2b78f5d20	d__Bacteria; p__Proteobacteria; c__Alphaproteobacteria; o__Rhizobiales; f__Rhizobiaceae; g__Allorhizobium-Neorhizobium-Pararhizobium-Rhizobium	0.9
12532914e9891ce44479e00ce2d027db	d__Bacteria; p__Proteobacteria; c__Alphaproteobacteria; o__Sphingomonadales; f__Sphingomonadaceae; g__Sphingomonas	1.0
127527ef71032e1284d967a3d501fa3d	d__Bacteria; p__Proteobacteria; c__Alphaproteobacteria; o__Sphingomonadales; f__Sphingomonadaceae; g__Sphingomonas	1.0
12af56897c6db0f6396908b5b9962e65	d__Bacteria; p__Bacteroidota; c__Bacteroidia; o__Chitinophagales; f__Chitinophagaceae; g__Edaphobaculum	0.6
12b13a7d83ad954175a224f44f5bb17c	d__Bacteria; p__Planctomycetota; c__Phycisphaerae; o__Tepidisphaerales; f__WD2101_soil_group; g__WD2101_soil_group; s__uncultured_bacterium	1.0
12b669141a4d94dc22cb06a84b94c456	d__Bacteria; p__Bacteroidota; c__Bacteroidia; o__Cytophagales; f__Spirosomaceae; g__Spirosoma	1.0
12d3cc004452c4535d36db8e38de59f4	d__Bacteria; p__Proteobacteria; c__Alphaproteobacteria; o__Rickettsiales; f__SM2D12; g__SM2D12	1.0
12f0ab343920036bd0e67e179ff80afc	d__Bacteria; p__Cyanobacteria; c__Cyanobacteriia; o__Chloroplast; f__Chloroplast; g__Chloroplast	1.0
1311d7f61a7bf60a6b1ac4222c5b94e8	d__Bacteria; p__Proteobacteria; c__Alphaproteobacteria; o__Rhizobiales; f__Rhizobiaceae; g__Ochrobactrum	1.0
135a6c43d3fc6619691bfa61b1b2dd81	d__Bacteria; p__Armatimonadota; c__Armatimonadia; o__Armatimonadales; f__Armatimonadales; g__Armatimonadales; s__uncultured_bacterium	0.8
139fb9705f51953633c8c514ba1c6f0e	d__Bacteria; p__Cyanobacteria; c__Cyanobacteriia; o__Chloroplast; f__Chloroplast; g__Chloroplast	1.0
13d48306c9a23c3ec19a754c2b7bdc03	d__Bacteria; p__Bacteroidota; c__Bacteroidia; o__Chitinophagales; f__Chitinophagaceae; g__Edaphobaculum	0.6
13e4b074e75f277d158dfb06d6e29781	d__Bacteria; p__Planctomycetota; c__Planctomycetes; o__Isosphaerales; f__Isosphaeraceae; g__uncultured	0.6
13e9fcadb6eda4c412b25dff6abd7bee	d__Bacteria; p__Bacteroidota; c__Bacteroidia; o__Cytophagales; f__Spirosomaceae; g__Spirosoma	1.0
1417845b99d3b72e2bae830b0d130ab9	d__Bacteria; p__Proteobacteria; c__Alphaproteobacteria; o__Acetobacterales; f__Acetobacteraceae; g__uncultured	0.6
144642a872e32eceed653b87d9571e92	d__Bacteria; p__Planctomycetota; c__Planctomycetes; o__Isosphaerales; f__Isosphaeraceae; g__Tundrisphaera; s__uncultured_bacterium	0.6
145847277838dc8bec398b2be1e69826	d__Bacteria; p__Proteobacteria; c__Alphaproteobacteria; o__Acetobacterales; f__Acetobacteraceae	1.0
145ae18aaf17a03c6456d1fa8b9a746c	d__Bacteria; p__Acidobacteriota; c__Acidobacteriae; o__Acidobacteriales; f__Acidobacteriaceae_(Subgroup_1)	1.0
1471ea950eca4dbe1324295fcffaf264	d__Bacteria; p__Bacteroidota; c__Bacteroidia; o__Cytophagales; f__Spirosomaceae; g__Spirosoma	0.9
14802dee1794ae54a764240cf259c36e	d__Bacteria; p__Planctomycetota; c__Phycisphaerae; o__Tepidisphaerales; f__WD2101_soil_group; g__WD2101_soil_group; s__uncultured_bacterium	1.0
148bd979aebdff15687fc9ebc2e7e68d	d__Bacteria; p__Verrucomicrobiota; c__Verrucomicrobiae; o__Verrucomicrobiales; f__Verrucomicrobiaceae; g__uncultured; s__uncultured_bacterium	0.6
149e99120e96e129fec9638ccea19a8a	d__Bacteria; p__Planctomycetota; c__Planctomycetes; o__Isosphaerales; f__Isosphaeraceae	1.0
149f27c5e8cf31678989f04af9403701	d__Bacteria; p__Nitrospirota; c__Nitrospiria; o__Nitrospirales; f__Nitrospiraceae; g__Nitrospira; s__uncultured_bacterium	0.7
14c63e5fb354e8845ea3258c404ea5cd	d__Bacteria; p__Bacteroidota; c__Bacteroidia; o__Cytophagales; f__Spirosomaceae; g__Spirosoma; s__uncultured_bacterium	0.6
14c9dab7ef89df3d9edeb9b529065d0e	d__Bacteria; p__Chloroflexi; c__Chloroflexia; o__Thermomicrobiales; f__JG30-KF-CM45; g__JG30-KF-CM45; s__uncultured_bacterium	0.7
14d8e81c3bf5881a33100cb9bfcfbce8	d__Bacteria; p__Bacteroidota; c__Bacteroidia; o__Cytophagales; f__Cytophagaceae; g__Cytophaga	1.0
14edaa3714ab45a8437ac330a5d587f2	d__Bacteria; p__Bdellovibrionota; c__Bdellovibrionia; o__Bdellovibrionales; f__Bdellovibrionaceae; g__Bdellovibrio; s__uncultured_bacterium	1.0
15169a141a82670e1cc69c847c1fa46d	d__Bacteria; p__Bacteroidota; c__Bacteroidia; o__Flavobacteriales; f__Flavobacteriaceae; g__Flavobacterium	1.0
15214f7b6aac5d403da91b34fb88c09f	d__Bacteria; p__Bacteroidota; c__Bacteroidia; o__Cytophagales; f__Spirosomaceae; g__Spirosoma	0.8
152a9ece2f5061b30f3d2b286c56f8b6	d__Bacteria; p__Proteobacteria; c__Alphaproteobacteria; o__Acetobacterales; f__Acetobacteraceae; g__uncultured	0.8
156eef15196f7478ad4a3a887dea0bb3	d__Bacteria; p__Cyanobacteria; c__Cyanobacteriia; o__Chloroplast; f__Chloroplast; g__Chloroplast	1.0
1580285959d5aa0f12c902bc9439387d	d__Bacteria; p__Actinobacteriota; c__Actinobacteria; o__Streptomycetales; f__Streptomycetaceae; g__Streptomyces	1.0
15e7d3b038454b420ff01e54a050856c	d__Bacteria; p__Actinobacteriota; c__Actinobacteria; o__Kineosporiales; f__Kineosporiaceae	1.0
16c0bf45084cb06554e3204dd6d041bd	Unassigned	1.0
16cfc1b19ecab8ba809abdfb1bb942b5	d__Bacteria; p__Proteobacteria; c__Alphaproteobacteria; o__Azospirillales; f__Inquilinaceae; g__Inquilinus	0.7
16db51aae836fddc6bdd2f67ab1b6306	d__Bacteria; p__Bacteroidota; c__Bacteroidia; o__Cytophagales; f__Spirosomaceae; g__Spirosoma	0.8
16f07520b2f7cd60c5dfbf178bd696df	d__Bacteria; p__Bacteroidota; c__Bacteroidia; o__Sphingobacteriales; f__Sphingobacteriaceae	1.0
170554217aa0a898120abe615aa2dc66	d__Bacteria; p__Proteobacteria; c__Alphaproteobacteria; o__Rhizobiales; f__Beijerinckiaceae; g__Methylobacterium-Methylorubrum; s__uncultured_bacterium	0.7
17460397df1af910f206df9bc19fd103	d__Bacteria; p__Bacteroidota; c__Bacteroidia; o__Chitinophagales; f__Chitinophagaceae; g__Edaphobaculum; s__uncultured_bacterium	0.8
1748138db965cf847178feab984342dc	d__Bacteria; p__Bacteroidota; c__Bacteroidia; o__Cytophagales; f__Spirosomaceae; g__Spirosoma	1.0
17527770f87debec4950461fbf31d54d	d__Bacteria; p__Bacteroidota; c__Bacteroidia; o__Cytophagales; f__Spirosomaceae; g__Spirosoma	1.0
1761763afb8b8064880b874dc0630f88	d__Bacteria; p__Planctomycetota; c__Planctomycetes; o__Isosphaerales; f__Isosphaeraceae	1.0
179d8cfd41ce5f121be2097bc01006b6	d__Bacteria; p__Actinobacteriota; c__Thermoleophilia; o__Solirubrobacterales; f__67-14; g__67-14; s__uncultured_bacterium	0.6
17d20d7f607e9b73eaf6a77b4f3e0154	d__Bacteria; p__Proteobacteria; c__Gammaproteobacteria; o__Burkholderiales; f__Burkholderiaceae; g__Candidatus_Tremblaya; s__Candidatus_Tremblaya	1.0
17f19f1a705e0bb8584fac8a9be1a764	Unassigned	1.0
182042b5512fb18229ce95266f696346	d__Bacteria; p__Planctomycetota; c__Planctomycetes; o__Isosphaerales; f__Isosphaeraceae; g__Tundrisphaera; s__uncultured_bacterium	0.8
182aad84210b616dda78f3b537b02512	d__Bacteria; p__Bacteroidota; c__Bacteroidia; o__Cytophagales; f__Cytophagaceae; g__Cytophaga	0.6
1841165d3d7e4c195fca34ae1a168c6f	d__Bacteria; p__Proteobacteria; c__Gammaproteobacteria; o__Pseudomonadales; f__Moraxellaceae; g__uncultured; s__metagenome	0.7
184166fb6493f364ec3579614d24a9b4	d__Bacteria; p__Bacteroidota; c__Bacteroidia; o__Cytophagales; f__Spirosomaceae; g__Spirosoma	1.0
184201f7aae920ed8a23644647acf53c	d__Bacteria; p__Bacteroidota; c__Bacteroidia; o__Chitinophagales; f__Chitinophagaceae; g__Edaphobaculum	1.0
18640ae95cfdfbbecf820e7779c73963	d__Bacteria; p__Verrucomicrobiota; c__Verrucomicrobiae; o__Chthoniobacterales; f__Chthoniobacteraceae	0.9
18b32442cefe0c3c5a9ddd10b1c3bd0e	d__Bacteria; p__Proteobacteria; c__Alphaproteobacteria; o__Acetobacterales; f__Acetobacteraceae; g__uncultured	1.0
18f7893c747132a35aa433428d5a0ba3	d__Bacteria; p__Acidobacteriota; c__Blastocatellia; o__DS-100; f__DS-100; g__DS-100; s__uncultured_bacterium	0.6
190188998f9b55bdcf5ef716613c1eec	d__Bacteria; p__Proteobacteria; c__Alphaproteobacteria; o__Acetobacterales; f__Acetobacteraceae; g__Acidiphilium	0.8
1901968e6a3a3fc73deacc91888065da	d__Bacteria; p__Planctomycetota; c__Planctomycetes; o__Isosphaerales; f__Isosphaeraceae; g__uncultured; s__uncultured_bacterium	0.9
1944c1a4ccaf6335a5dc2de194ea24a8	d__Bacteria; p__Acidobacteriota; c__Acidobacteriae; o__Acidobacteriales; f__Acidobacteriaceae_(Subgroup_1); g__Granulicella	0.9
1998b093e7f7837a8b1dbd95da2fc8df	d__Bacteria; p__Chloroflexi; c__Chloroflexia; o__Chloroflexales; f__Chloroflexaceae; g__FFCH7168; s__uncultured_bacterium	0.9
19cf78949123bddb886f132fa9afc43b	d__Bacteria; p__Proteobacteria; c__Gammaproteobacteria; o__Burkholderiales; f__Burkholderiaceae; g__Burkholderia-Caballeronia-Paraburkholderia	1.0
19d26358a01972106e95ddec8ab020b5	d__Bacteria; p__Planctomycetota; c__Phycisphaerae; o__Tepidisphaerales; f__WD2101_soil_group; g__WD2101_soil_group; s__uncultured_bacterium	1.0
19df33d34cc6536632a1895452a4f89d	d__Bacteria; p__Proteobacteria; c__Alphaproteobacteria; o__Sphingomonadales; f__Sphingomonadaceae; g__Sphingomonas; s__uncultured_bacterium	0.8
19f8ecd02708205cda60ac795fef0246	d__Bacteria; p__Bacteroidota; c__Bacteroidia; o__Cytophagales; f__Spirosomaceae; g__Spirosoma	0.9
1a0531cc97b7becbd5652f620c046986	d__Bacteria; p__Verrucomicrobiota; c__Verrucomicrobiae; o__Verrucomicrobiales; f__Verrucomicrobiaceae; g__uncultured; s__uncultured_bacterium	0.6
1a712001d9d9a4289b019b0460c5ea8a	d__Bacteria; p__Proteobacteria; c__Alphaproteobacteria; o__Acetobacterales; f__Acetobacteraceae; g__Acidiphilium	0.9
1a7566a144ad3dc0b3bdaf0d77421d35	Unassigned	1.0
1a8b7fc6a00f52d01fa71915991a1e15	d__Bacteria; p__Bacteroidota; c__Bacteroidia; o__Chitinophagales; f__Chitinophagaceae; g__Ferruginibacter; s__uncultured_bacterium	0.7
1a9b668acfa80d20203b45624dff777b	d__Bacteria; p__Bacteroidota; c__Bacteroidia; o__Flavobacteriales; f__Flavobacteriaceae; g__Flavobacterium	1.0
1aa2e41664999f78c604f0029bc566f1	d__Bacteria; p__Planctomycetota; c__Planctomycetes; o__Isosphaerales; f__Isosphaeraceae; g__Tundrisphaera; s__uncultured_bacterium	0.6
1ad8cf27f0afa6aff19354daa4710d9d	d__Bacteria; p__Cyanobacteria; c__Cyanobacteriia; o__Cyanobacteriales; f__Chroococcidiopsaceae; g__uncultured; s__uncultured_bacterium	0.9
1ae65145ccaeaf4e1e5040e69e806173	d__Bacteria; p__Myxococcota; c__Myxococcia; o__Myxococcales; f__Myxococcaceae; g__P3OB-42; s__uncultured_bacterium	0.9
1af8d23c19ff62dbaed68a705adca0d9	d__Bacteria; p__Planctomycetota; c__Phycisphaerae; o__Tepidisphaerales; f__Tepidisphaeraceae; g__Tepidisphaeraceae; s__uncultured_bacterium	0.9
1aff762c3def9e895849844ee6b3915d	d__Bacteria; p__Acidobacteriota; c__Blastocatellia; o__Blastocatellales; f__Blastocatellaceae; g__Blastocatella; s__uncultured_bacterium	0.6
1b0a2fcd9fab3ae81affeeeb446a60ae	d__Bacteria; p__Cyanobacteria; c__Vampirivibrionia; o__Obscuribacterales; f__Obscuribacteraceae; g__Obscuribacteraceae; s__uncultured_bacterium	0.9
1b12e40e2d1aebb6a43e45c33f1ff25c	d__Bacteria; p__Cyanobacteria; c__Vampirivibrionia; o__Vampirovibrionales; f__Vampirovibrionaceae; g__Vampirovibrio	0.6
1b4072fb6d431f03f0fc728dafc98df1	d__Bacteria; p__Bacteroidota; c__Bacteroidia; o__Chitinophagales; f__Chitinophagaceae; g__Edaphobaculum; s__uncultured_bacterium	0.8
1b5da7e49ef614fdbe6a9c3255624bc5	d__Bacteria; p__Proteobacteria; c__Gammaproteobacteria; o__Salinisphaerales; f__Solimonadaceae; g__Nevskia	0.6
1b7430417d6f9c29589a9f49b5ae2334	d__Bacteria; p__Proteobacteria; c__Alphaproteobacteria; o__Acetobacterales; f__Acetobacteraceae; g__Acidiphilium; s__uncultured_bacterium	0.7
1b7c06ddc7feed15ddbc8b7f738d6261	d__Bacteria; p__Bacteroidota; c__Bacteroidia; o__Cytophagales; f__Hymenobacteraceae; g__Hymenobacter	1.0
1b825817441eced60100c476a839f85e	d__Bacteria; p__Armatimonadota; c__Fimbriimonadia; o__Fimbriimonadales; f__Fimbriimonadaceae; g__Fimbriimonadaceae; s__uncultured_bacterium	0.6
1bb325fa43c10d9a63abfbe0fa9a7ee2	d__Bacteria; p__Planctomycetota; c__Planctomycetes; o__Isosphaerales; f__Isosphaeraceae; g__uncultured; s__uncultured_bacterium	0.6
1be14e673cb1c55f124819676f03e2f5	d__Bacteria; p__Actinobacteriota; c__Actinobacteria; o__Propionibacteriales; f__Propionibacteriaceae; g__Friedmanniella	1.0
1c20af0a2a5dfdb7471f9fb77e649bcb	d__Bacteria; p__Cyanobacteria; c__Cyanobacteriia	1.0
1c4b3bd4aebe7568fa5af7aca65d1c0c	d__Bacteria; p__Actinobacteriota; c__Acidimicrobiia; o__Microtrichales; f__Ilumatobacteraceae; g__CL500-29_marine_group; s__uncultured_bacterium	0.6
1c52ec7515fd5844eb99ba8c69ce216c	d__Bacteria; p__Bdellovibrionota; c__Oligoflexia; o__0319-6G20; f__0319-6G20; g__0319-6G20; s__uncultured_bacterium	1.0
1c624ed5c3a828b57455973c4b8f99e8	d__Bacteria; p__Proteobacteria; c__Alphaproteobacteria; o__Caulobacterales; f__Caulobacteraceae; g__Brevundimonas	1.0
1c62639e84a0ff06adeb9aacc8329b2e	d__Bacteria; p__Bacteroidota; c__Bacteroidia; o__Sphingobacteriales; f__Sphingobacteriaceae	1.0
1c74a178ade30c75af51d0797cc713a3	d__Bacteria; p__Chloroflexi; c__Chloroflexia; o__Chloroflexales; f__Roseiflexaceae; g__uncultured; s__uncultured_bacterium	0.6
1c8b02b041ba3c874658168105903cfb	d__Bacteria; p__Acidobacteriota; c__Acidobacteriae; o__Solibacterales; f__Solibacteraceae; g__Candidatus_Solibacter; s__uncultured_bacterium	0.8
1c8fef660bf337d0f04ffc2c441017d0	d__Bacteria; p__Bacteroidota; c__Bacteroidia; o__Chitinophagales; f__Chitinophagaceae; g__uncultured	0.8
1cb685e4d9c5c74e35f2640de122a224	d__Bacteria; p__Cyanobacteria; c__Cyanobacteriia; o__Cyanobacteriales; f__Nostocaceae	1.0
1cc78ee8f33900c9440bf2bff30f2821	d__Bacteria; p__Bacteroidota; c__Bacteroidia; o__Flavobacteriales; f__Flavobacteriaceae; g__Flavobacterium	1.0
1cdddc1bb5d8e5dd1529ca34e0f550c3	d__Bacteria; p__Armatimonadota; c__Chthonomonadetes; o__Chthonomonadales; f__Chthonomonadaceae; g__Chthonomonas; s__uncultured_bacterium	0.9
1d83aba97fe4b8f541bfb1cdc603f362	d__Bacteria; p__Planctomycetota; c__Planctomycetes; o__Isosphaerales; f__Isosphaeraceae; g__uncultured; s__uncultured_bacterium	0.7
1db4b0f63cd34715926c7585c75c41a5	d__Bacteria; p__Proteobacteria; c__Alphaproteobacteria; o__Caulobacterales; f__Caulobacteraceae; g__uncultured	0.8
1dce352f77da7fcd9468e876b7902419	d__Bacteria; p__Proteobacteria; c__Alphaproteobacteria; o__Caulobacterales; f__Caulobacteraceae	1.0
1dd05afb8e2bea1a0bfb385343856891	d__Bacteria; p__Bdellovibrionota; c__Oligoflexia; o__Oligoflexales; f__uncultured; g__uncultured; s__uncultured_bacterium	0.7
1dd6fe5ab85cce7db6c50b79ef2a911d	d__Bacteria; p__Proteobacteria; c__Alphaproteobacteria; o__Acetobacterales; f__Acetobacteraceae; g__Acidiphilium; s__uncultured_bacterium	0.7
1e1e52b5a0e4eb25f10a0968b2c02fbd	d__Bacteria; p__Actinobacteriota; c__Actinobacteria; o__Kineosporiales; f__Kineosporiaceae; g__Quadrisphaera	0.6
1e4e60bb376158d1f58d85b080b0f04f	d__Bacteria; p__Planctomycetota; c__Planctomycetes; o__Gemmatales; f__Gemmataceae; g__uncultured; s__uncultured_bacterium	0.6
1e87604e0c513b61cb481898a68f81db	d__Bacteria; p__Actinobacteriota; c__MB-A2-108; o__MB-A2-108; f__MB-A2-108; g__MB-A2-108; s__uncultured_bacterium	0.6
1eb234b4c245e6df40eb9ba62c46dd23	d__Bacteria; p__Proteobacteria; c__Alphaproteobacteria; o__Rhizobiales; f__Beijerinckiaceae	1.0
1eef36b53523f4935373889f22474cf8	d__Bacteria; p__Cyanobacteria; c__Cyanobacteriia; o__Chloroplast; f__Chloroplast; g__Chloroplast	1.0
1f4731c090e573beb922103c7c6c1726	d__Bacteria; p__Proteobacteria; c__Alphaproteobacteria; o__Tistrellales; f__Geminicoccaceae; g__Candidatus_Alysiosphaera; s__uncultured_bacterium	0.7
1f51ca0876873aa25f60b06e3e330e89	d__Bacteria; p__Armatimonadota; c__Armatimonadia; o__Armatimonadales; f__Armatimonadales; g__Armatimonadales; s__uncultured_bacterium	0.9
1f5446784428f6f07d516d68a9641987	d__Bacteria; p__Planctomycetota; c__Planctomycetes; o__Planctomycetales; f__Schlesneriaceae; g__Schlesneria	1.0
1f685005cb18f11543132941c1650769	d__Bacteria; p__Proteobacteria; c__Alphaproteobacteria; o__Acetobacterales; f__Acetobacteraceae	1.0
1f7a27676700442e42a70a5a14528b8b	d__Bacteria; p__Proteobacteria; c__Alphaproteobacteria; o__Tistrellales; f__Geminicoccaceae; g__uncultured; s__uncultured_bacterium	0.6
1fa34dbcf4e8c0255ee4c6da36945198	d__Bacteria; p__Planctomycetota; c__Planctomycetes; o__Planctomycetales; f__Rubinisphaeraceae; g__SH-PL14; s__uncultured_bacterium	0.9
1fb3b563b26f17296da43ca25db5a795	d__Bacteria; p__Proteobacteria; c__Alphaproteobacteria; o__Rhizobiales; f__Rhizobiaceae; g__Aureimonas	0.8
201c70f96f9ec4af48dc771fda2e6cb2	d__Bacteria; p__Actinobacteriota; c__Actinobacteria; o__Frankiales; f__Frankiaceae; g__Jatrophihabitans	1.0
20205d680fba283a84f43978958204bc	d__Bacteria; p__Proteobacteria; c__Alphaproteobacteria; o__Rhizobiales; f__Rhizobiales_Incertae_Sedis; g__uncultured; s__uncultured_bacterium	0.8
2022bad03976fe85bd352dbc58b7dd41	d__Bacteria; p__Bacteroidota; c__Bacteroidia; o__Chitinophagales; f__Chitinophagaceae	1.0
206049a529b5166ba7e84415fb68554d	d__Bacteria; p__Proteobacteria; c__Gammaproteobacteria; o__Xanthomonadales; f__Rhodanobacteraceae; g__Rudaea	0.7
2072861ce37368600fdc10fe15997e6f	d__Bacteria; p__Bacteroidota; c__Bacteroidia; o__Cytophagales; f__Spirosomaceae; g__Spirosoma	1.0
20d84fb59d29ba98c9b46f7882d2b45c	d__Bacteria; p__Proteobacteria; c__Gammaproteobacteria; o__Burkholderiales; f__SC-I-84; g__SC-I-84; s__uncultured_bacterium	0.8
20ef2d885c0c848ce6d00e39439a755c	d__Bacteria; p__Actinobacteriota; c__Thermoleophilia; o__Solirubrobacterales; f__Solirubrobacteraceae; g__Conexibacter	0.9
2102f2acd8c1dd53bb4766633bf5b4b8	d__Bacteria; p__Planctomycetota; c__Planctomycetes; o__Planctomycetales; f__Schlesneriaceae; g__Planctopirus; s__uncultured_bacterium	0.6
21261d37916286722f5dfd80c4acf6ec	d__Bacteria; p__Proteobacteria; c__Alphaproteobacteria; o__Micropepsales; f__Micropepsaceae; g__uncultured; s__uncultured_bacterium	0.8
21681672bf9f91e36add209405bdb3db	d__Bacteria; p__Actinobacteriota; c__Actinobacteria; o__Frankiales; f__Acidothermaceae; g__Acidothermus; s__uncultured_bacterium	0.9
21a119e6e6525c35ceadae4f7248cc0a	Unassigned	1.0
21a750fc39f80795d74adf01f6496cb4	d__Bacteria; p__Cyanobacteria; c__Cyanobacteriia; o__Chloroplast; f__Chloroplast; g__Chloroplast	1.0
21cb5e95728dd9e06974a1feb4ed4c7f	d__Bacteria; p__Bacteroidota; c__Bacteroidia; o__Cytophagales; f__Spirosomaceae; g__Spirosoma	1.0
21df8801e831af064e2ca5c0e4d51057	d__Bacteria; p__Cyanobacteria; c__Cyanobacteriia; o__Chloroplast; f__Chloroplast; g__Chloroplast	1.0
22bc89ae245fbff06e2a69dd9e3dbc8b	d__Bacteria; p__Bacteroidota; c__Bacteroidia; o__Cytophagales; f__Spirosomaceae; g__Spirosoma	0.9
22e61aaff6ab5fd97cea8b9d88cabcd4	d__Bacteria; p__Bacteroidota; c__Bacteroidia; o__Cytophagales; f__Spirosomaceae; g__Spirosoma	1.0
23096fe17fd783ac8e24efbaf222c127	d__Bacteria; p__Proteobacteria; c__Alphaproteobacteria; o__Acetobacterales; f__Acetobacteraceae	1.0
2349371dc83968fdafc0e1cb45f7a69c	d__Bacteria; p__Bacteroidota; c__Bacteroidia; o__Cytophagales; f__Spirosomaceae; g__Spirosoma	0.7
23911cfab5dc6d734793bcb1026272eb	d__Bacteria; p__Bacteroidota; c__Bacteroidia; o__Cytophagales; f__Spirosomaceae; g__Spirosoma	1.0
2393cfa7a0ba190ccbae4d28a7d43789	d__Bacteria; p__Proteobacteria; c__Gammaproteobacteria; o__Burkholderiales; f__Methylophilaceae; g__Methylophilus	0.9
24100f810f741d95dfe9e2d948e33a4a	d__Bacteria; p__Myxococcota; c__Polyangia; o__Polyangiales; f__Sandaracinaceae; g__Sandaracinus; s__uncultured_bacterium	0.8
2424add936c7115daf361a2df159b667	d__Bacteria; p__Myxococcota; c__Polyangia; o__Haliangiales; f__Haliangiaceae; g__Haliangium	1.0
2427fa1b341071c8c0de1726f1e6928e	d__Bacteria; p__Actinobacteriota; c__Actinobacteria; o__Kineosporiales; f__Kineosporiaceae; g__Quadrisphaera	0.9
246505260704071c0ac84e24711b8363	d__Bacteria; p__Bacteroidota; c__Bacteroidia; o__Cytophagales; f__Spirosomaceae; g__Spirosoma	1.0
249a140f0cda5a4fd5020c2455c8053e	d__Bacteria; p__Actinobacteriota; c__Acidimicrobiia; o__Microtrichales; f__uncultured; g__uncultured; s__uncultured_bacterium	0.6
24cd040cf7a5a2819f70c0ed17fc2666	d__Bacteria; p__Bacteroidota; c__Bacteroidia; o__Sphingobacteriales; f__env.OPS_17; g__env.OPS_17; s__metagenome	0.7
25243518de0373b519ea521208588e89	d__Bacteria; p__Planctomycetota; c__Planctomycetes; o__Gemmatales; f__Gemmataceae; g__uncultured; s__uncultured_bacterium	0.9
258176489b8a07aaf42d01be64223c48	d__Bacteria; p__Bacteroidota; c__Bacteroidia; o__Cytophagales; f__Spirosomaceae; g__Spirosoma	1.0
25b66ab78e088e13be787a59d871db9a	d__Bacteria; p__Bacteroidota; c__Bacteroidia; o__Cytophagales; f__Spirosomaceae; g__Spirosoma	1.0
25d723a22cf932d18c0cb5de59c34368	d__Bacteria; p__Proteobacteria; c__Alphaproteobacteria; o__Acetobacterales; f__Acetobacteraceae	1.0
267ea1b3c73663e009768b82a605c5e1	d__Bacteria; p__Verrucomicrobiota; c__Verrucomicrobiae; o__Pedosphaerales; f__Pedosphaeraceae	1.0
26f96bba66c4d70dfb7b3975395c63e7	d__Bacteria; p__Proteobacteria; c__Alphaproteobacteria; o__Rhizobiales; f__Beijerinckiaceae; g__1174-901-12; s__uncultured_bacterium	0.7
2702245d666a82fb87e8a864bff074b7	d__Bacteria; p__Actinobacteriota; c__Actinobacteria; o__Propionibacteriales; f__Propionibacteriaceae; g__Microlunatus	1.0
270d3dd01ab527b2aebf0a33d14e2e35	d__Bacteria; p__Bacteroidota; c__Bacteroidia; o__Cytophagales; f__Spirosomaceae; g__Spirosoma	0.7
2715376a8e05aba5a593960c3bf05e9a	d__Bacteria; p__Bacteroidota; c__Bacteroidia; o__Cytophagales; f__Spirosomaceae; g__Fibrella	1.0
27336064b2814c8b6db605d18ed3796f	d__Bacteria; p__Bacteroidota; c__Bacteroidia; o__Cytophagales; f__Spirosomaceae; g__Spirosoma	1.0
273376b5622aa684d23a911b50f2505c	d__Bacteria; p__Cyanobacteria; c__Cyanobacteriia	1.0
2767bbb6119b76019102b93bee712307	d__Bacteria; p__Abditibacteriota; c__Abditibacteria; o__Abditibacteriales; f__Abditibacteriaceae; g__Abditibacterium; s__uncultured_bacterium	0.9
278044588a1f5f44b61f4b61b7bb27a4	d__Bacteria; p__Acidobacteriota; c__Acidobacteriae; o__Bryobacterales; f__Bryobacteraceae; g__Bryobacter	0.6
2780fb372cc10d7a70ce39f6bca03fa5	d__Bacteria; p__Bacteroidota; c__Bacteroidia; o__Cytophagales; f__Spirosomaceae; g__Spirosoma	1.0
27d076807d9005b28eae1471befe171b	d__Bacteria; p__Proteobacteria; c__Alphaproteobacteria; o__Acetobacterales; f__Acetobacteraceae; g__Belnapia	0.6
27e8a100f0c936d7cdf904df0496331b	d__Bacteria; p__Gemmatimonadota; c__Gemmatimonadetes; o__Gemmatimonadales; f__Gemmatimonadaceae; g__Roseisolibacter; s__uncultured_bacterium	1.0
2814610ef936f2c7ad0495c9ef75af8d	d__Bacteria; p__Bacteroidota; c__Bacteroidia; o__Cytophagales; f__Spirosomaceae; g__Dyadobacter	1.0
285f0c768f7fdbf29e922d29725dda5a	d__Bacteria; p__Proteobacteria; c__Alphaproteobacteria; o__Caulobacterales; f__Caulobacteraceae; g__Brevundimonas	1.0
2873f0882a641f52eb3727e8b587139b	d__Bacteria; p__Bacteroidota; c__Bacteroidia; o__Cytophagales; f__Cytophagaceae; g__Cytophaga	0.8
288c27af2200308239b1991181270ac1	d__Bacteria; p__Actinobacteriota; c__Thermoleophilia; o__Solirubrobacterales; f__Solirubrobacteraceae	1.0
28a604e2243b312cd6bc5e6766d29a7b	d__Bacteria; p__Proteobacteria; c__Alphaproteobacteria; o__Rhizobiales; f__Beijerinckiaceae	1.0
2940ba452b5720e9e3db68607ecd2ccf	d__Bacteria; p__Bacteroidota; c__Bacteroidia; o__Flavobacteriales; f__Crocinitomicaceae; g__Fluviicola; s__uncultured_bacterium	0.6
294463585f362de95e990b7eec023137	d__Bacteria; p__Actinobacteriota; c__Actinobacteria; o__Propionibacteriales; f__Nocardioidaceae; g__Marmoricola	0.9
297aa949943787cdc9eb439d6242d6f8	d__Bacteria; p__Bacteroidota; c__Bacteroidia; o__Cytophagales; f__Spirosomaceae; g__Spirosoma	1.0
297cfa87bd0ad38c1f32d9bcba59aae1	d__Bacteria; p__Bacteroidota; c__Bacteroidia; o__Chitinophagales; f__Chitinophagaceae; g__Edaphobaculum	0.6
2990b08e6fdd30ce626c1f5d8d026587	d__Bacteria; p__Firmicutes; c__Bacilli; o__Bacillales; f__Bacillaceae; g__Bacillus	1.0
29a7ea5f644d9e259d8f38b033d603d7	d__Bacteria; p__Actinobacteriota; c__Thermoleophilia; o__Solirubrobacterales; f__67-14; g__67-14; s__uncultured_bacterium	0.8
29a9bd4fa1fe5ffd10ec7c5b843b9d30	d__Bacteria; p__Planctomycetota; c__Planctomycetes; o__Isosphaerales; f__Isosphaeraceae; g__Tundrisphaera	0.6
29c868afe50d65cc8eaa1cc5e30a66b2	d__Bacteria; p__Proteobacteria; c__Alphaproteobacteria; o__Rickettsiales; f__Mitochondria; g__Mitochondria	1.0
2a0747b3325956c9f14cd615b061e2df	d__Bacteria; p__Cyanobacteria; c__Vampirivibrionia; o__Obscuribacterales; f__Obscuribacteraceae; g__Obscuribacteraceae; s__uncultured_bacterium	0.9
2a08696c86b04d8625cb298c64975e57	d__Bacteria; p__Proteobacteria; c__Alphaproteobacteria; o__Acetobacterales; f__Acetobacteraceae; g__Rhodovastum; s__uncultured_bacterium	0.7
2a51038922653b570ad9c0ae7144987e	d__Bacteria; p__Bacteroidota; c__Bacteroidia; o__Chitinophagales; f__Chitinophagaceae; g__Edaphobaculum; s__uncultured_bacterium	0.6
2a772f553ef39352957de19542ed6bd8	d__Bacteria; p__Proteobacteria; c__Gammaproteobacteria; o__Enterobacterales; f__Budviciaceae; g__Pragia; s__Pragia_fontium	0.7
2a7c8d6bf65dbe32bc5aa2b25ef1fe0b	d__Bacteria; p__Planctomycetota; c__Planctomycetes; o__Gemmatales; f__Gemmataceae; g__Fimbriiglobus; s__uncultured_bacterium	0.6
2a92cfddb35b7ccb7977cfb991e89b6a	d__Bacteria; p__Proteobacteria; c__Gammaproteobacteria; o__Burkholderiales; f__Rhodocyclaceae; g__uncultured	0.7
2acfd06f23796263bbfcf48202cf2573	d__Bacteria; p__Proteobacteria; c__Alphaproteobacteria; o__Acetobacterales; f__Acetobacteraceae; g__Acidiphilium; s__uncultured_bacterium	0.8
2b3dc6f9d9cbad0c457edb66031c5d1a	d__Bacteria; p__Planctomycetota; c__Planctomycetes; o__Isosphaerales; f__Isosphaeraceae	1.0
2b4def2c911ac2adbbc4b2f81591cf9e	d__Bacteria; p__Bacteroidota; c__Bacteroidia; o__Cytophagales; f__Spirosomaceae; g__Spirosoma	1.0
2b91f5ca4afd07149d566f07d4d04dba	d__Bacteria; p__Proteobacteria; c__Alphaproteobacteria; o__Rickettsiales; f__SM2D12; g__SM2D12	1.0
2bdb6fe81ed6e938269b1b8ae149ea97	d__Bacteria; p__Bacteroidota; c__Bacteroidia; o__Cytophagales; f__Spirosomaceae; g__Spirosoma	1.0
2bdd38f4f24fddf3ea493e000f9fad1b	d__Bacteria; p__Proteobacteria; c__Alphaproteobacteria; o__Rhizobiales; f__Rhizobiaceae; g__Mesorhizobium; s__Mesorhizobium_sp.	0.7
2c3069361b9d8db6ece55230d33dc905	d__Bacteria; p__Planctomycetota; c__Planctomycetes; o__Isosphaerales; f__Isosphaeraceae; g__Singulisphaera	0.7
2c31258527dd889c783c4edabdd29f6e	d__Bacteria; p__Proteobacteria; c__Gammaproteobacteria; o__Burkholderiales; f__Comamonadaceae; g__Rhizobacter	0.7
2c4889d192baaaead4692e5822bd099b	Unassigned	1.0
2c8e34ed931b836249ff884c589c788e	d__Bacteria; p__Acidobacteriota; c__Blastocatellia; o__Blastocatellales; f__Blastocatellaceae	1.0
2c9bd09520d925cd7cb7bbe582c46887	d__Bacteria; p__Proteobacteria; c__Alphaproteobacteria; o__Caulobacterales; f__Caulobacteraceae; g__Caulobacter	0.8
2cd31a267f54787ac6289f1d8acf370d	d__Bacteria; p__Bacteroidota; c__Bacteroidia; o__Chitinophagales; f__Chitinophagaceae; g__Ferruginibacter	0.9
2ce0b551f0b079696f503eaad180baf9	Unassigned	1.0
2d05b66143f31175c4d6c3eeadc010d2	d__Bacteria; p__Proteobacteria; c__Gammaproteobacteria; o__Burkholderiales; f__Comamonadaceae; g__Pelomonas	0.6
2d390a9cd228826cedac7ce78ee9a6f0	d__Bacteria; p__Proteobacteria; c__Gammaproteobacteria; o__Burkholderiales; f__Oxalobacteraceae; g__Massilia; s__uncultured_bacterium	0.7
2dc2cf60102ff00cd077f2304ec84d06	d__Bacteria; p__Firmicutes; c__Bacilli; o__Lactobacillales; f__Streptococcaceae; g__Streptococcus; s__Streptococcus_salivarius	0.727
2dd2b85c4982e44b1069dbb139e30a55	d__Bacteria; p__Bacteroidota; c__Bacteroidia; o__Chitinophagales; f__Chitinophagaceae; g__Edaphobaculum; s__uncultured_bacterium	0.7
2dd58663d9be29bde7dd00dcbf2c0b25	d__Bacteria; p__Actinobacteriota; c__Actinobacteria; o__Propionibacteriales; f__Nocardioidaceae; g__Nocardioides	1.0
2ec28255cba4867b8347814a760a509b	d__Bacteria; p__Actinobacteriota; c__Acidimicrobiia; o__Microtrichales; f__Iamiaceae; g__Iamia	0.7
2ec4cd152e193d5e30d3562d72b8353a	d__Bacteria; p__Planctomycetota; c__Planctomycetes; o__Isosphaerales; f__Isosphaeraceae; g__Tundrisphaera; s__uncultured_bacterium	0.8
2eced4f42c26e30907f59ad9bad45df6	d__Bacteria; p__Acidobacteriota; c__Acidobacteriae; o__Acidobacteriales; f__Acidobacteriaceae_(Subgroup_1); g__Terriglobus	1.0
2efdc80a32cd99d6b092ad9cb47d12f0	Unassigned	1.0
2f04f82184169ed9ae3259591d373f37	d__Bacteria; p__Proteobacteria; c__Alphaproteobacteria; o__Sphingomonadales; f__Sphingomonadaceae	1.0
2f137b585c946a62eb03da5d36dae1f1	d__Bacteria; p__Verrucomicrobiota; c__Verrucomicrobiae; o__Verrucomicrobiales; f__Rubritaleaceae; g__Luteolibacter; s__uncultured_bacterium	0.9
2f2e1821d0c3201c3be3c6ee7040dcc3	d__Bacteria; p__Bacteroidota; c__Bacteroidia; o__Sphingobacteriales; f__Sphingobacteriaceae; g__Pedobacter	1.0
2ffe7d93f8e0baacb26a8227810b0e04	d__Bacteria; p__Planctomycetota; c__Planctomycetes; o__Gemmatales; f__Gemmataceae; g__Fimbriiglobus	0.7
300906f37be88a7f8b759a6c6d3803dc	d__Bacteria; p__Myxococcota; c__Myxococcia; o__Myxococcales; f__Myxococcaceae; g__KD3-10; s__uncultured_bacterium	0.7
304436a87647e60c7fe5458903d92d04	d__Bacteria; p__Proteobacteria; c__Alphaproteobacteria; o__Sphingomonadales; f__Sphingomonadaceae; g__Sphingomonas	1.0
3070bcc2ab4bfd45afe195d345024244	d__Bacteria; p__Verrucomicrobiota; c__Verrucomicrobiae; o__Chthoniobacterales; f__Chthoniobacteraceae; g__Chthoniobacter; s__uncultured_bacterium	0.8
307f53bd0787a4ffae0cff73dd6d74a6	d__Bacteria; p__Bdellovibrionota; c__Oligoflexia; o__Oligoflexales; f__uncultured; g__uncultured	1.0
30932ae4982066875d3086b18f211c65	d__Bacteria; p__Myxococcota; c__Polyangia; o__Polyangiales; f__BIrii41; g__BIrii41; s__metagenome	0.7
30e7ba2d9af557bed88e8883062702ef	d__Bacteria; p__Actinobacteriota; c__Actinobacteria; o__Frankiales	0.7
310cdb38554121bb590da0af2f397c22	d__Bacteria; p__Planctomycetota; c__Planctomycetes; o__Isosphaerales; f__Isosphaeraceae; g__Singulisphaera	0.6
311ad42fe1f326fa87cfaa149dd32609	d__Bacteria; p__Proteobacteria; c__Alphaproteobacteria; o__Sphingomonadales; f__Sphingomonadaceae; g__Porphyrobacter	0.6
3156c1dd5f3ae35310c724cc98781e13	d__Bacteria; p__Proteobacteria; c__Alphaproteobacteria; o__Sphingomonadales; f__Sphingomonadaceae; g__Novosphingobium	1.0
3191bacec026622aea4b246c34b62ef5	d__Bacteria; p__Proteobacteria; c__Alphaproteobacteria; o__Elsterales; f__uncultured; g__uncultured	1.0
31d9b720ff63c0aa623fbfe31904ad50	d__Bacteria; p__Planctomycetota; c__Planctomycetes; o__Isosphaerales; f__Isosphaeraceae	1.0
31e532881182dece46581a3102b7dc85	Unassigned	1.0
31f2935a2b5b60b6fba7604945cddb3b	d__Bacteria; p__Verrucomicrobiota; c__Verrucomicrobiae; o__Chthoniobacterales; f__Chthoniobacteraceae; g__Chthoniobacter; s__metagenome	0.8
31f69fd188f386f440989bd94fef2911	d__Bacteria; p__Actinobacteriota; c__Actinobacteria; o__Propionibacteriales; f__Nocardioidaceae; g__Nocardioides	1.0
327abcd5132ce724a122f9155faa8c8d	d__Bacteria; p__Proteobacteria; c__Alphaproteobacteria; o__Sphingomonadales; f__Sphingomonadaceae; g__Sphingobium	0.9
327cf504e0fb226db2db793a7e3f8d54	d__Bacteria; p__Proteobacteria; c__Alphaproteobacteria; o__Acetobacterales; f__Acetobacteraceae	1.0
3297cb54dbdd783612c374770da81760	d__Bacteria; p__Proteobacteria; c__Gammaproteobacteria; o__Xanthomonadales; f__Xanthomonadaceae; g__Pseudoxanthomonas	1.0
32c80ecd502cceb9624324de086d0151	Unassigned	1.0
32f49854f6db636d8d27e74414fc51e4	d__Bacteria; p__Proteobacteria; c__Gammaproteobacteria; o__Burkholderiales; f__Oxalobacteraceae; g__Candidatus_Nasuia	1.0
333eec6ebceef96bf8b675e1dd65cf25	d__Bacteria; p__Bdellovibrionota; c__Oligoflexia; o__0319-6G20; f__0319-6G20; g__0319-6G20; s__uncultured_bacterium	0.6
335af382770981b0e3d5a3f4dd9ca4ec	d__Bacteria; p__Acidobacteriota; c__Acidobacteriae; o__Acidobacteriales; f__Acidobacteriaceae_(Subgroup_1); g__Edaphobacter	0.7
337eb136dd0acff17015fd7d6468970a	d__Bacteria; p__Actinobacteriota; c__Actinobacteria	1.0
33ab6fabd46336bd675914b3a1180a1e	d__Bacteria; p__Myxococcota; c__Polyangia; o__Polyangiales; f__Polyangiaceae; g__Pajaroellobacter	1.0
33d5386e37fe91e882267431dd488fb8	d__Bacteria; p__Proteobacteria; c__Alphaproteobacteria; o__Tistrellales; f__Geminicoccaceae; g__Candidatus_Alysiosphaera	0.6
33ff7672011ce3b4dc56cf2d61072a03	d__Bacteria; p__Bacteroidota; c__Bacteroidia; o__Chitinophagales; f__Chitinophagaceae; g__uncultured; s__uncultured_bacterium	0.6
34309e5d13687dd97042dd88ee0e5169	d__Bacteria; p__Proteobacteria; c__Alphaproteobacteria; o__Rhizobiales; f__Beijerinckiaceae; g__Methylobacterium-Methylorubrum; s__uncultured_bacterium	0.7
3440a7667a83d71b54cba05ae9a1d6f1	d__Bacteria; p__Proteobacteria; c__Alphaproteobacteria; o__Sphingomonadales; f__Sphingomonadaceae; g__Sphingomonas	1.0
345975989ca7c9ce2a60792f371f7bda	d__Bacteria; p__Bacteroidota; c__Bacteroidia; o__Chitinophagales; f__Chitinophagaceae; g__Parafilimonas; s__uncultured_bacterium	0.6
346b42bf73621a4402f1cec0eb9276e4	d__Bacteria; p__Proteobacteria; c__Alphaproteobacteria	1.0
3581006e213730d024dba1f6b505dcdf	d__Bacteria; p__Proteobacteria; c__Alphaproteobacteria; o__Tistrellales; f__Geminicoccaceae; g__Geminicoccus	0.8
35a7f7dd1fdf91cc2d8d17782023d945	d__Bacteria; p__Bacteroidota; c__Bacteroidia; o__Flavobacteriales; f__Weeksellaceae; g__Chryseobacterium	0.9
35bd6a1300bcbaeacc32a2406ccd5c95	d__Bacteria; p__Bacteroidota; c__Bacteroidia; o__Cytophagales; f__Spirosomaceae; g__Spirosoma	0.7
3663b90e4df051e77ca9616d139fa2d9	d__Bacteria; p__Proteobacteria; c__Alphaproteobacteria; o__Rhizobiales; f__Beijerinckiaceae; g__Methylobacterium-Methylorubrum	1.0
3669bce4b7926e207c4d705041e80313	d__Bacteria; p__Verrucomicrobiota; c__Verrucomicrobiae; o__Chthoniobacterales; f__Chthoniobacteraceae; g__Chthoniobacter; s__uncultured_bacterium	0.7
3687a850f18774f76453fea09b8142ac	d__Bacteria; p__Proteobacteria; c__Alphaproteobacteria; o__Acetobacterales; f__Acetobacteraceae; g__uncultured	0.6
368916a71fba1d8ea0ed5279c38d0381	Unassigned	1.0
3690b4fd82ca2c8330c689547c3b65c3	d__Bacteria; p__Proteobacteria; c__Alphaproteobacteria; o__Caulobacterales; f__Caulobacteraceae	1.0
36be4254ba6dca535ac7fb8d7da0428d	d__Bacteria; p__Bacteroidota; c__Bacteroidia; o__Sphingobacteriales; f__Sphingobacteriaceae; g__Pedobacter; s__Pedobacter_sp.	0.7
36bff24bad17d9e4a8ffaf80a0664b56	d__Bacteria; p__Bacteroidota; c__Bacteroidia; o__Chitinophagales; f__Chitinophagaceae; g__uncultured	0.7
36c173b9da8dd214e0ed24153bfb6d07	d__Bacteria; p__Proteobacteria; c__Alphaproteobacteria; o__Caulobacterales; f__Caulobacteraceae; g__Caulobacter; s__Caulobacter_sp.	0.6
36c8c120554b5ddd6a99974311dc1bc3	d__Bacteria; p__Proteobacteria; c__Alphaproteobacteria; o__Acetobacterales; f__Acetobacteraceae	1.0
36d9c5053d5da9e8e1253d2ab3f9d930	d__Bacteria; p__Proteobacteria; c__Alphaproteobacteria; o__Acetobacterales; f__Acetobacteraceae; g__Roseomonas	1.0
36dd5e95de3b6826177501b590b739d9	d__Bacteria; p__Acidobacteriota; c__Acidobacteriae; o__Acidobacteriales; f__Acidobacteriaceae_(Subgroup_1); g__Granulicella; s__uncultured_bacterium	0.6
3730d585a87710b506048dbfcf6b84aa	d__Bacteria; p__Abditibacteriota; c__Abditibacteria; o__Abditibacteriales; f__Abditibacteriaceae; g__Abditibacterium; s__uncultured_bacterium	0.7
374747732a76514de067e59f17afb426	d__Bacteria; p__Acidobacteriota; c__Acidobacteriae; o__Solibacterales; f__Solibacteraceae; g__Candidatus_Solibacter	1.0
37560900bf52f9d6b80fdf6dd8c920e4	d__Bacteria; p__Bacteroidota; c__Bacteroidia; o__Chitinophagales; f__Chitinophagaceae; g__Taibaiella	1.0
375d563eee1ea3297ae08cf2ccd58735	d__Bacteria; p__Planctomycetota; c__Phycisphaerae; o__Tepidisphaerales; f__WD2101_soil_group; g__WD2101_soil_group; s__uncultured_bacterium	0.9
37639ef42b71146acfba5a2ef9318cd0	d__Bacteria; p__Bacteroidota; c__Bacteroidia; o__Cytophagales; f__Spirosomaceae	1.0
37bb641f00edd945463e4d8a77d8cb26	d__Bacteria; p__Proteobacteria; c__Gammaproteobacteria; o__Salinisphaerales; f__Solimonadaceae; g__Nevskia	1.0
37c0ee5410823d59fba658c7a15bb377	d__Bacteria; p__Myxococcota; c__Myxococcia; o__Myxococcales; f__Myxococcaceae; g__P3OB-42	1.0
37c8bbaa4c8a4e031bf5c731cfba570f	d__Bacteria; p__Bacteroidota; c__Bacteroidia; o__Chitinophagales; f__Chitinophagaceae; g__Taibaiella	1.0
3803d4e1add1ab8d353436ec1f2dfb2c	d__Bacteria; p__Bacteroidota; c__Bacteroidia; o__Cytophagales; f__Spirosomaceae; g__Spirosoma; s__uncultured_bacterium	0.6
3837e3cb012f1b5a84eaee67ab35eddb	d__Bacteria; p__Proteobacteria; c__Gammaproteobacteria; o__Cellvibrionales; f__Cellvibrionaceae; g__Cellvibrio	1.0
383bcadf8bfe3db59f8a7a508fd92cf4	d__Bacteria; p__Verrucomicrobiota; c__Verrucomicrobiae; o__Methylacidiphilales; f__Methylacidiphilaceae; g__uncultured; s__uncultured_bacterium	0.7
3858ca6ed6d94bd79364bd043615132a	d__Bacteria; p__Bacteroidota; c__Bacteroidia; o__Cytophagales; f__Hymenobacteraceae; g__Hymenobacter; s__uncultured_bacterium	0.8
388b54ccd46e3081dfafe8b7da915577	d__Bacteria; p__Planctomycetota; c__Phycisphaerae; o__Tepidisphaerales; f__WD2101_soil_group; g__WD2101_soil_group; s__uncultured_bacterium	1.0
389f009d6e281aa779a71722df6301d2	d__Bacteria; p__Proteobacteria; c__Alphaproteobacteria; o__Rhizobiales; f__Hyphomicrobiaceae; g__Hyphomicrobium	1.0
38b9444b2098f452ac89f275d6bbe07e	d__Bacteria; p__Cyanobacteria; c__Cyanobacteriia; o__Chloroplast; f__Chloroplast; g__Chloroplast; s__uncultured_bacterium	0.8
391a385fb753236ae2f0802f6d0fae4e	d__Bacteria; p__Proteobacteria; c__Alphaproteobacteria; o__Caulobacterales; f__Caulobacteraceae	1.0
3921909f8ca7cf88f42a724ded0123a2	d__Bacteria; p__Myxococcota; c__Myxococcia; o__Myxococcales; f__Myxococcaceae; g__P3OB-42; s__uncultured_bacterium	1.0
3943da2503fd84e998ba4d37f6c28261	d__Bacteria; p__Chloroflexi; c__Chloroflexia; o__Chloroflexales; f__Chloroflexaceae; g__FFCH7168; s__uncultured_bacterium	1.0
394af5e8b474dcbd18ae5fa1143446c0	d__Bacteria; p__Actinobacteriota; c__Actinobacteria; o__Frankiales; f__Sporichthyaceae; g__Longivirga	0.8
394f7bb2bc490d4be155947e49158ce6	d__Bacteria; p__Cyanobacteria; c__Cyanobacteriia; o__Chloroplast; f__Chloroplast; g__Chloroplast	1.0
39aaea3cbe2c20dc84878af6a069002e	d__Bacteria; p__Bacteroidota; c__Bacteroidia; o__Cytophagales	0.8
39bcdedc2f234b13b1ae1f01e210f66d	d__Bacteria; p__Actinobacteriota; c__Actinobacteria; o__Kineosporiales; f__Kineosporiaceae; g__Kineococcus	1.0
3a149ae8b10869085f5b62e7f65c96ee	d__Bacteria; p__Proteobacteria; c__Alphaproteobacteria; o__Sphingomonadales; f__Sphingomonadaceae; g__Novosphingobium	1.0
3a1ac45a5bee1558c873e9dd2c92374e	d__Bacteria; p__Abditibacteriota; c__Abditibacteria; o__Abditibacteriales; f__Abditibacteriaceae; g__Abditibacterium; s__uncultured_bacterium	0.9
3a2b7ccaecf58f901f1fe393b57ff387	d__Bacteria; p__Acidobacteriota; c__Acidobacteriae; o__Solibacterales; f__Solibacteraceae; g__Candidatus_Solibacter; s__uncultured_bacterium	0.8
3a8a7409bdc33da14a01ec3e3313b9a7	d__Bacteria; p__Firmicutes; c__Bacilli; o__Staphylococcales; f__Staphylococcaceae; g__Staphylococcus	1.0
3addc5237421f1749ff136d075c1efef	d__Bacteria; p__Cyanobacteria; c__Cyanobacteriia; o__Cyanobacteriales; f__Nostocaceae	1.0
3adf1092dfd91dead02aeba4cd3b819a	d__Bacteria; p__Bacteroidota; c__Bacteroidia; o__Flavobacteriales; f__Flavobacteriaceae; g__Flavobacterium	1.0
3af8a3d7344d9e84d0ac70cef21b6806	d__Bacteria; p__Bacteroidota; c__Bacteroidia; o__Cytophagales; f__Spirosomaceae; g__Spirosoma; s__uncultured_bacterium	0.6
3b5008e67249755c8dd611c1b4d26bb2	d__Bacteria; p__Verrucomicrobiota; c__Verrucomicrobiae; o__Chthoniobacterales; f__Chthoniobacteraceae; g__Chthoniobacter	1.0
3b65f1ef5169b107e4e964e9e066198d	d__Bacteria; p__Proteobacteria; c__Gammaproteobacteria; o__Burkholderiales; f__SC-I-84; g__SC-I-84; s__uncultured_bacterium	0.9
3bd3e8b996b7a2e611c8385dab1ef1f2	d__Bacteria; p__Bacteroidota; c__Bacteroidia; o__Chitinophagales; f__Chitinophagaceae; g__Aurantisolimonas; s__uncultured_bacterium	0.7
3bf3bfa1656e5a12d5c2b5ee1d44a6f8	d__Bacteria; p__Proteobacteria; c__Gammaproteobacteria; o__Legionellales; f__Legionellaceae; g__Legionella	1.0
3c0e7a357055c06e3d904e7b5e5aedf0	d__Bacteria; p__Chloroflexi; c__Chloroflexia; o__Kallotenuales; f__AKIW781; g__AKIW781; s__uncultured_bacterium	0.7
3c168facad32c1177a0280b2c8ef1300	d__Bacteria; p__Cyanobacteria; c__Cyanobacteriia; o__Cyanobacteriales; f__Nostocaceae; g__Cylindrospermum_PCC-7417	0.6
3c1fff586cb12ee630af6b6a5c2a479e	d__Bacteria; p__Actinobacteriota; c__Actinobacteria; o__Corynebacteriales; f__Nocardiaceae; g__Williamsia	1.0
3c8cae1a228b908d6dc43a6f11daabda	Unassigned	1.0
3cb862c84ed9960b6f493cb7d392aa7f	d__Bacteria; p__Planctomycetota; c__Planctomycetes; o__Isosphaerales; f__Isosphaeraceae; g__Tundrisphaera; s__uncultured_bacterium	0.9
3cd252bf977f1c09957adff45149aeeb	d__Bacteria; p__Proteobacteria; c__Alphaproteobacteria; o__Rhizobiales; f__Beijerinckiaceae; g__Methylobacterium-Methylorubrum	1.0
3ce6660ec6d32b44f14216360ecd0e29	d__Bacteria; p__Cyanobacteria; c__Cyanobacteriia; o__Chloroplast; f__Chloroplast; g__Chloroplast	1.0
3cea5ae1fa69159173ce70c46bf2d624	d__Bacteria; p__Bacteroidota; c__Bacteroidia; o__Cytophagales; f__Spirosomaceae; g__Spirosoma; s__uncultured_bacterium	0.6
3d0781ab095c6810db6dd5321f1ec6f1	d__Bacteria; p__Myxococcota; c__Polyangia; o__Nannocystales; f__Nannocystaceae; g__Nannocystis	1.0
3d44a9e8e849ec0026f1a414c68993d5	d__Bacteria; p__Acidobacteriota; c__Acidobacteriae; o__Bryobacterales; f__Bryobacteraceae; g__Bryobacter; s__uncultured_bacterium	0.6
3d89b82f7dc8f2f24e7c65124529a879	d__Bacteria; p__Proteobacteria; c__Gammaproteobacteria; o__Burkholderiales; f__Comamonadaceae	1.0
3e8c0b7e1d4425164d975392775dabca	d__Bacteria; p__Bacteroidota; c__Bacteroidia; o__Cytophagales; f__Spirosomaceae; g__Dyadobacter	1.0
3ee2d5e8c9ea828ef53b03c61e4262e8	d__Bacteria; p__Proteobacteria; c__Alphaproteobacteria; o__Sphingomonadales; f__Sphingomonadaceae; g__Sphingomonas; s__uncultured_bacterium	0.6
3eea19a30a74395defb0d25ee5de12c8	d__Bacteria; p__Proteobacteria; c__Alphaproteobacteria; o__Rhizobiales; f__Rhizobiaceae	1.0
3f488b9799e33269a4ee4002a14ebb44	d__Bacteria; p__Proteobacteria; c__Alphaproteobacteria; o__Rickettsiales; f__SM2D12; g__SM2D12	1.0
3f51d50c3c370eee4a8cad31546dbe92	d__Bacteria; p__Proteobacteria; c__Alphaproteobacteria; o__Acetobacterales; f__Acetobacteraceae; g__Roseomonas	0.8
3f5a69f3c134ac272776b05f15f9afc3	d__Bacteria; p__Proteobacteria; c__Alphaproteobacteria; o__Acetobacterales; f__Acetobacteraceae; g__uncultured	0.9
3fa70e9ccfb335ab42ca902410bef39b	d__Bacteria; p__Acidobacteriota; c__Acidobacteriae; o__Acidobacteriales; f__Acidobacteriaceae_(Subgroup_1); g__Acidipila; s__uncultured_bacterium	0.7
3fc3fd8bbd5ed7b7f0b367426b933cbf	d__Bacteria; p__Bacteroidota; c__Bacteroidia; o__Cytophagales; f__Spirosomaceae; g__Spirosoma	1.0
3fe418d7724fdf3e8288c521279b264d	d__Bacteria; p__Patescibacteria; c__Saccharimonadia; o__Saccharimonadales; f__Saccharimonadales; g__Saccharimonadales; s__uncultured_bacterium	0.6
402a42e94a65f7bb2217a2f82c121777	d__Bacteria; p__Armatimonadota; c__Chthonomonadetes; o__Chthonomonadales; f__Chthonomonadaceae; g__Chthonomonas; s__uncultured_bacterium	0.6
404a5319a6c327382d0db7b64186e960	d__Bacteria; p__Proteobacteria; c__Alphaproteobacteria; o__Acetobacterales; f__Acetobacteraceae	1.0
4054a295c848c25f756b5f5ac0c4e4ea	d__Bacteria; p__Bacteroidota; c__Bacteroidia; o__Flavobacteriales; f__Weeksellaceae; g__Chryseobacterium	1.0
40d83dc8bbfafb9c3b625c2657a980ae	d__Bacteria; p__Proteobacteria; c__Alphaproteobacteria; o__Rhizobiales; f__Beijerinckiaceae; g__uncultured	0.6
40dac881f44c75ab7ef3e49cea73b886	d__Bacteria; p__Proteobacteria; c__Alphaproteobacteria; o__Rhizobiales; f__Beijerinckiaceae; g__Methylobacterium-Methylorubrum	1.0
41269b340ff91ee08fef5e500e7c6390	d__Bacteria; p__Armatimonadota; c__Armatimonadia; o__Armatimonadales; f__Armatimonadales; g__Armatimonadales; s__uncultured_bacterium	0.8
41505eb58a965fed06b23efa9f8e5570	d__Bacteria; p__Actinobacteriota; c__Thermoleophilia; o__Solirubrobacterales; f__Solirubrobacteraceae; g__Conexibacter	0.9
419d7e118043b32fb877869b0bb34d45	d__Bacteria; p__Proteobacteria; c__Alphaproteobacteria; o__Sphingomonadales; f__Sphingomonadaceae; g__Novosphingobium	0.8
41a3dbca55f2ec3389757207890c71b5	d__Bacteria; p__Actinobacteriota; c__Actinobacteria; o__Corynebacteriales; f__Nocardiaceae; g__Rhodococcus	1.0
41ce180a2258e3ad64f59466db5fbf24	d__Bacteria; p__Acidobacteriota; c__Acidobacteriae; o__Acidobacteriales; f__Acidobacteriaceae_(Subgroup_1); g__Granulicella	1.0
41ea44b90624ea02837975eea59d3c7e	d__Bacteria; p__Planctomycetota; c__Planctomycetes; o__Isosphaerales; f__Isosphaeraceae	1.0
4215957b66ad0c4c126d1d6e24017a8a	d__Bacteria; p__Bacteroidota; c__Bacteroidia; o__Chitinophagales; f__Chitinophagaceae; g__Puia	0.6
4222a72798d7f2b1046bf3d5430c152d	d__Bacteria; p__Cyanobacteria; c__Cyanobacteriia; o__Chloroplast; f__Chloroplast; g__Chloroplast	1.0
422d1c9f72a53628a78eaeb015d865b4	d__Bacteria; p__Planctomycetota; c__Planctomycetes; o__Isosphaerales; f__Isosphaeraceae; g__uncultured; s__uncultured_bacterium	0.7
42345630125369c3b1a88ad844bdf469	d__Bacteria; p__Proteobacteria; c__Alphaproteobacteria; o__Rhizobiales; f__Beijerinckiaceae	1.0
423d2b39858c659983a674de94fd9c0b	d__Bacteria; p__Bacteroidota; c__Bacteroidia; o__Chitinophagales; f__Chitinophagaceae; g__Taibaiella; s__uncultured_bacterium	0.9
42507a5e2f935daf91f5f31559374d96	d__Bacteria; p__Actinobacteriota; c__Actinobacteria; o__Frankiales	1.0
429a69bdc2d189f283aba49ca5ae1e93	d__Bacteria; p__Bacteroidota; c__Bacteroidia; o__Cytophagales; f__Spirosomaceae; g__Spirosoma	1.0
42a73158830590c6d6ef6d6763d05702	d__Bacteria; p__Chloroflexi; c__Chloroflexia; o__Chloroflexales; f__Roseiflexaceae; g__uncultured; s__uncultured_bacterium	0.6
42aff84e6a70b7e6010baf802b778ead	d__Bacteria; p__Proteobacteria; c__Alphaproteobacteria; o__Rhizobiales; f__Beijerinckiaceae	1.0
42b89435f232babaa2ff2fcb40e917e5	d__Bacteria; p__Proteobacteria; c__Alphaproteobacteria; o__Reyranellales; f__Reyranellaceae; g__Reyranella; s__uncultured_bacterium	0.6
42f47f97f26cbed34011272909f298d7	Unassigned	1.0
430ba939546f17f273ebf65c817b1e09	d__Bacteria; p__Bacteroidota; c__Bacteroidia; o__Cytophagales; f__Spirosomaceae; g__Spirosoma	1.0
434a7a82819ba23593d5e0a9739db448	d__Bacteria; p__Bacteroidota; c__Bacteroidia; o__Cytophagales; f__Spirosomaceae; g__Spirosoma	0.9
440a096cccbb2f6c45959274dd0f1b1a	d__Bacteria; p__Proteobacteria; c__Alphaproteobacteria; o__Rhodobacterales; f__Rhodobacteraceae; g__Haematobacter	0.8
4439cc69528d9bef1e3de146cafb23df	d__Bacteria; p__Proteobacteria; c__Alphaproteobacteria; o__Rhizobiales; f__Beijerinckiaceae; g__uncultured; s__uncultured_bacterium	0.7
4468eebe418b7d0767b0decd66ffea34	d__Bacteria; p__Chloroflexi; c__Chloroflexia; o__Thermomicrobiales; f__JG30-KF-CM45; g__JG30-KF-CM45	1.0
4499aafec1a3d7ce73ed303c0a86e5ee	d__Bacteria; p__Cyanobacteria; c__Cyanobacteriia; o__Chloroplast; f__Chloroplast; g__Chloroplast	1.0
44d5a9c25b2203a725c29524e454a2bb	d__Bacteria; p__Bacteroidota; c__Bacteroidia; o__Sphingobacteriales; f__Sphingobacteriaceae; g__Pedobacter	0.8
45091188657966f5c9bfb24203c268e3	d__Bacteria; p__Bacteroidota; c__Bacteroidia; o__Cytophagales; f__Spirosomaceae; g__Spirosoma; s__uncultured_bacterium	0.7
450a3af0efb7ede04b2334ac1bfa8c3d	d__Bacteria; p__Verrucomicrobiota; c__Verrucomicrobiae; o__Chthoniobacterales; f__Chthoniobacteraceae; g__Candidatus_Udaeobacter; s__uncultured_bacterium	0.7
450ed45c9d8d35bc6029f0cf593a1cfb	d__Bacteria; p__Proteobacteria; c__Alphaproteobacteria; o__Acetobacterales; f__Acetobacteraceae	1.0
4546a8ec5a9ab7300f9cc08753ed00c4	d__Bacteria; p__Bacteroidota; c__Bacteroidia; o__Sphingobacteriales; f__env.OPS_17; g__env.OPS_17; s__uncultured_bacterium	0.7
45acc47004f9bb3203f3bdde3372f9f2	d__Bacteria; p__Proteobacteria; c__Alphaproteobacteria; o__Acetobacterales; f__Acetobacteraceae	1.0
45b168630bbbd53a42764b317b96826a	d__Bacteria; p__Proteobacteria; c__Alphaproteobacteria; o__Sphingomonadales; f__Sphingomonadaceae	1.0
45e2d1a5407283d4d6449dea63a06ba8	d__Bacteria; p__Bacteroidota; c__Bacteroidia; o__Sphingobacteriales; f__Sphingobacteriaceae	1.0
45e573c20b19db9a02ef1380f288f8bf	d__Bacteria; p__Planctomycetota; c__Planctomycetes; o__Planctomycetales; f__Rubinisphaeraceae; g__SH-PL14	1.0
45f2c236d1cd59e86fe96aa91052136c	d__Bacteria; p__Bdellovibrionota; c__Oligoflexia; o__0319-6G20; f__0319-6G20; g__0319-6G20; s__uncultured_bacterium	0.6
46176c964b8480ac65733633d52aaf6c	d__Bacteria; p__Bacteroidota; c__Bacteroidia; o__Cytophagales; f__Spirosomaceae; g__Spirosoma	0.8
4618751ca2953023a6410a0189fa3c60	d__Bacteria; p__Proteobacteria; c__Gammaproteobacteria; o__Legionellales; f__Legionellaceae; g__Legionella; s__uncultured_bacterium	0.7
4633cf266b9a5ff1e2a3462b81e521c5	d__Bacteria; p__Planctomycetota; c__Phycisphaerae; o__Tepidisphaerales; f__WD2101_soil_group; g__WD2101_soil_group; s__uncultured_bacterium	0.8
46b71e4090e2b72316e4a0489014fd6b	d__Bacteria; p__Planctomycetota; c__Planctomycetes; o__Isosphaerales; f__Isosphaeraceae; g__Tundrisphaera; s__uncultured_bacterium	0.9
47641d9357d5253d34b23fa71084681b	d__Bacteria; p__Proteobacteria; c__Gammaproteobacteria; o__Xanthomonadales; f__Rhodanobacteraceae; g__Dokdonella	1.0
476543896c5e107a6ea76d8c72ea2a9b	d__Bacteria; p__Proteobacteria; c__Alphaproteobacteria; o__Sphingomonadales; f__Sphingomonadaceae; g__Sphingomonas	1.0
47779573e7c04dbf16d78c7c36fd0836	d__Bacteria; p__Acidobacteriota; c__Acidobacteriae; o__Acidobacteriales; f__Acidobacteriaceae_(Subgroup_1); g__Bryocella	0.8
478deb245afb3c3461668e732a9c9a7f	d__Bacteria; p__Verrucomicrobiota; c__Verrucomicrobiae; o__Chthoniobacterales; f__Xiphinematobacteraceae; g__Candidatus_Xiphinematobacter; s__uncultured_bacterium	0.6
47bfe9edfca08d1ac8fe8aaa503a084e	d__Bacteria; p__Cyanobacteria; c__Cyanobacteriia; o__Chloroplast; f__Chloroplast; g__Chloroplast; s__uncultured_bacterium	0.6
4837d2bab34622d9d988875d5ea4df9c	d__Bacteria; p__Cyanobacteria; c__Cyanobacteriia; o__Chloroplast; f__Chloroplast; g__Chloroplast	1.0
489c92b7d67202cd538893b4c7e8b22b	d__Bacteria; p__Actinobacteriota; c__Thermoleophilia; o__Gaiellales; f__uncultured; g__uncultured; s__uncultured_bacterium	0.8
489f1384ddb03fb7a10ec16aecee4857	d__Bacteria; p__Bacteroidota; c__Bacteroidia; o__Cytophagales; f__Spirosomaceae; g__Spirosoma	0.8
48b1b6e037af8c7f27d39b7b31e5e6f0	d__Bacteria; p__Proteobacteria; c__Gammaproteobacteria; o__Salinisphaerales; f__Solimonadaceae; g__uncultured	0.6
48cb4e54d66b7a6d7c8dc2aa16beb722	d__Bacteria; p__Cyanobacteria; c__Cyanobacteriia; o__Chloroplast; f__Chloroplast; g__Chloroplast	1.0
48de73aad18fb4a50ca19c77a8508c6a	d__Bacteria; p__Proteobacteria; c__Alphaproteobacteria; o__Acetobacterales; f__Acetobacteraceae	1.0
48ed05ec0355100ff669b5becde769f9	d__Bacteria; p__Proteobacteria; c__Alphaproteobacteria; o__Rhizobiales; f__Beijerinckiaceae	1.0
4904c3da2ccf265e0431d44a5f0c89ba	d__Bacteria; p__Planctomycetota; c__Planctomycetes; o__Gemmatales; f__Gemmataceae; g__Fimbriiglobus; s__uncultured_bacterium	0.6
491c70a7ea989742b14806e0913c8166	d__Bacteria; p__Bacteroidota; c__Bacteroidia; o__Flavobacteriales; f__Blattabacteriaceae; g__Candidatus_Uzinura; s__Flavobacteriales_endosymbiont	0.7
4934e5149fff9bacce126b195432af3b	d__Bacteria; p__Cyanobacteria; c__Cyanobacteriia; o__Chloroplast; f__Chloroplast; g__Chloroplast	1.0
497af1932c18aa208136bf59f1d084d1	d__Bacteria; p__Bacteroidota; c__Bacteroidia; o__Cytophagales	1.0
49d2afefb5f3575d541f6da627ee9db4	d__Bacteria; p__Actinobacteriota; c__Thermoleophilia; o__Solirubrobacterales; f__Solirubrobacteraceae; g__Conexibacter	1.0
49d7ad4f81d09ded9c6ea4c13ea09981	d__Bacteria; p__Bacteroidota; c__Bacteroidia; o__Flavobacteriales; f__Flavobacteriaceae; g__Flavobacterium	1.0
4a0b9c9b4692c233074e7c633ed81205	d__Bacteria; p__Acidobacteriota; c__Holophagae; o__Subgroup_7; f__Subgroup_7; g__Subgroup_7; s__uncultured_bacterium	0.8
4a1e85513b6d48502ec3062fa18cc94c	d__Bacteria; p__Bacteroidota; c__Bacteroidia; o__Sphingobacteriales; f__env.OPS_17; g__env.OPS_17; s__uncultured_bacterium	0.7
4a36ce038d7e6e2cd52df422ce45132e	d__Bacteria; p__Proteobacteria; c__Gammaproteobacteria; o__Diplorickettsiales; f__Diplorickettsiaceae; g__Rickettsiella	0.8
4a6d5646755dfbc86d3f1f6ff860dcf6	d__Bacteria; p__Proteobacteria; c__Alphaproteobacteria; o__Sphingomonadales; f__Sphingomonadaceae; g__Sphingomonas	0.8
4af650529ca3b04c498025e961762cf6	Unassigned	1.0
4af78a8df5e06a17ba956d836bb8e463	d__Bacteria; p__Proteobacteria; c__Alphaproteobacteria; o__Rhodospirillales; f__uncultured; g__uncultured; s__uncultured_bacterium	0.6
4b11c7e76e289279c460920e677924c4	d__Bacteria; p__Proteobacteria; c__Gammaproteobacteria; o__Pseudomonadales; f__Pseudomonadaceae; g__Pseudomonas	1.0
4b80afd8fdd7e3fc63d74bb7c1d960b8	d__Bacteria; p__WPS-2; c__WPS-2; o__WPS-2; f__WPS-2; g__WPS-2	0.8
4b824eee7f74a7e11d2fe71f43fbd92c	d__Bacteria; p__Proteobacteria; c__Gammaproteobacteria; o__Burkholderiales; f__SC-I-84; g__SC-I-84; s__uncultured_bacterium	0.8
4ba92580dc60b1e5895738e2cf29077e	Unassigned	1.0
4bc283de6f27e46a6c839c64323dc959	d__Bacteria; p__Verrucomicrobiota; c__Verrucomicrobiae; o__Chthoniobacterales; f__Chthoniobacteraceae; g__Chthoniobacter; s__uncultured_bacterium	0.6
4bcff65bd38d833b5885def0d4065ac3	d__Bacteria; p__Planctomycetota; c__Planctomycetes; o__Isosphaerales; f__Isosphaeraceae; g__Tundrisphaera; s__uncultured_bacterium	0.9
4bec40358137490d8efb3d314cd88b50	d__Bacteria; p__Cyanobacteria; c__Cyanobacteriia; o__Oxyphotobacteria_Incertae_Sedis; f__Unknown_Family; g__Phormidium_SAG_37.90	0.8
4c0f057eea0c7d7f70246d80d1b184a3	d__Bacteria; p__Bacteroidota; c__Bacteroidia; o__Cytophagales; f__Spirosomaceae; g__Spirosoma	0.7
4c1d7e1cafe4bcccfcf68c525b0183e1	Unassigned	1.0
4c258b6280bbed528f59faaaa20b0536	d__Bacteria; p__Proteobacteria; c__Alphaproteobacteria; o__Caulobacterales; f__Caulobacteraceae; g__uncultured; s__uncultured_bacterium	0.6
4c46ad1173bf50c7feb2f9e7377ae52e	d__Bacteria; p__Verrucomicrobiota; c__Verrucomicrobiae; o__Chthoniobacterales; f__Chthoniobacteraceae; g__Chthoniobacter; s__uncultured_bacterium	0.7
4c49c9bc01c843cce3a9da5f9c93c4c3	d__Bacteria; p__Proteobacteria; c__Alphaproteobacteria; o__Acetobacterales; f__Acetobacteraceae	1.0
4c58e642372e21029b297ff20348f3f6	d__Bacteria; p__Actinobacteriota; c__Actinobacteria; o__Pseudonocardiales; f__Pseudonocardiaceae; g__Amycolatopsis	1.0
4c97c0f7a1580beae6207f48c52b8646	d__Bacteria; p__Actinobacteriota; c__Thermoleophilia; o__Gaiellales; f__uncultured; g__uncultured; s__uncultured_bacterium	0.9
4c9d94c72bea8ffda07997f0221663a9	d__Bacteria; p__WPS-2; c__WPS-2; o__WPS-2; f__WPS-2; g__WPS-2; s__uncultured_bacterium	0.7
4caff7f4e70171d07f52e240b628709c	d__Bacteria; p__Bacteroidota; c__Bacteroidia; o__Cytophagales; f__Spirosomaceae; g__Spirosoma; s__uncultured_bacterium	0.6
4cb29a1c8f983866bd58222627589486	d__Bacteria; p__Gemmatimonadota; c__Gemmatimonadetes; o__Gemmatimonadales; f__Gemmatimonadaceae; g__Gemmatimonas; s__uncultured_bacterium	0.8
4ced4e611df9efc789f4e7e8a8b5a919	d__Bacteria; p__Bacteroidota; c__Bacteroidia; o__Cytophagales; f__Spirosomaceae; g__Spirosoma	1.0
4d026dbddd477d996033d1a0ba0cd678	d__Bacteria; p__Bacteroidota; c__Bacteroidia; o__Cytophagales; f__Microscillaceae; g__uncultured	0.8
4d0a5be35924eba049a3ef4b8673e007	d__Bacteria; p__Planctomycetota; c__Phycisphaerae; o__Tepidisphaerales; f__WD2101_soil_group; g__WD2101_soil_group; s__uncultured_bacterium	0.8
4d3a327bff43e60ba395c235a2d391a7	d__Bacteria; p__Verrucomicrobiota; c__Verrucomicrobiae; o__Pedosphaerales; f__Pedosphaeraceae; g__uncultured; s__uncultured_bacterium	0.6
4d3a95c6af3e0f56406f8c70b04a4587	Unassigned	1.0
4d48689207cd2c6643e6d764c315f584	d__Bacteria; p__Actinobacteriota; c__Acidimicrobiia; o__IMCC26256; f__IMCC26256; g__IMCC26256	1.0
4d4b02375325235cd222ca92ce2afe24	d__Bacteria; p__Proteobacteria; c__Alphaproteobacteria; o__Acetobacterales; f__Acetobacteraceae; g__uncultured	0.7
4d58843b9e8135751514dcd93e89dccd	d__Bacteria; p__Bacteroidota; c__Bacteroidia; o__Cytophagales; f__Spirosomaceae; g__Spirosoma	1.0
4d58eeb9666c6e7ae0ad51f5e029e293	d__Bacteria; p__Bacteroidota; c__Bacteroidia; o__Cytophagales; f__Spirosomaceae; g__Spirosoma	1.0
4d86f3833318a6c081efa3cae873afd5	d__Bacteria; p__Chloroflexi; c__Chloroflexia; o__Chloroflexales; f__Chloroflexaceae; g__FFCH7168; s__uncultured_bacterium	1.0
4da15831337d3179a5de0e80815f7891	d__Bacteria; p__Planctomycetota; c__Phycisphaerae; o__Tepidisphaerales; f__WD2101_soil_group; g__WD2101_soil_group; s__uncultured_bacterium	0.8
4db5ac9fbbb89c5fc979475084c8c596	d__Bacteria; p__Firmicutes; c__Bacilli; o__Lactobacillales; f__Enterococcaceae; g__Enterococcus; s__Enterococcus_faecalis	0.8
4e18d282bdaa398ccca71764126b6910	d__Bacteria; p__Bacteroidota; c__Bacteroidia; o__Cytophagales; f__Spirosomaceae; g__Spirosoma	1.0
4e370c7f718e820377a3cca5448f9963	d__Bacteria; p__Acidobacteriota; c__Acidobacteriae; o__Solibacterales; f__Solibacteraceae; g__Candidatus_Solibacter; s__uncultured_bacterium	0.7
4e781e849d3a67ce64b34e23f0e44af9	d__Bacteria; p__Proteobacteria; c__Gammaproteobacteria; o__JG36-TzT-191; f__JG36-TzT-191; g__JG36-TzT-191; s__uncultured_bacterium	0.6
4ef5a11ef5794330c7ac9980a44e7c29	Unassigned	1.0
4f1b7dcdb246b89e059a3136d7ffc2b7	d__Bacteria; p__Bacteroidota; c__Bacteroidia; o__Cytophagales; f__Spirosomaceae; g__Spirosoma	0.9
4f3ae7b0fb6f7b77f21508b866127526	d__Bacteria; p__Cyanobacteria; c__Cyanobacteriia; o__Chloroplast; f__Chloroplast; g__Chloroplast; s__uncultured_organism	0.6
4f6dfdd0cf615d8443827c9778341103	d__Bacteria; p__Firmicutes; c__Bacilli; o__Erysipelotrichales; f__Erysipelatoclostridiaceae; g__Erysipelatoclostridium	1.0
4f76dc5a8676deab43b3d10c224a5b98	d__Bacteria; p__Acidobacteriota; c__Acidobacteriae; o__Acidobacteriales; f__Acidobacteriaceae_(Subgroup_1)	1.0
4f8d8b805270b2e870e5acd8979fd989	d__Bacteria; p__Proteobacteria; c__Alphaproteobacteria; o__Tistrellales; f__Geminicoccaceae; g__Candidatus_Alysiosphaera	1.0
4fc8b9cbb3fc69fdb7e0f2edd3faa0d0	d__Bacteria; p__Armatimonadota; c__Armatimonadia; o__Armatimonadales; f__Armatimonadales; g__Armatimonadales	0.6
4fdfdc363bfd957846f2c334f8c27cb8	Unassigned	1.0
4feec3d6dfb8eef3384c56f213b09abb	Unassigned	1.0
4ff95ebe8a0e3f62f2d66026d8faa7f0	d__Bacteria; p__Cyanobacteria; c__Cyanobacteriia; o__Chloroplast; f__Chloroplast; g__Chloroplast	1.0
5015bd22629a063959ce27c40db01e88	d__Bacteria; p__Bacteroidota; c__Bacteroidia; o__Cytophagales; f__Spirosomaceae; g__Spirosoma	1.0
501673c2b278b75e864b7195a7b952e9	d__Bacteria; p__Proteobacteria; c__Alphaproteobacteria; o__Rhizobiales; f__Rhizobiaceae; g__Allorhizobium-Neorhizobium-Pararhizobium-Rhizobium	0.9
506058fad08d93ef36555a45a3888f64	d__Bacteria; p__Proteobacteria; c__Alphaproteobacteria; o__Sphingomonadales; f__Sphingomonadaceae; g__Sphingobium	0.7
5065bde2a2634219c1b5e883d8630c4c	d__Bacteria; p__Chloroflexi; c__Chloroflexia; o__Thermomicrobiales; f__JG30-KF-CM45; g__JG30-KF-CM45; s__uncultured_bacterium	0.7
50a87dcee911f80a0e42ab3478859f79	d__Bacteria; p__Planctomycetota; c__Planctomycetes; o__Isosphaerales; f__Isosphaeraceae	1.0
50cdc94a6f1ba7bd748dba926b8ca5e1	d__Bacteria; p__Actinobacteriota; c__Acidimicrobiia; o__Microtrichales; f__Ilumatobacteraceae; g__uncultured; s__uncultured_bacterium	0.8
514fb76bb9150bd13c95e8e2fe0a4661	d__Bacteria; p__Proteobacteria; c__Alphaproteobacteria; o__Acetobacterales; f__Acetobacteraceae; g__Endobacter; s__uncultured_bacterium	0.6
5170b66455caf4ab3c24b45fd0fce07d	d__Bacteria; p__Chloroflexi; c__Chloroflexia; o__Kallotenuales; f__AKIW781; g__AKIW781; s__uncultured_bacterium	0.7
5173bde4b44bbdca3dcd8cab2913f84f	d__Bacteria; p__Proteobacteria; c__Alphaproteobacteria; o__Rhizobiales; f__Beijerinckiaceae; g__Methylobacterium-Methylorubrum	1.0
518a21ae702b90dc7edfb40c7437ee0c	d__Bacteria; p__Proteobacteria; c__Alphaproteobacteria; o__Rhodobacterales; f__Rhodobacteraceae; g__Paracoccus	1.0
519e382741ea26d0e56981a7286ca430	d__Bacteria; p__Proteobacteria; c__Alphaproteobacteria; o__Rhizobiales; f__Rhizobiaceae; g__Allorhizobium-Neorhizobium-Pararhizobium-Rhizobium	1.0
51bb7a4394a296ba6ac0acec8415fca6	d__Bacteria; p__Proteobacteria; c__Alphaproteobacteria; o__Sphingomonadales; f__Sphingomonadaceae; g__Sphingomonas	1.0
51da38ddab19cbdee78e317088dd4c47	d__Bacteria; p__Bacteroidota; c__Bacteroidia; o__Chitinophagales; f__Chitinophagaceae	1.0
52145cbf70e857aaa7799ba4c7292b2c	d__Bacteria; p__Actinobacteriota; c__Actinobacteria; o__Propionibacteriales; f__Nocardioidaceae; g__uncultured	0.6
52a169f00875a8b3076d9f55b0603c5f	d__Bacteria; p__Cyanobacteria; c__Cyanobacteriia; o__Chloroplast; f__Chloroplast; g__Chloroplast	1.0
52e3927c5b28f53a4ed99d6a6ac327b2	d__Bacteria; p__Verrucomicrobiota; c__Chlamydiae; o__Chlamydiales; f__Parachlamydiaceae; g__Neochlamydia	0.7
52f1c48cdf21f77e296781e42c0f86c1	d__Bacteria; p__Bacteroidota; c__Bacteroidia; o__Cytophagales; f__Spirosomaceae; g__Spirosoma	1.0
5328da48c8799507b9404d5aa41c757a	d__Bacteria; p__Actinobacteriota; c__Actinobacteria; o__Streptomycetales; f__Streptomycetaceae; g__Streptomyces	1.0
534dbcacf9253d839e49692f7495e74c	d__Bacteria; p__Myxococcota; c__Polyangia; o__Haliangiales; f__Haliangiaceae; g__Haliangium; s__uncultured_bacterium	0.7
539cd04fb45ad3afaba73f48d8291c63	d__Bacteria; p__Proteobacteria; c__Alphaproteobacteria; o__Sphingomonadales; f__Sphingomonadaceae; g__Sphingobium	1.0
53ac23d7706b8e5f978762fed15766db	d__Bacteria; p__Bacteroidota; c__Bacteroidia; o__Chitinophagales; f__Chitinophagaceae; g__Segetibacter; s__uncultured_bacterium	0.6
53be22128528b1f61d2a58a1bb656a58	d__Bacteria; p__Proteobacteria; c__Alphaproteobacteria; o__Acetobacterales; f__Acetobacteraceae	1.0
53d4c763eba9d33ba0af52ff42462b1b	d__Bacteria; p__Bacteroidota; c__Bacteroidia; o__Chitinophagales; f__Chitinophagaceae; g__uncultured	1.0
5450a046c2069a9179b211a78f9ded9e	d__Bacteria; p__Dependentiae; c__Babeliae; o__Babeliales; f__Vermiphilaceae; g__Vermiphilaceae; s__uncultured_bacterium	0.7
545491f0e4fcbee0ede5d8c1a4db109e	d__Bacteria; p__Planctomycetota; c__Phycisphaerae; o__Tepidisphaerales; f__WD2101_soil_group; g__WD2101_soil_group; s__uncultured_bacterium	1.0
546c7faf4ed213255c93fabd75103e09	d__Bacteria; p__Proteobacteria; c__Alphaproteobacteria; o__Azospirillales; f__Azospirillaceae; g__Nitrospirillum; s__Nitrospirillum_amazonense	0.6
5484e4bf576194a65a8aa9ee48c0b2db	d__Bacteria; p__Myxococcota; c__Polyangia; o__Polyangiales; f__Phaselicystidaceae; g__Phaselicystis	1.0
549457305388e7a091e639c110e5281e	d__Bacteria; p__Deinococcota; c__Deinococci; o__Deinococcales; f__Deinococcaceae; g__Deinococcus	1.0
54b1046888dbc97702bd85b277ad347f	d__Bacteria; p__Bacteroidota; c__Bacteroidia; o__Cytophagales; f__Spirosomaceae; g__Spirosoma	1.0
54c1e1670be35f54179395960189eecd	d__Bacteria; p__Chloroflexi; c__Chloroflexia; o__Thermomicrobiales; f__JG30-KF-CM45; g__JG30-KF-CM45; s__uncultured_bacterium	0.7
54c98016fd3bab5c394ae050dddf8ca3	d__Bacteria; p__Bacteroidota; c__Bacteroidia; o__Cytophagales; f__Spirosomaceae; g__Spirosoma	1.0
54d4807b25a757065d36479f01e18ae3	d__Bacteria; p__Bacteroidota; c__Bacteroidia; o__Cytophagales; f__Spirosomaceae; g__Spirosoma	0.8
54da5ae905d548c4842123f4f95231b2	d__Bacteria; p__Proteobacteria; c__Alphaproteobacteria; o__Sphingomonadales; f__Sphingomonadaceae; g__Sphingomonas	1.0
54e88c93dfd223b16d6fd6fbe54aae91	d__Bacteria; p__Planctomycetota; c__Planctomycetes; o__Isosphaerales; f__Isosphaeraceae	1.0
54f649724489e2a31458417d16573c68	d__Bacteria; p__Actinobacteriota; c__Actinobacteria; o__Corynebacteriales; f__Mycobacteriaceae; g__Mycobacterium; s__uncultured_bacterium	0.6
5566e88302b3a09457aee5d3ed1249d1	d__Bacteria; p__Myxococcota; c__Polyangia; o__Haliangiales; f__Haliangiaceae; g__Haliangium; s__uncultured_bacterium	0.8
558388b9c6b405a8c098b6ddae6ee397	d__Bacteria; p__Proteobacteria; c__Alphaproteobacteria; o__Rhizobiales; f__Beijerinckiaceae; g__Methylocystis	0.6
559932a65cc7ac58ab062d28cc5baf3a	d__Bacteria; p__Armatimonadota; c__Armatimonadia; o__Armatimonadales; f__Armatimonadales; g__Armatimonadales; s__uncultured_bacterium	1.0
55ae39d7423babcf65ca0705d6428974	d__Bacteria; p__Myxococcota; c__Polyangia; o__Polyangiales; f__Polyangiaceae; g__Pajaroellobacter	1.0
55b8f0675cc6fb800cdbd25b434183a0	d__Bacteria; p__Armatimonadota; c__Chthonomonadetes; o__Chthonomonadales; f__Chthonomonadaceae; g__Chthonomonas; s__uncultured_bacterium	0.7
55bbc77bdcae780b93aba60e6cd41f72	d__Bacteria; p__Proteobacteria; c__Gammaproteobacteria; o__Diplorickettsiales; f__Diplorickettsiaceae; g__uncultured	0.9
55ea18ebcc615de1539c16194c81e090	d__Bacteria; p__Bacteroidota; c__Bacteroidia; o__Cytophagales; f__Spirosomaceae; g__Spirosoma	0.9
564b0d1fb6ef6180fb02528d5799078e	d__Bacteria; p__Actinobacteriota; c__Actinobacteria; o__Micrococcales; f__Microbacteriaceae; g__Frondihabitans	0.9
56a3b51bd984e5bc97aeed908d3f890b	d__Bacteria; p__Proteobacteria; c__Alphaproteobacteria; o__Acetobacterales; f__Acetobacteraceae; g__Acidiphilium	0.6
56b08b3fbdf6bf8b41c0864c5c53c524	d__Bacteria; p__Firmicutes; c__Bacilli; o__Lactobacillales; f__Streptococcaceae; g__Streptococcus; s__uncultured_bacterium	0.636
56d2591f55d3d6b5b4faa518b02a7aab	Unassigned	1.0
56d4b533a222fc516dc7578766455b05	d__Bacteria; p__Proteobacteria; c__Alphaproteobacteria; o__Micavibrionales; f__Micavibrionaceae; g__uncultured	0.6
56fbd7ac34874c854f7a6597319d57b5	d__Bacteria; p__Proteobacteria; c__Alphaproteobacteria; o__Acetobacterales; f__Acetobacteraceae; g__uncultured	0.7
574dace0c28a2e7c85a52be0c1dcf192	d__Bacteria; p__Proteobacteria; c__Alphaproteobacteria; o__Acetobacterales; f__Acetobacteraceae	1.0
5781968cd1bb73b600ec3737a9b7bbaa	d__Bacteria; p__Actinobacteriota; c__Thermoleophilia; o__Solirubrobacterales; f__Solirubrobacteraceae; g__Conexibacter	0.6
578da18e23d9d7e1582886057919bda1	d__Bacteria; p__Bacteroidota; c__Bacteroidia; o__Bacteroidales; f__Dysgonomonadaceae; g__Dysgonomonas	1.0
57a85b4a996412183c2abb893a7df6d3	d__Bacteria; p__Bacteroidota; c__Bacteroidia; o__Cytophagales; f__Spirosomaceae; g__Spirosoma	1.0
57d21bca2da63d78980739aa734a59d4	d__Bacteria; p__Abditibacteriota; c__Abditibacteria; o__Abditibacteriales; f__Abditibacteriaceae; g__Abditibacterium; s__uncultured_bacterium	0.8
58bf658fc962d03ae2e44dc47e5e7d69	Unassigned	1.0
58ec234ab8277983d6d5e4af1c774bf7	Unassigned	1.0
592f2d0301becb955921c5df7cc73de5	d__Bacteria; p__Bacteroidota; c__Bacteroidia; o__Cytophagales; f__Spirosomaceae	1.0
59365bbedecdf25ef13d958a0cebdd7c	d__Bacteria; p__Bacteroidota; c__Bacteroidia; o__Chitinophagales; f__Chitinophagaceae; g__Edaphobaculum	0.7
593bb0f5c3e81a91af548dfa0a9390da	d__Bacteria; p__Proteobacteria; c__Gammaproteobacteria; o__Legionellales; f__Legionellaceae; g__Legionella; s__uncultured_bacterium	0.6
594ec1d854108c347ac3f942da546239	d__Bacteria; p__Proteobacteria; c__Alphaproteobacteria; o__Micavibrionales; f__Micavibrionaceae; g__uncultured	1.0
59523dcfde8c66cf91136cd22dba5eec	Unassigned	1.0
595fcfd6427757db11a7968b984bc312	d__Bacteria; p__Bacteroidota; c__Bacteroidia; o__Chitinophagales; f__Chitinophagaceae; g__Aurantisolimonas; s__uncultured_bacterium	0.7
596a0c846a3db3c811088e9a3023834d	d__Bacteria; p__Bacteroidota; c__Bacteroidia; o__Cytophagales; f__Hymenobacteraceae; g__Adhaeribacter	0.7
59c254eca9e3a652e1e6830be1f87a93	d__Bacteria; p__Bacteroidota; c__Bacteroidia; o__Flavobacteriales; f__Flavobacteriaceae; g__Flavobacterium	1.0
59e86176d9639d866fa207ad45fd9a0f	d__Bacteria; p__Bacteroidota; c__Bacteroidia; o__Sphingobacteriales; f__Sphingobacteriaceae; g__Mucilaginibacter; s__uncultured_bacterium	0.8
5a0aaaff505b2cb2d460ba2899d15bf2	d__Bacteria; p__Myxococcota; c__Myxococcia; o__Myxococcales	1.0
5a13ec0fa7bb136dee39906c922602df	d__Bacteria; p__Cyanobacteria; c__Cyanobacteriia; o__Leptolyngbyales; f__Leptolyngbyaceae; g__Leptolyngbya_PCC-6306	1.0
5a2457e82260b9cb7ff3d72d41783a81	d__Bacteria; p__Planctomycetota; c__Phycisphaerae; o__Tepidisphaerales	1.0
5a8452d8573291115a294161f8d7f3f5	d__Bacteria; p__Proteobacteria; c__Gammaproteobacteria; o__Salinisphaerales; f__Solimonadaceae; g__Nevskia	1.0
5a9c5b53a0c573d09bae7736848c895d	Unassigned	1.0
5ac1e1c4c4a77e8c04d1938fe0423d23	d__Bacteria; p__Bacteroidota; c__Bacteroidia; o__Chitinophagales; f__Chitinophagaceae; g__Ferruginibacter; s__uncultured_bacterium	0.6
5b26f064c0c4924e4d24e5a850548d4c	d__Bacteria; p__Bacteroidota; c__Bacteroidia; o__Chitinophagales; f__Chitinophagaceae; g__Aurantisolimonas; s__uncultured_bacterium	0.6
5b48fee34d87f5459f95df739ed8f906	d__Bacteria; p__Cyanobacteria; c__Cyanobacteriia; o__Chloroplast; f__Chloroplast; g__Chloroplast	1.0
5b7a17827921e08ce9d0dd5c02164dc2	Unassigned	1.0
5bc2d1ad02a19ba7bc5f42018ebdb89c	d__Bacteria; p__Myxococcota; c__Polyangia; o__Blfdi19; f__Blfdi19; g__Blfdi19	1.0
5be8663dce40969c10fcf46a60735e23	d__Bacteria; p__Bacteroidota; c__Bacteroidia; o__Cytophagales; f__Cyclobacteriaceae; g__Algoriphagus	1.0
5c1d19a225a22c72458702c34ad08bf4	d__Bacteria; p__Planctomycetota; c__Planctomycetes; o__Isosphaerales; f__Isosphaeraceae; g__Tundrisphaera; s__uncultured_bacterium	0.6
5c33ed65387354548062a90128457359	d__Bacteria; p__Proteobacteria; c__Gammaproteobacteria; o__Pseudomonadales; f__Pseudomonadaceae; g__Pseudomonas; s__Pseudomonas_sp.	0.8
5c379a672e54074e83496b796ab37db3	d__Bacteria; p__Bacteroidota; c__Bacteroidia; o__Cytophagales; f__Spirosomaceae; g__Spirosoma	1.0
5c4b862fcd6ce13093c3532cbe545709	d__Bacteria; p__Verrucomicrobiota; c__Verrucomicrobiae; o__Opitutales; f__Puniceicoccaceae	1.0
5c670980e87726dd6e8259bc52402afb	d__Bacteria; p__Cyanobacteria; c__Cyanobacteriia; o__Chloroplast; f__Chloroplast; g__Chloroplast	1.0
5cb264bb6e06db1539924d6e1718f341	d__Bacteria; p__Deinococcota; c__Deinococci; o__Deinococcales; f__Deinococcaceae; g__Deinococcus	1.0
5cfec06fa9c6ee68dd6fa1d768dba25e	d__Bacteria; p__Actinobacteriota; c__Actinobacteria; o__Micromonosporales; f__Micromonosporaceae	1.0
5d128be9f5487d5697b2b55d3ccbc9b4	Unassigned	1.0
5d1abc5c47d5ccb5b45bfb8adab1fc9a	d__Bacteria; p__Acidobacteriota; c__Acidobacteriae; o__Acidobacteriales; f__Acidobacteriaceae_(Subgroup_1); g__Acidipila	0.8
5d317da22f962ef3bf3088e451ac819f	d__Bacteria; p__Bacteroidota; c__Bacteroidia; o__Cytophagales; f__Spirosomaceae; g__Spirosoma	0.9
5d40e36781c5bd78387120d057e45b93	d__Bacteria; p__Proteobacteria; c__Alphaproteobacteria; o__Sphingomonadales; f__Sphingomonadaceae; g__Sandaracinobacter	0.8
5d796aa2d2e460dda029a4403d53f74f	d__Bacteria; p__Planctomycetota; c__Planctomycetes; o__Isosphaerales; f__Isosphaeraceae; g__Tundrisphaera; s__uncultured_bacterium	0.7
5d8e74c1b3eb6a263b8707e591be9d4e	d__Bacteria; p__Actinobacteriota; c__Actinobacteria; o__Streptomycetales; f__Streptomycetaceae; g__Streptacidiphilus	0.8
5deac7e1e1405a12b2f0b08ec20ab11b	d__Bacteria; p__Bacteroidota; c__Bacteroidia; o__Cytophagales; f__Spirosomaceae; g__Spirosoma	0.7
5dfcf4f77a1d5408aa52390f026d026b	d__Bacteria; p__Planctomycetota; c__Planctomycetes; o__Gemmatales; f__Gemmataceae	1.0
5e16a88c798f0abb1c09e1950e95faa2	d__Bacteria; p__Actinobacteriota; c__Actinobacteria; o__Propionibacteriales; f__Nocardioidaceae; g__Nocardioides; s__uncultured_bacterium	0.8
5e16e1996c165a3b156faaf3113ec5d0	d__Bacteria; p__Bacteroidota; c__Bacteroidia; o__Cytophagales; f__Spirosomaceae; g__Spirosoma	1.0
5e1c62959c542d6786116dcf777d3087	d__Bacteria; p__Actinobacteriota; c__Actinobacteria; o__Micrococcales; f__Microbacteriaceae; g__Agrococcus	1.0
5e21a0148cb021093fd2ac69190fa0b9	d__Bacteria; p__Proteobacteria; c__Alphaproteobacteria; o__Rhizobiales; f__Xanthobacteraceae; g__uncultured; s__uncultured_bacterium	0.8
5e29d8fe9d2221ae42af254b532bf319	d__Bacteria; p__Proteobacteria; c__Alphaproteobacteria; o__Acetobacterales; f__Acetobacteraceae; g__uncultured	0.7
5e2c4c6f4cb9a8442628e55021495a1e	d__Bacteria; p__Proteobacteria; c__Alphaproteobacteria; o__Sphingomonadales; f__Sphingomonadaceae	1.0
5e408b7e7fe9a138b0bb7698bfe38fa4	d__Bacteria; p__Proteobacteria; c__Alphaproteobacteria; o__Acetobacterales; f__Acetobacteraceae	1.0
5e4a08860b8059db5dcb773577045e46	Unassigned	1.0
5e6204690c863b200b183c330ca6bd4b	d__Bacteria; p__Proteobacteria; c__Alphaproteobacteria	1.0
5e65d52cfb5ddc30ed1612b17f0b993a	d__Bacteria; p__Actinobacteriota; c__Thermoleophilia; o__Solirubrobacterales; f__Solirubrobacteraceae; g__Solirubrobacter; s__uncultured_bacterium	0.7
5e73d108fe52f8c65ebf6c66a75c008f	d__Bacteria; p__Armatimonadota; c__Fimbriimonadia; o__Fimbriimonadales; f__Fimbriimonadaceae; g__Fimbriimonadaceae; s__uncultured_bacterium	0.6
5e87cb9bc065c44f7f326fffbe82ee97	d__Bacteria; p__Bacteroidota; c__Bacteroidia; o__Cytophagales; f__Spirosomaceae; g__Spirosoma	0.9
5e8b69f8d008a9572f9be58c3ebf779e	d__Bacteria; p__Planctomycetota; c__Phycisphaerae; o__Tepidisphaerales; f__WD2101_soil_group; g__WD2101_soil_group; s__uncultured_bacterium	0.7
5e98e0904a8c70dcab94dc047e0f8906	d__Bacteria; p__Proteobacteria; c__Alphaproteobacteria; o__Rhizobiales; f__Xanthobacteraceae	1.0
5eb46789540898cbe99cffea981e6d86	d__Bacteria; p__Verrucomicrobiota; c__Verrucomicrobiae; o__Chthoniobacterales; f__Chthoniobacteraceae; g__LD29; s__uncultured_bacterium	0.6
5ebc5e0b6827cae8ca32187853772d81	d__Bacteria; p__Planctomycetota; c__Planctomycetes; o__Isosphaerales; f__Isosphaeraceae; g__uncultured; s__uncultured_bacterium	0.7
5f1cee487824adbfc10e4d1702ea5380	d__Bacteria; p__Desulfobacterota; c__uncultured; o__uncultured; f__uncultured; g__uncultured	0.9
5f3472f4c79d18adab1dd78d6703395a	d__Bacteria; p__Proteobacteria; c__Alphaproteobacteria; o__Rhizobiales; f__Xanthobacteraceae	1.0
5f5ea1e368ef13c3fcaa794763e826fd	d__Bacteria; p__Acidobacteriota; c__Acidobacteriae; o__Acidobacteriales; f__Acidobacteriaceae_(Subgroup_1); g__Edaphobacter	0.6
5fa5499baa879417ea1e9957cf0d10ea	d__Bacteria; p__Actinobacteriota; c__Actinobacteria; o__Kineosporiales; f__Kineosporiaceae	1.0
5fb17d4a95715f1767a6e3a6188391a0	d__Bacteria; p__Bacteroidota; c__Bacteroidia; o__Cytophagales; f__Spirosomaceae; g__Spirosoma	0.7
5fce2e6fe1d6f3587e7aa4232647d8da	d__Bacteria; p__Bacteroidota; c__Bacteroidia; o__Chitinophagales; f__Chitinophagaceae; g__Parafilimonas	1.0
5ff1ff87383cf079248038c206494fb9	d__Bacteria; p__Bacteroidota; c__Bacteroidia; o__Cytophagales; f__Spirosomaceae; g__Spirosoma	1.0
6030a48d294093915905950a71cbb472	d__Bacteria; p__Bacteroidota; c__Bacteroidia; o__Cytophagales; f__Spirosomaceae; g__Spirosoma; s__uncultured_bacterium	0.6
605161b0f4569640464c32a814309c1e	d__Bacteria; p__Bacteroidota; c__Bacteroidia; o__Cytophagales; f__Spirosomaceae	1.0
606e132e148eb60448abb357fd7c34eb	d__Bacteria; p__Proteobacteria; c__Alphaproteobacteria; o__Sphingomonadales; f__Sphingomonadaceae; g__Sphingomonas	1.0
60c4e4cb5a11bc82743e940c638b3151	d__Bacteria; p__Bacteroidota; c__Bacteroidia; o__Cytophagales; f__Spirosomaceae; g__Spirosoma	1.0
60d2e76648b00dcd5699573d96984601	d__Bacteria; p__Cyanobacteria; c__Cyanobacteriia; o__Chloroplast; f__Chloroplast; g__Chloroplast	1.0
60e93fc3379c568f3b7a1cb96529312e	d__Bacteria; p__Proteobacteria; c__Alphaproteobacteria; o__Azospirillales; f__Inquilinaceae; g__Inquilinus	0.8
60f594b3552a5264c96aa0f3528f444c	d__Bacteria; p__Planctomycetota; c__Planctomycetes; o__Gemmatales; f__Gemmataceae; g__Gemmata; s__uncultured_bacterium	0.7
61119112b7343d529df43ad95a0c844a	d__Bacteria; p__Planctomycetota; c__Planctomycetes; o__Planctomycetales; f__Schlesneriaceae; g__Planctopirus; s__uncultured_bacterium	0.7
61196ad01f788d8d66f15dfc9a7bdd3c	d__Bacteria; p__Planctomycetota; c__Planctomycetes; o__Isosphaerales; f__Isosphaeraceae	1.0
6126bb9d9e35ebfd2c78156a4a3af056	d__Bacteria; p__Bacteroidota; c__Bacteroidia; o__Chitinophagales; f__Chitinophagaceae; g__Edaphobaculum; s__metagenome	0.6
612f71fc89881748d07c2fea3ab171f1	d__Bacteria; p__Acidobacteriota; c__Blastocatellia; o__11-24; f__11-24; g__11-24; s__uncultured_bacterium	0.9
617d6b0bb4031ac5d4b7d20779ace73d	d__Bacteria; p__Bacteroidota; c__Bacteroidia; o__Sphingobacteriales; f__Sphingobacteriaceae; g__Mucilaginibacter	1.0
61880d9ae6e536bd1b5b8acc604df4c8	d__Bacteria; p__Actinobacteriota; c__Thermoleophilia; o__Solirubrobacterales; f__Solirubrobacteraceae; g__Patulibacter	1.0
61908229bafb355c8b491d5fdb77a126	d__Bacteria; p__Cyanobacteria; c__Cyanobacteriia; o__Chloroplast; f__Chloroplast; g__Chloroplast	1.0
61d14cdbd0857fa18a67dfcf8ddfebc1	d__Bacteria; p__Firmicutes; c__Bacilli; o__Paenibacillales; f__Paenibacillaceae; g__Paenibacillus	1.0
61daa93b9294761a86b5c879d0b0584a	d__Bacteria; p__Acidobacteriota; c__Acidobacteriae; o__Subgroup_2; f__Subgroup_2; g__Subgroup_2; s__uncultured_bacterium	0.6
61e090852fee8810542bd5d1d52b58d7	d__Bacteria; p__Bacteroidota; c__Bacteroidia; o__Cytophagales; f__Spirosomaceae; g__Spirosoma	1.0
620285bc36610379e8b3718cab314844	d__Bacteria; p__Bacteroidota; c__Bacteroidia; o__Cytophagales; f__Spirosomaceae; g__Spirosoma	1.0
62886802f87fd1655b23bff43c06801b	d__Bacteria; p__Actinobacteriota; c__Actinobacteria; o__Micromonosporales; f__Micromonosporaceae	1.0
629afa97f5d73df0f8faaa43eb985383	d__Bacteria; p__WPS-2; c__WPS-2; o__WPS-2; f__WPS-2; g__WPS-2; s__uncultured_bacterium	0.8
62b3d3136de58ec9802a6d505d64ed0c	d__Bacteria; p__Planctomycetota; c__Planctomycetes; o__Isosphaerales; f__Isosphaeraceae	1.0
62dff64f545e3000b50e87c2717b2f2e	d__Bacteria; p__Actinobacteriota; c__Actinobacteria; o__Kineosporiales; f__Kineosporiaceae; g__Angustibacter	0.8
62f0505bc1f64069a4eec40632a87878	d__Bacteria; p__Deinococcota; c__Deinococci; o__Deinococcales; f__Deinococcaceae; g__Deinococcus	1.0
6319b4cb723b0c61cea146c7c7c0c253	d__Bacteria; p__Cyanobacteria; c__Cyanobacteriia; o__Chloroplast; f__Chloroplast; g__Chloroplast	1.0
6351c4c3004dd396c744be94605d49ee	d__Bacteria; p__Planctomycetota; c__Phycisphaerae; o__Tepidisphaerales; f__WD2101_soil_group; g__WD2101_soil_group	1.0
6351d725d22ceed709086bd8cfe37c40	d__Bacteria; p__Proteobacteria; c__Alphaproteobacteria; o__Rhizobiales; f__Beijerinckiaceae; g__Beijerinckia	0.8
6358a82fb564b94cb2718dd1227711cb	d__Bacteria; p__Bacteroidota; c__Bacteroidia; o__Cytophagales; f__Spirosomaceae; g__Dyadobacter	1.0
63de981af0096c475d076d271714295c	d__Bacteria; p__Bacteroidota; c__Bacteroidia; o__Cytophagales; f__Spirosomaceae; g__Fibrella	1.0
64049af7cb6f1f207005456ea959c7e6	d__Bacteria; p__Bacteroidota; c__Bacteroidia; o__Cytophagales; f__Spirosomaceae; g__Spirosoma	1.0
640bed40682aac94ba0303a14ec8e75f	d__Bacteria; p__Bacteroidota; c__Bacteroidia; o__Cytophagales; f__Hymenobacteraceae; g__Hymenobacter	1.0
646a96fa35e519ad11f586bb6b8c2c12	d__Bacteria; p__Proteobacteria; c__Gammaproteobacteria; o__Xanthomonadales; f__Rhodanobacteraceae; g__Dokdonella; s__uncultured_bacterium	0.6
647927aceecdb8d63c0647ad64f33531	d__Bacteria; p__Actinobacteriota; c__Actinobacteria; o__Corynebacteriales; f__Nocardiaceae; g__Rhodococcus	1.0
647c3e713617f079c4dba555734f78a9	d__Bacteria; p__Bacteroidota; c__Bacteroidia; o__Cytophagales; f__Hymenobacteraceae; g__Hymenobacter; s__uncultured_bacterium	0.8
64cd72672224315f01a3cc32d3d3727d	d__Bacteria; p__Proteobacteria; c__Alphaproteobacteria; o__Rhizobiales; f__Beijerinckiaceae	1.0
650403b856b6c7141e2af88850914b7c	d__Bacteria; p__Cyanobacteria; c__Cyanobacteriia; o__Cyanobacteriales; f__Nostocaceae	1.0
6514b6a639d78daba46635ea5f92f9be	d__Bacteria; p__Chloroflexi; c__Chloroflexia; o__Thermomicrobiales; f__JG30-KF-CM45; g__JG30-KF-CM45; s__uncultured_bacterium	0.7
6520543e36286546741e0867ae14263d	d__Bacteria; p__Deinococcota; c__Deinococci; o__Deinococcales; f__Deinococcaceae; g__Deinococcus	1.0
6558cf4fbc12afdb298c2684a05cdee9	d__Bacteria; p__Bacteroidota; c__Bacteroidia; o__Cytophagales; f__Spirosomaceae; g__Spirosoma	0.7
657909dbfbf6afd5a63324f5f60870ea	d__Bacteria; p__Planctomycetota; c__Planctomycetes; o__Isosphaerales; f__Isosphaeraceae; g__Tundrisphaera; s__uncultured_bacterium	0.7
65d1c3067d156b13de546f0b1fd388d8	d__Bacteria; p__Planctomycetota; c__Phycisphaerae; o__Tepidisphaerales; f__WD2101_soil_group; g__WD2101_soil_group; s__uncultured_bacterium	0.9
65da40879223b3175608f836342729b0	d__Bacteria; p__Cyanobacteria; c__Cyanobacteriia; o__Chloroplast; f__Chloroplast; g__Chloroplast	1.0
65f0ed9dd41894ed35aab4acbf314f4d	d__Bacteria; p__Bacteroidota; c__Bacteroidia; o__Cytophagales; f__Spirosomaceae; g__Spirosoma; s__uncultured_bacterium	0.8
668a225a52d507305fdf37ca2cdb477b	d__Bacteria; p__Proteobacteria; c__Alphaproteobacteria; o__Rhizobiales; f__Rhizobiales_Incertae_Sedis; g__uncultured	0.8
66c80ac2f4c4fe8c8c0bca7b23e7428d	d__Bacteria; p__Bacteroidota; c__Bacteroidia; o__Cytophagales; f__Spirosomaceae; g__Fibrella	1.0
6746022e33724a9a28272dbddc634744	d__Bacteria; p__Proteobacteria; c__Alphaproteobacteria; o__Acetobacterales; f__Acetobacteraceae	1.0
67505330d9cea070cff8ccf60c1d8df2	Unassigned	1.0
678201b72922204b15c471b6187f72ba	d__Bacteria; p__Proteobacteria; c__Alphaproteobacteria; o__Rhodobacterales; f__Rhodobacteraceae; g__Rubellimicrobium; s__uncultured_bacterium	0.8
67be4ef4b99a26e8fe32e609ffbae3c9	d__Bacteria; p__Proteobacteria; c__Alphaproteobacteria; o__Rhizobiales; f__Beijerinckiaceae; g__1174-901-12	1.0
67c212ac8b94a4fad6d1a5fae82d0b4a	d__Bacteria; p__Proteobacteria; c__Alphaproteobacteria; o__Sphingomonadales; f__Sphingomonadaceae; g__Sphingobium	1.0
67c5f3d4d723a8b18bc142acc43929cb	d__Bacteria; p__Planctomycetota; c__Planctomycetes; o__Isosphaerales; f__Isosphaeraceae	1.0
67cd63792e78e5c0624f90683f990e78	d__Bacteria; p__Verrucomicrobiota; c__Verrucomicrobiae; o__Chthoniobacterales; f__Chthoniobacteraceae; g__Candidatus_Udaeobacter; s__uncultured_bacterium	0.8
6808e3d8a4db9fb55ce428581a28cfb8	d__Bacteria; p__Proteobacteria; c__Alphaproteobacteria; o__Rhizobiales; f__Beijerinckiaceae; g__1174-901-12	0.8
680d38437213d669f595b98b8b3301fa	d__Bacteria; p__Proteobacteria; c__Alphaproteobacteria; o__Acetobacterales; f__Acetobacteraceae	1.0
681178d91e6fc28d2a237b78b7d53346	d__Bacteria; p__Acidobacteriota; c__Acidobacteriae; o__Acidobacteriales; f__Acidobacteriaceae_(Subgroup_1); g__Edaphobacter	0.6
6818a0de73712fdf849b1065e5755525	d__Bacteria; p__Proteobacteria; c__Alphaproteobacteria; o__Acetobacterales; f__Acetobacteraceae; g__uncultured; s__uncultured_bacterium	0.6
683559d54caa0bb270a3e028fc3827e1	Unassigned	1.0
6839be2f2420dbf849a6149e6183aa19	d__Bacteria; p__Proteobacteria; c__Alphaproteobacteria; o__Rhizobiales; f__Rhizobiaceae; g__Allorhizobium-Neorhizobium-Pararhizobium-Rhizobium	1.0
6889b6fa2201e765ffd3499c13a11210	d__Bacteria; p__Proteobacteria; c__Alphaproteobacteria; o__Rhizobiales; f__Beijerinckiaceae; g__1174-901-12; s__uncultured_bacterium	0.9
68b268c2f824898cf9f9c436643fdd2b	d__Bacteria; p__Proteobacteria; c__Gammaproteobacteria; o__Salinisphaerales; f__Solimonadaceae; g__uncultured; s__uncultured_bacterium	0.8
68eafb991b13a947d484e82b57df8b60	d__Bacteria; p__Myxococcota; c__Polyangia; o__Polyangiales; f__Polyangiaceae; g__Pajaroellobacter; s__uncultured_bacterium	0.6
693702c39a3d6d819a0d698252277469	Unassigned	1.0
694beb74ab0142bf034418ab105f0539	d__Bacteria; p__Proteobacteria; c__Alphaproteobacteria; o__Rickettsiales; f__Mitochondria; g__Mitochondria	1.0
694edbc333fa7ba217f07e81fbd0b8a2	d__Bacteria; p__Planctomycetota; c__Planctomycetes; o__Gemmatales; f__Gemmataceae; g__Fimbriiglobus	1.0
6955c68d1c2b9922cf461a2ba7b88f15	d__Bacteria; p__Chloroflexi; c__Chloroflexia; o__Thermomicrobiales; f__JG30-KF-CM45; g__JG30-KF-CM45	1.0
69674e523c3c70f78d1145209456956e	d__Bacteria; p__Bacteroidota; c__Bacteroidia; o__Cytophagales; f__Spirosomaceae; g__Spirosoma	1.0
699532d0c706afaa79aabc4a0dfff558	d__Bacteria; p__Bacteroidota; c__Bacteroidia; o__Cytophagales; f__Spirosomaceae; g__Spirosoma	0.9
699ce5d2c4d265da47211d88b0117a0a	d__Bacteria; p__Proteobacteria; c__Gammaproteobacteria; o__Xanthomonadales; f__Rhodanobacteraceae; g__Rhodanobacter; s__uncultured_bacterium	0.6
69b8317f2b6315bf8c0e6a0ddc417164	d__Bacteria; p__Acidobacteriota; c__Acidobacteriae; o__Acidobacteriales; f__Acidobacteriaceae_(Subgroup_1)	1.0
69ce0db40c45435b36017f9c70bbe228	d__Bacteria; p__Armatimonadota; c__Armatimonadia; o__Armatimonadales; f__Armatimonadales; g__Armatimonadales; s__uncultured_bacterium	0.6
69e715c0f5d2edca020299b28ef6af54	d__Bacteria; p__Proteobacteria; c__Gammaproteobacteria; o__Diplorickettsiales; f__Diplorickettsiaceae; g__Rickettsiella	1.0
6a100a88cd627af7a4652f4f42b111e0	d__Bacteria; p__Bacteroidota; c__Bacteroidia; o__Cytophagales; f__Spirosomaceae; g__Spirosoma	1.0
6a16118c0674ce15c75024b85cc1345d	d__Bacteria; p__Cyanobacteria; c__Cyanobacteriia; o__Chloroplast; f__Chloroplast; g__Chloroplast	1.0
6a1a4163a840e872e430304a8090cddf	d__Bacteria; p__Planctomycetota; c__Planctomycetes; o__Isosphaerales; f__Isosphaeraceae; g__Tundrisphaera; s__uncultured_bacterium	0.6
6a54a3c33dcaf6b10b5f7c04bf864792	d__Bacteria; p__Planctomycetota; c__Planctomycetes; o__Isosphaerales; f__Isosphaeraceae; g__Tundrisphaera	0.9
6aa0222dd5adfa75e5635dfbc7fb57c6	d__Bacteria; p__Armatimonadota; c__Fimbriimonadia; o__Fimbriimonadales; f__Fimbriimonadaceae; g__Fimbriimonadaceae; s__uncultured_bacterium	0.6
6acaa539a0c1bf756359d013ecec1424	d__Bacteria; p__Bacteroidota; c__Bacteroidia; o__Sphingobacteriales; f__Sphingobacteriaceae; g__Mucilaginibacter	1.0
6adaed5f96346cd3bb4b2f814e344822	d__Bacteria; p__Bacteroidota; c__Bacteroidia; o__Flavobacteriales; f__Flavobacteriaceae; g__Flavobacterium; s__Flavobacterium_sp.	0.9
6ae7e00c838878ec20f2565ad574751f	d__Bacteria; p__Proteobacteria; c__Alphaproteobacteria; o__Rhizobiales; f__Beijerinckiaceae	1.0
6ae9061825fd062c205ccd88a2ee5f77	d__Bacteria; p__Bacteroidota; c__Bacteroidia; o__Chitinophagales; f__Chitinophagaceae; g__Edaphobaculum	1.0
6b0a09a20027a36bfd1dd4b2eae7d475	d__Bacteria; p__Actinobacteriota; c__Actinobacteria; o__Frankiales; f__Frankiaceae; g__Jatrophihabitans; s__uncultured_bacterium	0.7
6b33dd73c648a966e26c98d6d7d8f88a	d__Bacteria; p__Actinobacteriota; c__Actinobacteria; o__Frankiales; f__Cryptosporangiaceae; g__Cryptosporangium	0.7
6b4fa2aafaf9e9a0d123b2b385154206	d__Bacteria; p__Actinobacteriota; c__Actinobacteria; o__Propionibacteriales; f__Nocardioidaceae; g__Nocardioides	1.0
6b765d5bd94a919b64ca182d3e71a0da	d__Bacteria; p__Actinobacteriota; c__Actinobacteria; o__Micrococcales; f__Micrococcaceae; g__Rothia; s__uncultured_bacterium	0.9
6ba04f8c077b0343081bcf456f2731d1	d__Bacteria; p__Verrucomicrobiota; c__Verrucomicrobiae; o__Chthoniobacterales; f__Chthoniobacteraceae; g__Candidatus_Udaeobacter; s__uncultured_bacterium	0.6
6bb384f2c2fbba9856e8ba202179b4e8	d__Bacteria; p__Proteobacteria; c__Alphaproteobacteria; o__Acetobacterales; f__Acetobacteraceae	1.0
6bd86fdf06102ad010a1b93496c57b5e	d__Bacteria; p__Verrucomicrobiota; c__Verrucomicrobiae; o__Opitutales; f__Opitutaceae; g__Opitutus	0.8
6bfc3836461b252f8dbbfa10416900c8	d__Bacteria; p__Bacteroidota; c__Bacteroidia; o__Cytophagales; f__Spirosomaceae; g__Spirosoma	1.0
6c10d920e0608bec37ffab56b9f7ca93	d__Bacteria; p__Bacteroidota; c__Bacteroidia; o__Chitinophagales; f__Chitinophagaceae	1.0
6c1d0c250adaa49f19431de5255b892f	d__Bacteria; p__Proteobacteria; c__Alphaproteobacteria; o__Rhizobiales; f__Beijerinckiaceae	0.9
6c2ac5c4778052ace605ba9692dca80a	d__Bacteria; p__Planctomycetota; c__Planctomycetes; o__Isosphaerales; f__Isosphaeraceae; g__uncultured	1.0
6c77702f159de2f52aac4ed93fb25851	d__Bacteria; p__Proteobacteria; c__Alphaproteobacteria; o__Sphingomonadales; f__Sphingomonadaceae	1.0
6c790b2179afa0279132fa226eec36f4	d__Bacteria; p__Proteobacteria; c__Alphaproteobacteria; o__Sphingomonadales; f__Sphingomonadaceae; g__Sphingobium; s__Sphingobium_sp.	0.7
6c9b0331c9c6e9f4f946d3c781f0f086	d__Bacteria; p__Proteobacteria; c__Alphaproteobacteria; o__Acetobacterales; f__Acetobacteraceae	1.0
6c9f6bc7ea0b420eb8179095dc44d1f2	d__Bacteria; p__Proteobacteria; c__Alphaproteobacteria; o__Rhizobiales; f__Beijerinckiaceae	1.0
6cbb3a7636eeb16c89b49a3b92019e1f	d__Bacteria; p__Armatimonadota; c__Chthonomonadetes; o__Chthonomonadales; f__Chthonomonadaceae; g__Chthonomonas; s__uncultured_bacterium	0.8
6cd186e8da0d0e3f1117057593c0b14e	d__Bacteria; p__Proteobacteria; c__Alphaproteobacteria; o__Rhizobiales; f__Labraceae; g__Labrys	1.0
6cd18e2fd980f4bb0e0b51774ee9dec9	d__Bacteria; p__Planctomycetota; c__Planctomycetes; o__Isosphaerales; f__Isosphaeraceae; g__Tundrisphaera; s__uncultured_bacterium	0.8
6ce4a6137acebba3c684a5427f898417	d__Bacteria; p__Cyanobacteria; c__Cyanobacteriia; o__Chloroplast; f__Chloroplast; g__Chloroplast	1.0
6d1f3b2f0c3154383c1e1965777d3b19	d__Bacteria; p__Proteobacteria; c__Alphaproteobacteria; o__Rhizobiales; f__Beijerinckiaceae; g__1174-901-12; s__uncultured_bacterium	0.9
6d317f931c528d336ca2d28bfe3bfd9b	d__Bacteria; p__Planctomycetota; c__Planctomycetes; o__Gemmatales; f__Gemmataceae; g__uncultured; s__uncultured_bacterium	0.7
6d47103c4aae39fb731f53159ba29c72	d__Bacteria; p__WPS-2; c__WPS-2; o__WPS-2; f__WPS-2; g__WPS-2; s__uncultured_bacterium	0.6
6d5e86820eff3bb933edd484f1a6394f	d__Bacteria; p__Verrucomicrobiota; c__Verrucomicrobiae; o__Verrucomicrobiales; f__Rubritaleaceae; g__Luteolibacter	1.0
6d63e2faf1aa7dfca3bf967b672f2782	d__Bacteria; p__Proteobacteria; c__Gammaproteobacteria; o__Legionellales; f__Legionellaceae; g__Legionella	1.0
6d7bf061203c7b583ab823cce04ee636	d__Bacteria; p__Cyanobacteria; c__Cyanobacteriia; o__Cyanobacteriales; f__uncultured; g__uncultured	0.6
6d7d3207b36b0b3703e89711e1f049dd	d__Bacteria; p__Cyanobacteria; c__Cyanobacteriia; o__Chloroplast; f__Chloroplast; g__Chloroplast	1.0
6d8667555ea183c293e9a50df0e15d9b	d__Bacteria; p__Verrucomicrobiota; c__Verrucomicrobiae; o__Pedosphaerales; f__Pedosphaeraceae; g__uncultured; s__uncultured_bacterium	0.7
6d8b16596d56ff283aac2d8873d506d9	d__Bacteria; p__Proteobacteria; c__Alphaproteobacteria; o__Acetobacterales; f__Acetobacteraceae; g__Acidiphilium	0.7
6da057298c108244e52dfafe2668906b	d__Bacteria; p__Planctomycetota; c__Planctomycetes; o__Isosphaerales; f__Isosphaeraceae; g__Tundrisphaera; s__uncultured_bacterium	0.6
6dd6de36f642c6e7f88785b15a6f6939	Unassigned	1.0
6df688aab4d93301ab158b4c37917339	d__Bacteria; p__Proteobacteria; c__Gammaproteobacteria; o__uncultured; f__uncultured; g__uncultured	0.7
6e0d686c1d3336173b1d590676595fc8	d__Bacteria; p__Proteobacteria; c__Gammaproteobacteria; o__Gammaproteobacteria_Incertae_Sedis; f__Unknown_Family; g__Candidatus_Ovatusbacter; s__uncultured_bacterium	0.6
6e26b64a9c09427cfbe20eff8bf469a2	d__Bacteria; p__Proteobacteria; c__Alphaproteobacteria; o__Acetobacterales; f__Acetobacteraceae; g__Acidiphilium; s__uncultured_bacterium	0.7
6e3cb74bcc96cb94d2d1d9dff89c76d2	d__Bacteria; p__Actinobacteriota; c__Thermoleophilia; o__Solirubrobacterales; f__Solirubrobacteraceae; g__Conexibacter	0.8
6e8bb1bc73e7d9091ecbe961fe25dce9	d__Bacteria; p__Myxococcota; c__Polyangia; o__Polyangiales; f__Sandaracinaceae; g__uncultured; s__uncultured_bacterium	0.9
6eba6bb4e0c2975e625b2c8d9ef36191	d__Bacteria; p__Cyanobacteria; c__Cyanobacteriia; o__Oxyphotobacteria_Incertae_Sedis; f__Unknown_Family; g__Leptolyngbya_ANT.L52.2	1.0
6f0a54e24be69ef9ea0a96710443a4b7	d__Bacteria; p__Proteobacteria; c__Alphaproteobacteria; o__Acetobacterales; f__Acetobacteraceae	1.0
6f1005d82269d8d08b87bafb29012e8d	d__Bacteria; p__Bacteroidota; c__Bacteroidia; o__Chitinophagales; f__Chitinophagaceae; g__Puia	0.7
6f563a7f5161316c37c78a94ee19f960	d__Bacteria; p__Bacteroidota; c__Bacteroidia; o__Chitinophagales; f__Chitinophagaceae; g__Aurantisolimonas; s__uncultured_bacterium	0.7
6f647a1cd39745b0234f3c9f916891da	d__Bacteria; p__Armatimonadota; c__Armatimonadia; o__Armatimonadales; f__Armatimonadales; g__Armatimonadales; s__uncultured_bacterium	0.6
6f69d33b0a421dadbe23d14988dedf12	d__Bacteria; p__Proteobacteria; c__Alphaproteobacteria; o__Acetobacterales; f__Acetobacteraceae; g__uncultured	0.7
6f7158d8bbf1d3415d22e5ee2715377d	d__Bacteria; p__Desulfobacterota; c__Desulfarculia; o__Desulfarculales; f__Desulfarculaceae	0.6
6f959e578005689ba6c50387a3e2dd79	d__Bacteria; p__Myxococcota; c__Myxococcia; o__Myxococcales; f__Myxococcaceae; g__P3OB-42; s__uncultured_bacterium	0.9
6fa56f814198f6f55fc192a429aeab7d	d__Bacteria; p__Proteobacteria; c__Gammaproteobacteria; o__Xanthomonadales; f__Rhodanobacteraceae; g__Luteibacter	1.0
6fa87290b4c975ac3a198f2e85d64626	d__Bacteria; p__Proteobacteria; c__Alphaproteobacteria; o__Acetobacterales; f__Acetobacteraceae	0.9
6fab7091089f86e4320f77cd644d4a67	d__Bacteria; p__Planctomycetota; c__Planctomycetes; o__Gemmatales; f__Gemmataceae; g__uncultured; s__uncultured_bacterium	0.6
6fb219da678bdf585ad590345d340bd0	d__Bacteria; p__Bacteroidota; c__Bacteroidia; o__Cytophagales; f__Spirosomaceae; g__Spirosoma	0.8
6fd1cd95fb226442b87cc0970ac38057	d__Bacteria; p__Cyanobacteria; c__Cyanobacteriia; o__Chloroplast; f__Chloroplast; g__Chloroplast	1.0
700837c09613f405bf9bf8fc56eff0ed	d__Bacteria; p__Bacteroidota; c__Bacteroidia; o__Cytophagales; f__Amoebophilaceae; g__Candidatus_Amoebophilus	1.0
700ac12a25902dd60122bdb942576dba	d__Bacteria; p__Proteobacteria; c__Gammaproteobacteria; o__Burkholderiales; f__Burkholderiaceae; g__Lautropia; s__uncultured_bacterium	0.6
702adbe9f45d7d9dadb80a75d32fbaab	Unassigned	1.0
7045437d3da5bfef78d5b7f136fe5bae	d__Bacteria; p__Proteobacteria; c__Gammaproteobacteria; o__Diplorickettsiales; f__Diplorickettsiaceae; g__uncultured	1.0
70794381c9dc43802d117f5d198d612a	d__Bacteria; p__Bacteroidota; c__Bacteroidia; o__Cytophagales; f__Spirosomaceae; g__Spirosoma	1.0
70903b0d3116ed21138442da246a30e1	d__Bacteria; p__Bacteroidota; c__Bacteroidia; o__Cytophagales; f__Spirosomaceae; g__Spirosoma	1.0
70aba8d900746a8eadb2c66e057f93ba	d__Bacteria; p__Actinobacteriota; c__Thermoleophilia; o__Solirubrobacterales; f__Solirubrobacteraceae; g__Conexibacter	0.9
70e1801a8405863dd8cb878a061df13a	d__Bacteria; p__Proteobacteria; c__Gammaproteobacteria; o__Gammaproteobacteria_Incertae_Sedis; f__Unknown_Family; g__Candidatus_Berkiella; s__uncultured_bacterium	0.7
70e8865f01cd4574f03f72a807012235	d__Bacteria; p__Actinobacteriota; c__Thermoleophilia; o__Gaiellales; f__uncultured; g__uncultured; s__uncultured_bacterium	0.6
710eb73a939dccc477e720010d67a541	d__Bacteria; p__Planctomycetota; c__Phycisphaerae; o__Tepidisphaerales; f__Tepidisphaeraceae; g__Tepidisphaera	0.6
713cf60c64c7af31d9f1094603f000f5	d__Bacteria; p__Cyanobacteria; c__Cyanobacteriia; o__Chloroplast; f__Chloroplast; g__Chloroplast; s__uncultured_bacterium	0.6
71673f0c5dffbc595abb15b076a8b680	d__Bacteria; p__Myxococcota; c__Polyangia; o__Polyangiales; f__Polyangiaceae; g__Pajaroellobacter; s__uncultured_bacterium	0.6
719acfa03f5c2147bb84bbf638f1de9f	d__Bacteria; p__Bacteroidota; c__Bacteroidia; o__Cytophagales; f__Spirosomaceae; g__Spirosoma	0.8
71b37e28eb884be73dfdb98ef8912997	d__Bacteria; p__Proteobacteria; c__Alphaproteobacteria; o__Caulobacterales; f__Caulobacteraceae; g__Phenylobacterium; s__uncultured_bacterium	0.6
71e55886ea7760438c1e0790835fc776	d__Bacteria; p__Cyanobacteria; c__Cyanobacteriia; o__Cyanobacteriales; f__Nostocaceae; g__Desmonostoc_PCC-7422	1.0
721b6f2b7885372d50e691ecd24bb7ef	d__Bacteria; p__Proteobacteria; c__Alphaproteobacteria; o__Acetobacterales; f__Acetobacteraceae; g__uncultured	0.7
721b89b70ea715a6e41abc4134ef2bff	d__Bacteria; p__Proteobacteria; c__Alphaproteobacteria; o__Acetobacterales; f__Acetobacteraceae; g__Acidocella	0.7
72249a10f94400b6be83f0d895f99b68	d__Bacteria; p__Proteobacteria; c__Alphaproteobacteria; o__Rhodobacterales; f__Rhodobacteraceae; g__Amaricoccus	0.9
7280ec54d77a2cc6f6740f079c23208d	d__Bacteria; p__Chloroflexi; c__KD4-96; o__KD4-96; f__KD4-96; g__KD4-96; s__uncultured_bacterium	0.8
72c6148150cfee243915e19187dc9569	d__Bacteria; p__Bacteroidota; c__Bacteroidia; o__Cytophagales; f__Spirosomaceae; g__Spirosoma	1.0
72e32df2fb9051b88216d2180dc568e8	d__Bacteria; p__Proteobacteria; c__Gammaproteobacteria; o__Salinisphaerales; f__Salinisphaeraceae; g__Salinisphaera; s__Salinisphaera_sp.	0.6
7339b5e35f0ecd25df873493c267dd2e	d__Bacteria; p__Chloroflexi; c__Chloroflexia; o__Chloroflexales; f__Roseiflexaceae; g__uncultured	0.7
7363aac88b5325ac49cb469e284e10dd	d__Bacteria; p__Firmicutes; c__Bacilli; o__Lactobacillales; f__Streptococcaceae; g__Lactococcus; s__Lactococcus_lactis	0.9
739ddc28210587ef808ec2c0bfb90be9	d__Bacteria; p__Cyanobacteria; c__Cyanobacteriia; o__Chloroplast; f__Chloroplast; g__Chloroplast	0.9
73c081f783c8cf574b13dd403ed04ff4	d__Bacteria; p__Deinococcota; c__Deinococci; o__Deinococcales; f__Deinococcaceae; g__Deinococcus	1.0
74094209892dac195df9862c82928bfb	d__Bacteria; p__Myxococcota; c__Polyangia; o__Polyangiales; f__Sandaracinaceae; g__uncultured; s__uncultured_bacterium	0.6
740eab1e1c4eca8878bdaf37e14614c2	d__Bacteria; p__Acidobacteriota; c__Acidobacteriae; o__Acidobacteriales; f__Acidobacteriaceae_(Subgroup_1)	1.0
741adf9d3ae8d02fa4d7eb5881a93bba	d__Bacteria; p__Patescibacteria; c__Saccharimonadia; o__Saccharimonadales; f__Saccharimonadales; g__Saccharimonadales; s__uncultured_bacterium	0.8
7442705e7d3f72a49be7db3a62ab0f26	d__Bacteria; p__Proteobacteria; c__Alphaproteobacteria; o__Sphingomonadales; f__Sphingomonadaceae; g__Sphingomonas	1.0
749f8db1a2ea2807d81a1a3c738a9290	d__Bacteria; p__Proteobacteria; c__Gammaproteobacteria; o__Oceanospirillales; f__Saccharospirillaceae; g__Reinekea	1.0
74a513e41c528d2063a594d76753a2b4	d__Bacteria; p__Planctomycetota; c__Planctomycetes; o__Isosphaerales; f__Isosphaeraceae; g__Tundrisphaera; s__uncultured_bacterium	1.0
74b53e396c3fa32181af3f7ec1ca1432	d__Bacteria; p__Proteobacteria; c__Alphaproteobacteria; o__Rhizobiales; f__Xanthobacteraceae; g__uncultured	0.9
75107e20fe0fdeb32a6bddb282df8fba	d__Bacteria; p__Planctomycetota; c__Planctomycetes; o__Isosphaerales; f__Isosphaeraceae; g__Tundrisphaera	0.6
75250b219fbe3bf6786d321be217b4ef	d__Bacteria; p__Planctomycetota; c__Planctomycetes; o__Isosphaerales; f__Isosphaeraceae; g__Tundrisphaera	1.0
7564979a595faa54e3c59a04a0f0f20f	d__Bacteria; p__Planctomycetota; c__Planctomycetes; o__Isosphaerales; f__Isosphaeraceae; g__Singulisphaera	0.6
75e568adcf403280471097217119b1f6	d__Bacteria; p__Deinococcota; c__Deinococci; o__Deinococcales; f__Deinococcaceae; g__Deinococcus	1.0
75ee498547b62301aca361aa574ef2b3	d__Bacteria; p__Proteobacteria; c__Alphaproteobacteria; o__Acetobacterales; f__Acetobacteraceae; g__Roseomonas	0.8
75ff91ff96c80919802693b3b35f7464	d__Bacteria; p__Verrucomicrobiota; c__Verrucomicrobiae; o__Verrucomicrobiales; f__Rubritaleaceae; g__Luteolibacter	1.0
762fbf98bc03e7647767a78e6a66821d	d__Bacteria; p__Bacteroidota; c__Bacteroidia; o__Chitinophagales; f__Chitinophagaceae; g__Edaphobaculum	1.0
76504049c2b5788a58a3177d48911baa	d__Bacteria; p__Cyanobacteria; c__Cyanobacteriia; o__Chloroplast; f__Chloroplast; g__Chloroplast	1.0
765fc9d5633dda5c13b6ef3101d5aa9f	d__Bacteria; p__Proteobacteria; c__Alphaproteobacteria; o__Acetobacterales; f__Acetobacteraceae	1.0
768ef26618e80b44cc2a15625223492b	d__Bacteria; p__Actinobacteriota; c__Actinobacteria; o__Kineosporiales; f__Kineosporiaceae; g__Quadrisphaera	0.9
7691c5b35ecb8d4eec3963aa87b4c267	Unassigned	1.0
76ab3fdebfd57a270f4c34c655877371	d__Bacteria; p__Bacteroidota; c__Bacteroidia; o__Cytophagales; f__Spirosomaceae; g__Fibrella	1.0
76f9132d8843e3543180f38b2e74eb07	d__Bacteria; p__Chloroflexi; c__Chloroflexia; o__Chloroflexales; f__Chloroflexaceae; g__FFCH7168; s__uncultured_bacterium	1.0
7745d0d7e14047d5f5d5c4b8c99d5a6a	Unassigned	1.0
776180ec9ab37ae00cb6e377d43ea760	d__Bacteria; p__Abditibacteriota; c__Abditibacteria; o__Abditibacteriales; f__Abditibacteriaceae; g__Abditibacterium; s__uncultured_bacterium	0.9
7769bdfab606936b00959082c14c30ae	d__Bacteria; p__Proteobacteria; c__Alphaproteobacteria; o__Acetobacterales; f__Acetobacteraceae; g__uncultured	0.8
776b9b5677ab35fc0391396d9c682e80	d__Bacteria; p__Proteobacteria; c__Alphaproteobacteria; o__Acetobacterales; f__Acetobacteraceae; g__uncultured; s__uncultured_bacterium	0.6
77bc1403580034e9cf3469b8b3ce719b	d__Bacteria; p__Proteobacteria; c__Gammaproteobacteria; o__Salinisphaerales; f__Solimonadaceae; g__Nevskia	1.0
77d870143d098cf8d15a30399adcd94e	d__Bacteria; p__Proteobacteria; c__Alphaproteobacteria; o__Rickettsiales; f__Mitochondria; g__Mitochondria	1.0
782147976b150c281a3c72ea650783c1	d__Bacteria; p__Proteobacteria; c__Alphaproteobacteria; o__Rhizobiales; f__Beijerinckiaceae; g__1174-901-12; s__uncultured_bacterium	1.0
7825f984e64cf9d307e3010db45dbf1a	d__Bacteria; p__Acidobacteriota; c__Acidobacteriae; o__Acidobacteriales; f__Acidobacteriaceae_(Subgroup_1); g__Acidipila	0.7
7835c49229094af38bd13d35fc42452e	d__Bacteria; p__Proteobacteria; c__Gammaproteobacteria; o__Burkholderiales; f__Burkholderiaceae; g__Burkholderia-Caballeronia-Paraburkholderia; s__Burkholderia_sp.	0.7
78618f2f8ba7f625a981b58fe048644c	d__Bacteria; p__Bacteroidota; c__Bacteroidia; o__Cytophagales; f__Microscillaceae; g__Chryseolinea; s__uncultured_bacterium	0.7
787b78b612b6085b0772e60943c921d3	d__Bacteria; p__Bacteroidota; c__Bacteroidia; o__Cytophagales; f__Spirosomaceae; g__Spirosoma	0.9
78a7e42f7cf57a7f183c3819f7aa44cc	d__Bacteria; p__Bacteroidota; c__Bacteroidia; o__Cytophagales; f__Spirosomaceae; g__Spirosoma; s__uncultured_bacterium	0.8
78ef1c77e8f7b882097fef6d1c531574	d__Bacteria; p__Bacteroidota; c__Bacteroidia; o__Cytophagales; f__Hymenobacteraceae; g__Hymenobacter; s__uncultured_bacterium	0.6
7960a9f05e33b15f90634a57fab5c0ba	d__Bacteria; p__Actinobacteriota; c__Actinobacteria; o__Frankiales; f__Frankiaceae; g__Jatrophihabitans	1.0
796f207401af1fb450dad4f1072f0018	Unassigned	1.0
7996a74a2f4d57ed4cec5c0a5a0ad5d0	d__Bacteria; p__Planctomycetota; c__Planctomycetes; o__Isosphaerales; f__Isosphaeraceae; g__Tundrisphaera	1.0
79975fe84481f3b73341aa0c86cbbe1b	d__Bacteria; p__Proteobacteria; c__Alphaproteobacteria; o__Sphingomonadales; f__Sphingomonadaceae; g__Sphingomonas	1.0
79dfea75f22db14519fc24eba37a28b3	d__Bacteria; p__Proteobacteria; c__Alphaproteobacteria; o__Rhizobiales; f__Beijerinckiaceae	1.0
79e7058605d4133ea32b8c7a1d38a9a7	d__Bacteria; p__Proteobacteria; c__Alphaproteobacteria; o__Acetobacterales; f__Acetobacteraceae; g__Acidiphilium	0.7
79f62a50dfb7fcee64ad29fa594f53a5	d__Bacteria; p__Deinococcota; c__Deinococci; o__Deinococcales; f__Deinococcaceae; g__Deinococcus	1.0
7a3f73a92d84e7f4e4861e16c57d1133	d__Bacteria; p__Bdellovibrionota; c__Bdellovibrionia; o__Bdellovibrionales; f__Bdellovibrionaceae; g__Bdellovibrio; s__uncultured_bacterium	0.9
7a7f26619f42855a102fab4f1d7b8753	d__Bacteria; p__Bdellovibrionota; c__Oligoflexia; o__0319-6G20; f__0319-6G20; g__0319-6G20; s__uncultured_bacterium	0.9
7a938fa863a994916e1dffb62a1e4cec	d__Bacteria; p__Bacteroidota; c__Bacteroidia; o__Cytophagales; f__Spirosomaceae; g__Spirosoma	1.0
7ad074ffaf54d580ee98115f5b8b26dc	d__Bacteria; p__Actinobacteriota; c__Thermoleophilia; o__Solirubrobacterales; f__67-14; g__67-14; s__uncultured_bacterium	0.9
7b0d3674274c8aa516a4b403e58679a6	d__Bacteria; p__Proteobacteria; c__Alphaproteobacteria; o__Acetobacterales; f__Acetobacteraceae	1.0
7b0ec82b13b1a5f91a9ece6e27bbdee5	d__Bacteria; p__Proteobacteria; c__Alphaproteobacteria; o__Acetobacterales; f__Acetobacteraceae; g__uncultured	0.7
7b4b5d33213fbcfc9f96202519056c65	d__Bacteria; p__Armatimonadota; c__Armatimonadia; o__Armatimonadales; f__Armatimonadales; g__Armatimonadales; s__uncultured_bacterium	0.9
7b7fccdff4750e8bf40a96906de79789	d__Bacteria; p__Verrucomicrobiota; c__Verrucomicrobiae; o__Verrucomicrobiales; f__Verrucomicrobiaceae	0.9
7b97ff7d799290a81e1511cb25d5a297	d__Bacteria; p__Chloroflexi; c__Chloroflexia; o__Chloroflexales; f__Chloroflexaceae; g__FFCH7168; s__uncultured_bacterium	0.9
7b98e52a111951327a21af4bc3bd1917	d__Bacteria; p__Proteobacteria; c__Alphaproteobacteria; o__Acetobacterales; f__Acetobacteraceae; g__Acidocella	0.9
7bc834b6d24f6d5610bbc2a21e2ad06f	d__Bacteria; p__Bacteroidota; c__Bacteroidia; o__Chitinophagales; f__Chitinophagaceae; g__Aurantisolimonas; s__uncultured_bacterium	0.7
7bcc4b0892163a31fd4478c30fba8a8a	d__Bacteria; p__Actinobacteriota; c__Actinobacteria; o__Propionibacteriales; f__Nocardioidaceae; g__Nocardioides; s__uncultured_bacterium	0.7
7be487484ec8e9ceb37927b745675169	d__Bacteria; p__Actinobacteriota; c__Actinobacteria; o__Frankiales; f__Frankiaceae; g__Jatrophihabitans	1.0
7be70fd4156906a7dc80f682feeb7b49	d__Bacteria; p__Proteobacteria; c__Gammaproteobacteria; o__Gammaproteobacteria_Incertae_Sedis; f__Unknown_Family; g__Acidibacter; s__uncultured_bacterium	0.6
7bfee5e8c8b18965c9fac43e7112b64b	d__Bacteria; p__Bacteroidota; c__Bacteroidia; o__Chitinophagales; f__Chitinophagaceae; g__Terrimonas; s__uncultured_bacterium	0.7
7c2d125d23a074b990dc524b8b44d736	d__Bacteria; p__Proteobacteria; c__Alphaproteobacteria; o__Acetobacterales; f__Acetobacteraceae	1.0
7c4248bed465fb4ad908ae369d0d82e9	d__Bacteria; p__Proteobacteria; c__Alphaproteobacteria; o__Acetobacterales; f__Acetobacteraceae; g__uncultured	0.6
7c894f8f3c10d3bead8cd7a8184e1a9f	d__Bacteria; p__Planctomycetota; c__Planctomycetes; o__Isosphaerales; f__Isosphaeraceae; g__Aquisphaera; s__uncultured_bacterium	0.6
7ccb4a3a26bd9c80349d81ae2a3e617a	d__Bacteria; p__Bacteroidota; c__Bacteroidia; o__Cytophagales; f__Spirosomaceae; g__Spirosoma	1.0
7d0c7fe622f8ae6c598e05236f510d45	d__Bacteria; p__Actinobacteriota; c__Actinobacteria; o__Micrococcales; f__Microbacteriaceae	1.0
7d31437cb01038b8bd42527d1a634599	d__Bacteria; p__Bacteroidota; c__Bacteroidia; o__Chitinophagales; f__Chitinophagaceae; g__Edaphobaculum	1.0
7d347a338165fa2bb70d87e540cee822	d__Bacteria; p__WPS-2; c__WPS-2; o__WPS-2; f__WPS-2; g__WPS-2; s__uncultured_bacterium	0.7
7d4e986f1ee608850db27a5653f56fe4	d__Bacteria; p__Proteobacteria; c__Alphaproteobacteria; o__Rhizobiales; f__Xanthobacteraceae; g__Azorhizobium	0.8
7d5ec722ef15010a1a09bf6b54095631	d__Bacteria; p__Actinobacteriota; c__Actinobacteria; o__Propionibacteriales; f__Nocardioidaceae; g__Nocardioides; s__uncultured_bacterium	0.7
7d685545a7ef47872164603971e5e80d	d__Bacteria; p__Proteobacteria; c__Alphaproteobacteria; o__Tistrellales; f__Geminicoccaceae; g__Candidatus_Alysiosphaera	1.0
7d866314b65049397c43ffbde5ede8c0	d__Bacteria; p__Verrucomicrobiota; c__Verrucomicrobiae; o__Chthoniobacterales; f__Chthoniobacteraceae	1.0
7dfb3f1eede60ff156bb02fa40d86687	d__Bacteria; p__Bacteroidota; c__Bacteroidia; o__Chitinophagales; f__Chitinophagaceae; g__Aurantisolimonas; s__uncultured_bacterium	0.6
7e0e4a97d55fc3917a53b76b5182eca6	d__Bacteria; p__Actinobacteriota; c__Acidimicrobiia; o__Microtrichales; f__Iamiaceae; g__Iamia	0.7
7e694190ab03ac60480528fa4a41fc87	d__Bacteria; p__Cyanobacteria; c__Cyanobacteriia; o__Chloroplast; f__Chloroplast; g__Chloroplast	1.0
7e9f7ae52fda340f7e74bec3275041f0	d__Bacteria; p__Bacteroidota; c__Bacteroidia; o__Sphingobacteriales; f__Sphingobacteriaceae; g__Mucilaginibacter; s__uncultured_bacterium	0.6
7ed9b88cf60a0979f43d98a1e26b3bcc	d__Bacteria; p__Myxococcota; c__Myxococcia; o__Myxococcales; f__Myxococcaceae; g__P3OB-42; s__uncultured_bacterium	0.6
7ef8850785a534a6b1a14e8d29f43deb	d__Bacteria; p__Proteobacteria; c__Alphaproteobacteria; o__Acetobacterales; f__Acetobacteraceae; g__Acidiphilium; s__uncultured_bacterium	0.6
7f24b2e987869d03c12713d182d42b71	Unassigned	1.0
7f2c860fb811dccb2f8f03c43d73e5cd	d__Bacteria; p__Bacteroidota; c__Bacteroidia; o__Flavobacteriales; f__Flavobacteriaceae; g__Flavobacterium; s__uncultured_bacterium	0.6
7f37f186f9fc56f451dbae95a70660fe	d__Bacteria; p__Chloroflexi; c__Ktedonobacteria; o__Ktedonobacterales; f__Ktedonobacteraceae; g__uncultured; s__uncultured_bacterium	0.8
7fb3d71e039bcafd7e7a05e82d4e6791	d__Bacteria; p__Armatimonadota; c__Fimbriimonadia; o__Fimbriimonadales; f__Fimbriimonadaceae; g__Fimbriimonadaceae; s__uncultured_bacterium	0.7
7fcd817b70eeb9db30601a38d8639945	d__Bacteria; p__Proteobacteria; c__Alphaproteobacteria; o__Acetobacterales; f__Acetobacteraceae; g__Acidiphilium	0.6
7fe1390bd8d1c665fd77a7cce0db0a08	d__Bacteria; p__Proteobacteria; c__Alphaproteobacteria; o__Rhizobiales; f__Rhizobiaceae; g__Allorhizobium-Neorhizobium-Pararhizobium-Rhizobium	1.0
801f66ee11f95b42f79810265d2ce5db	d__Bacteria; p__Proteobacteria; c__Alphaproteobacteria; o__uncultured; f__uncultured; g__uncultured; s__uncultured_bacterium	0.8
806792382ea26676929e2960781aef42	d__Bacteria; p__Proteobacteria; c__Alphaproteobacteria; o__Rhizobiales; f__Beijerinckiaceae; g__1174-901-12	0.9
8098453a15f207dbd667a18c26c0e25c	d__Bacteria; p__Acidobacteriota; c__Blastocatellia; o__Blastocatellales; f__Blastocatellaceae; g__Blastocatella; s__uncultured_bacterium	0.6
80cd0a52fd2342b376d36dc4ece209ff	d__Bacteria; p__Proteobacteria; c__Alphaproteobacteria; o__Sphingomonadales; f__Sphingomonadaceae; g__Sphingomonas	1.0
80ed52b57da8fe7b9706a764a2701ddf	d__Bacteria; p__Actinobacteriota; c__Actinobacteria; o__Frankiales	0.9
80f41f3efbc66e2c549a017a6d970321	d__Bacteria; p__Proteobacteria; c__Alphaproteobacteria; o__Rhizobiales; f__Beijerinckiaceae; g__1174-901-12	1.0
811a9b27a834277129a70f5f461ad4ca	d__Bacteria; p__Planctomycetota; c__Phycisphaerae; o__Tepidisphaerales; f__WD2101_soil_group; g__WD2101_soil_group; s__uncultured_bacterium	0.8
812264710c06a2b6171a513bad0e9ca8	d__Bacteria; p__Bdellovibrionota; c__Bdellovibrionia; o__Bdellovibrionales; f__Bdellovibrionaceae; g__Bdellovibrio; s__uncultured_bacterium	1.0
818465f0fd815ca5ab9e383bbb3d4eeb	d__Bacteria; p__Bacteroidota; c__Bacteroidia; o__Cytophagales; f__Spirosomaceae; g__Spirosoma	1.0
819388e12e08aa7a915c2d0fc5b8b08b	d__Bacteria; p__Bacteroidota; c__Bacteroidia; o__Chitinophagales; f__Chitinophagaceae; g__Aurantisolimonas; s__uncultured_bacterium	0.6
81e8e6bfcfb1ce7322b886d8b2ee59da	d__Bacteria; p__Bacteroidota; c__Bacteroidia; o__Cytophagales; f__Spirosomaceae; g__Spirosoma	0.9
820077f09011763fcf8a0f7a2b956ba9	d__Bacteria; p__Bacteroidota; c__Bacteroidia; o__Cytophagales; f__Spirosomaceae; g__Spirosoma	1.0
82248094d031fbe2a691e53b7fc938d4	d__Bacteria; p__Bacteroidota; c__Bacteroidia; o__Cytophagales; f__Spirosomaceae; g__Spirosoma	1.0
82317f4bfacf25ec5a5b528f5609ae63	Unassigned	1.0
8246b07593e28c96add0181e15c98d4b	d__Bacteria; p__Actinobacteriota; c__Actinobacteria; o__Frankiales; f__Acidothermaceae; g__Acidothermus; s__uncultured_bacterium	0.8
82738e465e73af123a642959ecb23083	d__Bacteria; p__Actinobacteriota; c__Actinobacteria; o__Frankiales	0.8
829880bd622ad95683274500f627dc60	d__Bacteria; p__Bacteroidota; c__Bacteroidia; o__Flavobacteriales; f__Flavobacteriaceae; g__Flavobacterium	1.0
82add1ac8511a48cdabd56b610fcc56e	d__Bacteria; p__Bacteroidota; c__Bacteroidia; o__Cytophagales; f__Spirosomaceae; g__Spirosoma; s__uncultured_bacterium	0.7
82b6f41fbe1925cb2f06a678736ba8e0	d__Bacteria; p__Myxococcota; c__Polyangia; o__Polyangiales; f__Sandaracinaceae; g__uncultured; s__uncultured_bacterium	0.6
833e6eca8946bde10f1dd4102466747e	d__Bacteria; p__Planctomycetota; c__Planctomycetes; o__Isosphaerales; f__Isosphaeraceae; g__uncultured; s__uncultured_bacterium	0.7
833ed88cc626a8e20793a135c8513dac	d__Bacteria; p__Planctomycetota; c__Phycisphaerae; o__Tepidisphaerales; f__WD2101_soil_group; g__WD2101_soil_group; s__uncultured_bacterium	0.7
8353415513025566c7f8290f4ce3821d	d__Bacteria; p__Planctomycetota; c__Phycisphaerae; o__Tepidisphaerales; f__WD2101_soil_group; g__WD2101_soil_group; s__uncultured_bacterium	0.7
83c66f3daca756272a3a285f93626f7c	Unassigned	1.0
83d44ed9d47b5f624a24d399e68e3e6f	d__Bacteria; p__Myxococcota; c__Polyangia; o__Polyangiales; f__Sandaracinaceae; g__uncultured	1.0
83ede01d89b75138d036b1a193b71e21	d__Bacteria; p__Bacteroidota; c__Bacteroidia; o__Cytophagales; f__Spirosomaceae; g__Spirosoma	0.9
83ef7435a670ab80c9d0d842571f8f86	d__Bacteria; p__Bacteroidota; c__Bacteroidia; o__Sphingobacteriales; f__env.OPS_17; g__env.OPS_17; s__metagenome	0.7
8434a6ec1c5295a9ff22d2ec385068b4	d__Bacteria; p__Planctomycetota; c__Planctomycetes; o__Isosphaerales; f__Isosphaeraceae; g__Tundrisphaera	0.7
8438fcd97c2cc1fca6fec148e00cde0e	d__Bacteria; p__Cyanobacteria; c__Cyanobacteriia; o__Chloroplast; f__Chloroplast; g__Chloroplast	1.0
849e1af2a9beb838a68bd6e714d90f4b	d__Bacteria; p__Armatimonadota; c__Chthonomonadetes; o__Chthonomonadales; f__Chthonomonadaceae; g__Chthonomonas; s__uncultured_bacterium	0.8
84a7237d6af61f6480e05856b66e5c5b	d__Bacteria; p__Proteobacteria; c__Alphaproteobacteria; o__Acetobacterales; f__Acetobacteraceae; g__Acidiphilium; s__uncultured_bacterium	0.8
84ba90c585a41b84d3ae01c6fd0d69e3	d__Bacteria; p__Chloroflexi; c__Anaerolineae; o__SBR1031; f__A4b; g__A4b; s__uncultured_bacterium	0.6
84d5da86afb033957abdfb009c6c41bd	d__Bacteria; p__Proteobacteria; c__Alphaproteobacteria; o__Rhizobiales; f__Xanthobacteraceae	1.0
84e14bb08c523a3e454cb01f0c9b2f80	d__Bacteria; p__Bacteroidota; c__Bacteroidia; o__Cytophagales; f__Hymenobacteraceae; g__Hymenobacter; s__uncultured_bacterium	0.7
84f4de7e34e7bebac044b6e8e65053a8	d__Bacteria; p__Proteobacteria; c__Alphaproteobacteria; o__Acetobacterales; f__Acetobacteraceae	0.9
850f8c836812160dab354b86a32288e1	d__Bacteria; p__Proteobacteria; c__Alphaproteobacteria; o__Rhodobacterales; f__Rhodobacteraceae; g__Amaricoccus	0.6
85276517e00c706cdd33fd5dc0bf97d0	d__Bacteria; p__Bacteroidota; c__Bacteroidia; o__Cytophagales; f__Spirosomaceae; g__Arcicella	1.0
852c331b0203c091fde5e4670b5fa7f7	d__Bacteria; p__Myxococcota; c__Polyangia; o__Haliangiales; f__Haliangiaceae; g__Haliangium; s__uncultured_bacterium	0.7
8538a40e4163fb64d269ea09e781cddd	d__Bacteria; p__Verrucomicrobiota; c__Verrucomicrobiae; o__Chthoniobacterales; f__Chthoniobacteraceae; g__Chthoniobacter	1.0
8542d39e0a02ca33b4264c0540f49e59	d__Bacteria; p__Planctomycetota; c__Phycisphaerae; o__Tepidisphaerales; f__Tepidisphaeraceae; g__Tepidisphaeraceae; s__uncultured_bacterium	0.9
85466b80daa052aa4733eb7bade981f0	d__Bacteria; p__Myxococcota; c__Myxococcia; o__Myxococcales; f__Myxococcaceae; g__P3OB-42; s__uncultured_bacterium	0.6
855c2bca04f3240807beebf1544358ec	d__Bacteria; p__Cyanobacteria; c__Cyanobacteriia; o__Chloroplast; f__Chloroplast; g__Chloroplast	1.0
8568d9000753dcce9577dbc02814d83d	d__Bacteria; p__Armatimonadota; c__Chthonomonadetes; o__Chthonomonadales; f__Chthonomonadaceae; g__Chthonomonas; s__uncultured_bacterium	0.9
85bc4081a68773898a7ccb59a1ab23c1	d__Bacteria; p__Bacteroidota; c__Bacteroidia; o__Cytophagales; f__Spirosomaceae; g__Spirosoma	1.0
85d1d6492be5f4b02a55a47c143e82a9	Unassigned	1.0
85e28982f1cf3c58ace2f9909b767846	d__Bacteria; p__Bacteroidota; c__Bacteroidia; o__Cytophagales; f__Microscillaceae; g__uncultured	1.0
8632716df4b370eb01ab7f97b3edc47a	Unassigned	1.0
8663a0d449a38416069fc04d2f90b381	d__Bacteria; p__Actinobacteriota; c__Actinobacteria; o__Streptomycetales; f__Streptomycetaceae; g__Streptomyces; s__Streptomyces_sp.	0.7
867a1599306aa2f78079732d8b0a26f1	d__Bacteria; p__Armatimonadota; c__Armatimonadia; o__Armatimonadales; f__Armatimonadales; g__Armatimonadales; s__uncultured_bacterium	0.8
8686730a8ef981e6086341904721728c	d__Bacteria; p__Chloroflexi; c__Chloroflexia; o__Chloroflexales; f__Chloroflexaceae; g__FFCH7168; s__uncultured_bacterium	1.0
8694f9211f14c490a1a36f55ffa2918e	d__Bacteria; p__Planctomycetota; c__Planctomycetes; o__Isosphaerales; f__Isosphaeraceae; g__Tundrisphaera	0.8
86b882970a34e21ff2ff8d7d33ff0431	d__Bacteria; p__Bacteroidota; c__Bacteroidia; o__Cytophagales; f__Spirosomaceae; g__Spirosoma	1.0
8702a69a34150065ac7ff736a1ecf583	d__Bacteria; p__Planctomycetota; c__Planctomycetes; o__Isosphaerales; f__Isosphaeraceae; g__uncultured	0.6
8720aaf8372029ea657850eca076cb20	d__Bacteria; p__Proteobacteria; c__Alphaproteobacteria; o__Sphingomonadales; f__Sphingomonadaceae; g__Sphingomonas	1.0
872271f5c1391d19a28361b819584b84	d__Bacteria; p__Bacteroidota; c__Bacteroidia; o__Cytophagales; f__Spirosomaceae; g__Spirosoma; s__uncultured_bacterium	0.6
873f54673b36f03a88c140fd1924031d	d__Bacteria; p__Planctomycetota; c__Planctomycetes; o__Isosphaerales; f__Isosphaeraceae; g__Tundrisphaera; s__uncultured_bacterium	0.9
8826265cb40823731ee125ca9f8b405a	Unassigned	1.0
882e0de9056d8d06c0973aa7b116e09e	d__Bacteria; p__Proteobacteria; c__Alphaproteobacteria; o__Rhizobiales; f__Beijerinckiaceae; g__Methylobacterium-Methylorubrum	1.0
884803de2fc5125747d1ba3d525b74a7	d__Bacteria; p__Actinobacteriota; c__Actinobacteria; o__Micrococcales; f__Microbacteriaceae; g__Microbacterium	1.0
886a2ba18e1f1b2467f45d5c3308362f	d__Bacteria; p__Bacteroidota; c__Bacteroidia; o__Flavobacteriales; f__Weeksellaceae; g__Chryseobacterium	1.0
88943e9daf98b30e9e503593b7a4fc21	d__Bacteria; p__Planctomycetota; c__Planctomycetes; o__Gemmatales; f__Gemmataceae; g__Zavarzinella	0.6
88959fabf206daeaef8648e8be71b1ab	d__Bacteria; p__Actinobacteriota; c__Actinobacteria; o__Propionibacteriales; f__Nocardioidaceae; g__Nocardioides	0.9
88f01262547e3f2a75e2a213650158c3	d__Bacteria; p__Bacteroidota; c__Bacteroidia; o__Chitinophagales; f__Chitinophagaceae; g__Taibaiella; s__uncultured_bacterium	0.8
892ffcdb971e77b0e497c5a8498d7253	d__Bacteria; p__Planctomycetota; c__Planctomycetes; o__Isosphaerales; f__Isosphaeraceae; g__uncultured; s__uncultured_bacterium	0.8
8933321e7dbdf47e55a1ec83a6517e09	d__Bacteria; p__Proteobacteria; c__Alphaproteobacteria; o__Reyranellales; f__Reyranellaceae; g__Reyranella; s__uncultured_bacterium	0.7
8967863a935d6107156cf164a4a534a3	d__Bacteria; p__Actinobacteriota; c__Acidimicrobiia; o__IMCC26256; f__IMCC26256; g__IMCC26256	1.0
89af9c98f70c1143edfabd49e76facf2	d__Bacteria; p__Bacteroidota; c__Bacteroidia; o__Sphingobacteriales; f__env.OPS_17; g__env.OPS_17; s__uncultured_bacterium	0.6
89e343aa9967800e85747e20e1a62728	d__Bacteria; p__Cyanobacteria; c__Cyanobacteriia; o__Cyanobacteriales	1.0
89f577402c385c92e1a5f26b15c9362f	d__Bacteria; p__Cyanobacteria; c__Vampirivibrionia; o__Vampirovibrionales; f__Vampirovibrionaceae; g__Vampirovibrionaceae	0.6
89fec83282a3195069fc4bca177af97d	d__Bacteria; p__Actinobacteriota; c__Actinobacteria; o__Corynebacteriales; f__Nocardiaceae; g__Gordonia	1.0
8a1bd9c8bbbf25a771fd3fc36c601ef4	d__Bacteria; p__Actinobacteriota; c__Thermoleophilia; o__Solirubrobacterales; f__Solirubrobacteraceae; g__Solirubrobacter; s__uncultured_bacterium	0.8
8a1d6e5161f5e26446119b18237774bb	d__Bacteria; p__Armatimonadota; c__Fimbriimonadia; o__Fimbriimonadales; f__Fimbriimonadaceae; g__Fimbriimonadaceae; s__uncultured_bacterium	0.8
8a3754702dd9528efcfb263eb20fa22b	d__Bacteria; p__Bacteroidota; c__Bacteroidia; o__Cytophagales; f__Spirosomaceae; g__Spirosoma; s__uncultured_bacterium	0.6
8a78a481660656b20c9c0367f7e73874	d__Bacteria; p__Bacteroidota; c__Bacteroidia; o__Cytophagales; f__Spirosomaceae; g__Spirosoma	0.6
8a872a05386e2925105828cbe88292ed	d__Bacteria; p__Proteobacteria; c__Alphaproteobacteria; o__Rhizobiales; f__Pleomorphomonadaceae; g__uncultured	0.6
8a8b93e7810b00cd8e19c2e4767af533	d__Bacteria; p__Chloroflexi; c__Chloroflexia; o__Chloroflexales; f__Roseiflexaceae; g__uncultured; s__uncultured_bacterium	0.6
8aa28de3c3bb7bbdee913308c24a4da5	d__Bacteria; p__Bacteroidota; c__Bacteroidia; o__Cytophagales	1.0
8b2b5c6f92f9df6ea63ce3cbbd7917f1	d__Bacteria; p__Bacteroidota; c__Bacteroidia; o__Cytophagales; f__Hymenobacteraceae; g__Hymenobacter; s__uncultured_bacterium	0.8
8b38f1edc5f77f54ec86bf8153068af9	d__Bacteria; p__Bacteroidota; c__Bacteroidia; o__Cytophagales; f__Spirosomaceae; g__Spirosoma	0.9
8b3b4504beb2baa5f39fd14b8031a2e2	d__Bacteria; p__Actinobacteriota; c__Thermoleophilia; o__Solirubrobacterales; f__Solirubrobacteraceae; g__Conexibacter	0.6
8b3c98f7648a88d8ad657aa94f93a57b	d__Bacteria; p__Actinobacteriota; c__Actinobacteria; o__Propionibacteriales; f__Nocardioidaceae; g__Nocardioides	1.0
8b64c05f01a5acfed4a84385b5013ada	d__Bacteria; p__Cyanobacteria; c__Sericytochromatia; o__Sericytochromatia; f__Sericytochromatia; g__Sericytochromatia	1.0
8b779805499a37e07b9cb756c786de29	d__Bacteria; p__Proteobacteria; c__Alphaproteobacteria	1.0
8b9d766ef07a112f1186858920a3da03	d__Bacteria; p__Bacteroidota; c__Bacteroidia; o__Chitinophagales; f__Chitinophagaceae; g__Ferruginibacter	1.0
8bb9641f6df1221230500ef632e46b82	d__Bacteria; p__Cyanobacteria; c__Cyanobacteriia; o__Chloroplast; f__Chloroplast; g__Chloroplast	1.0
8bce479e124edcded921f24fb4bef1b9	d__Bacteria; p__Bacteroidota; c__Bacteroidia; o__Cytophagales; f__Spirosomaceae; g__Rudanella	0.6
8be1dab148262aede8f06e2aa9af61b2	d__Bacteria; p__Planctomycetota; c__Planctomycetes; o__Gemmatales; f__Gemmataceae; g__Gemmata; s__uncultured_bacterium	0.6
8bf14c705c696b5643e69c88c3c8e908	d__Bacteria; p__Proteobacteria; c__Gammaproteobacteria; o__Burkholderiales; f__Rhodocyclaceae; g__Uliginosibacterium	1.0
8c04947af0982d3a5fdcc4013b1db281	d__Bacteria; p__Cyanobacteria; c__Cyanobacteriia; o__Chloroplast; f__Chloroplast; g__Chloroplast	1.0
8caaa22b3f5b9669b7d4341fccdcb644	d__Bacteria; p__Planctomycetota; c__Phycisphaerae; o__Tepidisphaerales; f__WD2101_soil_group; g__WD2101_soil_group; s__uncultured_bacterium	0.9
8cac7865bd6504f4d52b63d1aafa232d	d__Bacteria; p__Abditibacteriota; c__Abditibacteria; o__Abditibacteriales; f__Abditibacteriaceae; g__Abditibacterium; s__uncultured_bacterium	0.9
8cce7c0392cd0405bc64a0acc0645fd4	d__Bacteria; p__Bacteroidota; c__Bacteroidia; o__Cytophagales; f__Spirosomaceae; g__Larkinella; s__uncultured_bacterium	0.6
8cf4b7d213f76f71c024122b41c463d9	d__Bacteria; p__Bacteroidota; c__Bacteroidia; o__Cytophagales; f__Spirosomaceae; g__Spirosoma	0.8
8d05fca1703aa50bfd8149cf1f1829ee	d__Bacteria; p__Proteobacteria; c__Alphaproteobacteria; o__Sphingomonadales; f__Sphingomonadaceae; g__Sphingomonas	1.0
8d0f805a177e30b3c715a654d97de526	d__Bacteria; p__Proteobacteria; c__Alphaproteobacteria; o__Caulobacterales; f__Caulobacteraceae	1.0
8d16b9789b668ddee7c527ef4e1f9046	d__Bacteria; p__Proteobacteria; c__Alphaproteobacteria; o__Acetobacterales; f__Acetobacteraceae	1.0
8d20511b304c572628cff3a6364e6cec	d__Bacteria; p__Proteobacteria; c__Gammaproteobacteria; o__Burkholderiales; f__SC-I-84; g__SC-I-84; s__uncultured_bacterium	0.7
8d2c4b15d6a22fa41a51ff08be03c0e3	d__Bacteria; p__Actinobacteriota; c__Actinobacteria; o__Frankiales	1.0
8d3f2463af90ed9f59bbda873534edc0	d__Bacteria; p__Actinobacteriota; c__Actinobacteria; o__Pseudonocardiales; f__Pseudonocardiaceae; g__Actinomycetospora; s__uncultured_bacterium	0.7
8d6b4a9aa99515c0e2c3c7a29596cece	d__Bacteria; p__Proteobacteria; c__Alphaproteobacteria; o__Acetobacterales; f__Acetobacteraceae; g__Acidocella; s__uncultured_bacterium	0.6
8d9e72c35a5ea5c69c8cae27faa8f67f	d__Bacteria; p__Actinobacteriota; c__Thermoleophilia; o__Solirubrobacterales; f__Solirubrobacteraceae; g__Conexibacter	0.9
8da1e6afd32d109b770352c09eaced27	d__Bacteria; p__Armatimonadota; c__Armatimonadia; o__Armatimonadales; f__Armatimonadales; g__Armatimonadales; s__uncultured_bacterium	0.7
8dc290711914edee1994a2e220791e55	d__Bacteria; p__Planctomycetota; c__Planctomycetes; o__Gemmatales; f__Gemmataceae	1.0
8df8b4121e5a849e017e0dab3e2246b8	d__Bacteria; p__Bacteroidota; c__Bacteroidia; o__Cytophagales; f__Spirosomaceae; g__Spirosoma	1.0
8dfb8676e2a12ec764db443c256c55e0	d__Bacteria; p__Proteobacteria; c__Alphaproteobacteria; o__Acetobacterales; f__Acetobacteraceae; g__Rhodovastum	0.9
8e039be4d8c5b9c809fc505ce8f91fdd	d__Bacteria; p__Cyanobacteria; c__Cyanobacteriia; o__Chloroplast; f__Chloroplast; g__Chloroplast	1.0
8e5e0a90884ca58221830c2fa10f305d	d__Bacteria; p__Proteobacteria; c__Alphaproteobacteria; o__Sphingomonadales; f__Sphingomonadaceae; g__Sphingomonas	0.9
8e65f3153acd16042dda032b745855ba	d__Bacteria; p__Proteobacteria; c__Gammaproteobacteria; o__Burkholderiales; f__Oxalobacteraceae; g__Duganella	0.9
8e76ecf80c563c74fa92696d1b376eb1	d__Bacteria; p__Proteobacteria; c__Alphaproteobacteria; o__Rhodospirillales; f__uncultured; g__uncultured	0.6
8e7d07bff9e07b50463996bfc26d14da	d__Bacteria; p__Bacteroidota; c__Bacteroidia; o__Chitinophagales; f__Chitinophagaceae; g__Puia	0.9
8eca49c2622a49843c4cb84a7b88bb4d	d__Bacteria; p__Planctomycetota; c__vadinHA49; o__vadinHA49; f__vadinHA49; g__vadinHA49	1.0
8edf900f77fcdcd4ee8b542fd7798b22	d__Bacteria; p__Myxococcota; c__Polyangia; o__Haliangiales; f__Haliangiaceae; g__Haliangium	1.0
8eeab90e7677b9d80775984eac524f7d	d__Bacteria; p__Bacteroidota; c__Bacteroidia; o__Chitinophagales; f__Chitinophagaceae; g__Flavihumibacter	0.9
8f273a0ed9d2c566617c35cf72956984	d__Bacteria; p__Planctomycetota; c__Planctomycetes; o__Isosphaerales; f__Isosphaeraceae; g__uncultured; s__uncultured_bacterium	0.7
8f681d12c648e2314f3f6ea1c749b05d	d__Bacteria; p__Chloroflexi; c__Chloroflexia; o__Thermomicrobiales; f__JG30-KF-CM45; g__JG30-KF-CM45; s__uncultured_bacterium	1.0
8f7d7263980959137dda934cfbed62d7	d__Bacteria; p__Chloroflexi; c__Chloroflexia; o__Chloroflexales; f__Roseiflexaceae; g__uncultured	0.6
8fd874365eca3eee76b5b51de977905c	d__Bacteria; p__Proteobacteria; c__Alphaproteobacteria; o__Tistrellales; f__Geminicoccaceae; g__Candidatus_Alysiosphaera	1.0
903d90c8e39f101e339372ae707357d9	d__Bacteria; p__Bacteroidota; c__Bacteroidia; o__Cytophagales; f__Spirosomaceae; g__Spirosoma	0.7
907347fed1ead09088769211407aae41	d__Bacteria; p__Bacteroidota; c__Bacteroidia; o__Cytophagales; f__Spirosomaceae; g__Spirosoma	0.9
90bcd91b32f0f8a0bea7b64f94f22be3	d__Bacteria; p__Chloroflexi; c__Chloroflexia; o__Chloroflexales; f__Chloroflexaceae; g__FFCH7168; s__uncultured_bacterium	1.0
90dce4842630e1d86398220a3219813a	d__Bacteria; p__Proteobacteria; c__Alphaproteobacteria; o__Acetobacterales; f__Acetobacteraceae	1.0
90f34c8ea88a53e9a6d66552bac5a3d7	d__Bacteria; p__Chloroflexi; c__Chloroflexia; o__Thermomicrobiales; f__JG30-KF-CM45; g__JG30-KF-CM45; s__uncultured_bacterium	0.7
910c51a87319a2a8cb17699030040d0b	d__Bacteria; p__Planctomycetota; c__Planctomycetes; o__Isosphaerales; f__Isosphaeraceae	1.0
91268a8ccf4b2695c8dd9205bebdcdd0	d__Bacteria; p__Proteobacteria; c__Alphaproteobacteria; o__Rhizobiales; f__Xanthobacteraceae; g__Rhodoplanes	0.6
913e8b6ddca7947f95db836301d8e9cd	d__Bacteria; p__Proteobacteria; c__Alphaproteobacteria; o__Rhizobiales; f__Rhizobiaceae; g__Allorhizobium-Neorhizobium-Pararhizobium-Rhizobium; s__uncultured_bacterium	0.6
91519a013d5990654131f1571d571022	d__Bacteria; p__Proteobacteria; c__Gammaproteobacteria; o__Burkholderiales; f__Comamonadaceae	1.0
9180b8e95198bc9b6029a6a95ba84e2d	d__Bacteria; p__Bdellovibrionota; c__Oligoflexia; o__0319-6G20; f__0319-6G20; g__0319-6G20; s__uncultured_bacterium	0.8
91b6406536910a4a4ffdfc0d00f5a8d3	d__Bacteria; p__Planctomycetota; c__Planctomycetes; o__Isosphaerales; f__Isosphaeraceae	1.0
921712d1813b75e524ba6fab1632f123	d__Bacteria; p__Patescibacteria; c__Saccharimonadia; o__Saccharimonadales; f__Saccharimonadales; g__Saccharimonadales; s__uncultured_bacterium	0.9
9225cad2974ccf952db06c45eb989d3c	d__Bacteria; p__Cyanobacteria; c__Cyanobacteriia; o__Cyanobacteriales; f__Nostocaceae; g__Nostoc_PCC-73102; s__Nostoc_sp.	0.6
92694a831c49831ea82403e97fdac38d	d__Bacteria; p__Proteobacteria; c__Alphaproteobacteria; o__Rhizobiales; f__Beijerinckiaceae; g__Microvirga	0.7
92972ca8cedcb4ac0e5b48edf320aaf8	Unassigned	1.0
92bb167f50a4baa597ad605f2179360a	d__Bacteria; p__Proteobacteria; c__Alphaproteobacteria; o__Rhodobacterales; f__Rhodobacteraceae; g__Rubellimicrobium; s__uncultured_bacterium	0.8
92c6fd7ccbe739931cdd1d1f8f808ba7	Unassigned	1.0
92dc7988f9e734c641bf34f41aea3cb8	d__Bacteria; p__Proteobacteria; c__Alphaproteobacteria; o__Rhizobiales; f__Beijerinckiaceae; g__Methylocella	0.6
92dcf4d9c7bb791e36cc945678aaf8f5	d__Bacteria; p__Bdellovibrionota; c__Oligoflexia; o__Oligoflexales; f__Oligoflexales; g__Oligoflexus; s__uncultured_bacterium	0.9
92fb114641e27921122496428e2ef0dd	d__Bacteria; p__Actinobacteriota; c__Actinobacteria; o__Propionibacteriales; f__Propionibacteriaceae; g__Cutibacterium; s__uncultured_bacterium	0.9
9308e9cf8f5645e11e4e4d6df8262b18	d__Bacteria; p__Acidobacteriota; c__Acidobacteriae; o__Bryobacterales; f__Bryobacteraceae; g__Bryobacter	1.0
9378b7c241340079bd7c2398dc965cc6	d__Bacteria; p__Bacteroidota; c__Bacteroidia; o__Chitinophagales; f__Chitinophagaceae	1.0
9383f3bb1ccc3c764e3b2eaf6d7ec5f8	d__Bacteria; p__Bacteroidota; c__Bacteroidia; o__Cytophagales; f__Spirosomaceae; g__Spirosoma	1.0
93bbdbc14257dcb1dd26db0a232cd43b	d__Bacteria; p__Verrucomicrobiota; c__Verrucomicrobiae; o__Chthoniobacterales; f__Xiphinematobacteraceae; g__Candidatus_Xiphinematobacter; s__uncultured_bacterium	0.8
93d0a95af8a3b7de92fc315f843af937	d__Bacteria; p__Bacteroidota; c__Bacteroidia; o__Chitinophagales; f__Chitinophagaceae; g__Segetibacter; s__uncultured_bacterium	0.8
93eb75e56e01c1c74db78f866865bf72	d__Bacteria; p__Proteobacteria; c__Alphaproteobacteria; o__Rhizobiales; f__A0839; g__A0839	1.0
944e86074a99622d662211ec1fa6277b	d__Bacteria; p__Proteobacteria; c__Alphaproteobacteria; o__Rhizobiales; f__Beijerinckiaceae; g__Methylobacterium-Methylorubrum	1.0
945cba16a2e8ab06262d6cdb3c75d4ba	d__Bacteria; p__Planctomycetota; c__Planctomycetes; o__Isosphaerales; f__Isosphaeraceae	1.0
9462dbe69a0644be831dcb5912e08119	d__Bacteria; p__Bacteroidota; c__Bacteroidia; o__Chitinophagales; f__Chitinophagaceae; g__Flavisolibacter; s__uncultured_bacterium	0.9
94764c3490141437c9b82adb5dcde910	d__Bacteria; p__Proteobacteria; c__Gammaproteobacteria; o__Enterobacterales	1.0
94d0dcc3c7de979975fccc5513c0389c	d__Bacteria; p__Proteobacteria; c__Alphaproteobacteria; o__Rhizobiales; f__Beijerinckiaceae; g__Bosea	1.0
94f1e1a08e5092204df07e1bc3894a46	d__Bacteria; p__Cyanobacteria; c__Cyanobacteriia; o__Chloroplast; f__Chloroplast; g__Chloroplast	1.0
94f35843e80f507fd8c4c5376f2f79ce	d__Bacteria; p__Actinobacteriota; c__Actinobacteria; o__Micrococcales; f__Demequinaceae; g__Lysinimicrobium	0.7
950387ff73d10272dab12ce3070c221e	d__Bacteria; p__Proteobacteria; c__Alphaproteobacteria; o__Caulobacterales; f__Caulobacteraceae; g__Phenylobacterium	1.0
9505e6fdbdae810589901031c5fe4cb9	d__Bacteria; p__Actinobacteriota; c__Actinobacteria; o__Propionibacteriales; f__Nocardioidaceae; g__Nocardioides	1.0
955646f84079a3e65b86cff4c7f2bcb8	d__Bacteria; p__Proteobacteria; c__Alphaproteobacteria; o__Rhodobacterales; f__Rhodobacteraceae	1.0
955befe3a3805c3739c47255c50132d1	d__Bacteria; p__Proteobacteria; c__Alphaproteobacteria; o__Rhizobiales; f__Rhizobiaceae; g__Allorhizobium-Neorhizobium-Pararhizobium-Rhizobium; s__Rhizobium_sp.	0.8
956d9ca54120728e486e54ba7fc89761	d__Bacteria; p__Planctomycetota; c__Planctomycetes; o__Planctomycetales; f__uncultured; g__uncultured	1.0
96200d5dc041f05b05cc6ff4deba9ed3	d__Bacteria; p__Abditibacteriota; c__Abditibacteria; o__Abditibacteriales; f__Abditibacteriaceae; g__Abditibacterium; s__uncultured_bacterium	1.0
9696c4daf8674843115c42381853a35d	d__Bacteria; p__Proteobacteria; c__Alphaproteobacteria; o__Acetobacterales; f__Acetobacteraceae; g__uncultured	0.9
96fd8e63165d7278f81a6ba0aa878483	d__Bacteria; p__Bacteroidota; c__Bacteroidia; o__Flavobacteriales; f__Flavobacteriaceae; g__Flavobacterium	1.0
970089d4fb194cd4e5984e09bf8f792b	d__Bacteria; p__Actinobacteriota; c__Thermoleophilia; o__Solirubrobacterales; f__67-14; g__67-14; s__uncultured_bacterium	1.0
9706463d5389789f45c5683356e3191c	d__Bacteria; p__Planctomycetota; c__Planctomycetes; o__Gemmatales; f__Gemmataceae; g__uncultured; s__uncultured_bacterium	0.7
9742f47d349bcf24ef1f4e308029e501	d__Bacteria; p__Proteobacteria; c__Alphaproteobacteria; o__Elsterales; f__uncultured; g__uncultured; s__uncultured_bacterium	0.8
974cb7d808f5ce0e8e8f5734ca96a4c0	d__Bacteria; p__Proteobacteria; c__Alphaproteobacteria; o__Sphingomonadales; f__Sphingomonadaceae; g__Sphingomonas	1.0
97972d8159745ffc5e4442e88ec42ca6	d__Bacteria; p__Acidobacteriota; c__Blastocatellia; o__Blastocatellales; f__Blastocatellaceae	0.6
9797fdb5ec8407e113f302f4104e314d	d__Bacteria; p__WPS-2; c__WPS-2; o__WPS-2; f__WPS-2; g__WPS-2; s__uncultured_bacterium	0.7
97dd02bf4817243c3e6cd507a101b65d	d__Bacteria; p__Bdellovibrionota; c__Bdellovibrionia; o__Bdellovibrionales; f__Bdellovibrionaceae; g__Bdellovibrio	1.0
97f431d4a1ea14a833f2f450d28c1d32	d__Bacteria; p__Actinobacteriota; c__Acidimicrobiia; o__IMCC26256; f__IMCC26256; g__IMCC26256; s__uncultured_bacterium	0.6
97f678359bd5d85b688a46ea10a141a7	d__Bacteria; p__Bacteroidota; c__Bacteroidia; o__Cytophagales; f__Spirosomaceae; g__Spirosoma	1.0
9802e28b364653b357c97d615cfc266d	d__Bacteria; p__Planctomycetota; c__Planctomycetes; o__Isosphaerales; f__Isosphaeraceae; g__Aquisphaera; s__uncultured_bacterium	0.7
9806a922d6d9f15ffc3ea05ee6a8dfc8	d__Bacteria; p__Verrucomicrobiota; c__Chlamydiae; o__Chlamydiales; f__Parachlamydiaceae; g__Candidatus_Protochlamydia	1.0
982be1188b29d3a302a56eb277810bdf	d__Bacteria; p__Verrucomicrobiota; c__Verrucomicrobiae; o__Chthoniobacterales; f__Terrimicrobiaceae; g__FukuN18_freshwater_group	0.6
987334a3ac8ebc1752df662121a49300	d__Bacteria; p__Bacteroidota; c__Bacteroidia; o__Chitinophagales; f__Chitinophagaceae; g__uncultured; s__uncultured_bacterium	0.6
9894ad4171243eaab12d6b23862efdbd	d__Bacteria; p__Bdellovibrionota; c__Bdellovibrionia; o__Bdellovibrionales; f__Bdellovibrionaceae; g__Bdellovibrio; s__uncultured_bacterium	1.0
98ec448858f8167ea24f2d5cf0c5692d	d__Bacteria; p__Chloroflexi; c__Ktedonobacteria; o__Ktedonobacterales; f__Ktedonobacteraceae; g__uncultured	1.0
9994aeba319195f8d736938986b1458c	d__Bacteria; p__Proteobacteria; c__Gammaproteobacteria; o__Gammaproteobacteria_Incertae_Sedis; f__Unknown_Family; g__Candidatus_Berkiella; s__uncultured_bacterium	0.7
99b14eb5f3e2fb0ba6aa6bbe019843c0	d__Bacteria; p__Bacteroidota; c__Bacteroidia; o__Sphingobacteriales; f__env.OPS_17; g__env.OPS_17	0.8
99bb865db9b72fe60a3815618c7c2f58	d__Bacteria; p__Bacteroidota; c__Bacteroidia; o__Chitinophagales; f__Chitinophagaceae; g__uncultured; s__uncultured_bacterium	0.7
9a000c5e51dd0abd6972734c0ec6fd96	d__Bacteria; p__Cyanobacteria; c__Cyanobacteriia; o__Chloroplast; f__Chloroplast; g__Chloroplast	1.0
9a37c3419a488982b5ed7c4c7c09d356	d__Bacteria; p__Cyanobacteria; c__Cyanobacteriia; o__Chloroplast; f__Chloroplast; g__Chloroplast	1.0
9a594295fb7ab3ceaa6f1d7ff54aa714	d__Bacteria; p__Proteobacteria; c__Alphaproteobacteria; o__Rhizobiales; f__Beijerinckiaceae; g__1174-901-12	1.0
9a68a65eb99f69605a512d7886d2cb03	d__Bacteria; p__Proteobacteria; c__Alphaproteobacteria; o__Tistrellales; f__Geminicoccaceae; g__Candidatus_Alysiosphaera; s__uncultured_bacterium	0.6
9a68b0a06c52638ab5fadc36fba36c27	d__Bacteria; p__Bacteroidota; c__Bacteroidia; o__Chitinophagales; f__Chitinophagaceae; g__Edaphobaculum	1.0
9a95c45cd6233351704ed090a14f0fcb	d__Bacteria; p__Proteobacteria; c__Alphaproteobacteria; o__Reyranellales; f__Reyranellaceae; g__Reyranella	1.0
9afe128664d29e584468ae15e26833aa	d__Bacteria; p__Proteobacteria; c__Gammaproteobacteria; o__Burkholderiales; f__Oxalobacteraceae; g__Noviherbaspirillum; s__uncultured_bacterium	0.6
9b08954aed81923f982c26394950f523	d__Bacteria; p__Proteobacteria; c__Alphaproteobacteria; o__Caulobacterales; f__Caulobacteraceae; g__Asticcacaulis	1.0
9b361cfd680c313be488f6b37ade85dd	d__Bacteria; p__Actinobacteriota; c__Actinobacteria; o__Propionibacteriales; f__Nocardioidaceae; g__Nocardioides	1.0
9b8ba0f99648a7f6b70a9daa7a9cc422	d__Bacteria; p__Bacteroidota; c__Bacteroidia; o__Cytophagales; f__Spirosomaceae; g__Dyadobacter	1.0
9bb67a94ba1dc6460c2f1fa8b88407ba	d__Bacteria; p__Proteobacteria; c__Alphaproteobacteria; o__Rhizobiales; f__Beijerinckiaceae; g__Methylobacterium-Methylorubrum	1.0
9bcbd4645a912386365e8fbabdab9aa0	d__Bacteria; p__Proteobacteria; c__Gammaproteobacteria; o__Burkholderiales; f__Nitrosomonadaceae; g__966-1; s__uncultured_beta	0.7
9c15dba6fa255c360f04d3f53c34e451	d__Bacteria; p__Proteobacteria; c__Alphaproteobacteria; o__Acetobacterales; f__Acetobacteraceae	1.0
9c9e19ebaee522d07140b7d7ffbe2d71	d__Bacteria; p__Acidobacteriota; c__Acidobacteriae; o__Acidobacteriales; f__Acidobacteriaceae_(Subgroup_1); g__Granulicella	1.0
9cab89a81ca47aa33ae6d691dfc3376c	d__Bacteria; p__Actinobacteriota; c__Actinobacteria; o__Pseudonocardiales; f__Pseudonocardiaceae; g__Pseudonocardia; s__uncultured_bacterium	0.6
9ce5e054f44f807d3f75ef924a4f54b0	d__Bacteria; p__Planctomycetota; c__Planctomycetes; o__Isosphaerales; f__Isosphaeraceae; g__Aquisphaera	0.7
9cf791be263d94ffb4e7cc332f2fc4dc	d__Bacteria; p__Proteobacteria; c__Alphaproteobacteria; o__Rhizobiales; f__D05-2; g__D05-2	0.6
9cff5d1bf37e0166acb5d106fd9359b1	d__Bacteria; p__Actinobacteriota; c__Actinobacteria; o__Propionibacteriales; f__Nocardioidaceae; g__Nocardioides; s__uncultured_bacterium	0.6
9d0f0ff1605bc8e4d50916ad05942846	d__Bacteria; p__Planctomycetota; c__Planctomycetes; o__Isosphaerales; f__Isosphaeraceae	1.0
9d8dd985d47ae5e98eb8f892a6786b76	d__Bacteria; p__Planctomycetota; c__Planctomycetes; o__Isosphaerales; f__Isosphaeraceae	1.0
9dd5970469501406ea0fcb90cec33523	d__Bacteria; p__Bacteroidota; c__Bacteroidia; o__Cytophagales; f__Spirosomaceae; g__Rudanella	0.6
9e06f465dc1dc82c452ebf9ab541a0f4	d__Bacteria; p__Proteobacteria; c__Alphaproteobacteria; o__Acetobacterales; f__Acetobacteraceae; g__Acidisoma	0.7
9e0fc1c00708c280670b06c2ca17b50c	d__Bacteria; p__Proteobacteria; c__Alphaproteobacteria; o__Rhizobiales; f__Rhizobiaceae; g__Aurantimonas	0.7
9e3393ed65a1e118c2ffd0e6b7ab765b	d__Bacteria; p__Proteobacteria; c__Alphaproteobacteria; o__Sphingomonadales; f__Sphingomonadaceae; g__Sphingomonas	0.9
9e5e31fbf70dbcee9701deca7febe388	d__Bacteria; p__Bacteroidota; c__Bacteroidia; o__Chitinophagales; f__Chitinophagaceae; g__Parafilimonas	1.0
9e68ed493f14301777707ce73ad208d0	d__Bacteria; p__Cyanobacteria; c__Cyanobacteriia; o__Chloroplast; f__Chloroplast; g__Chloroplast	1.0
9e9556409b4f091045b7f3c57923c01e	d__Bacteria; p__Bacteroidota; c__Bacteroidia; o__Cytophagales; f__Spirosomaceae; g__Dyadobacter; s__uncultured_bacterium	0.7
9ea6831e535ca93fe4bfc0f983fec301	d__Bacteria; p__Planctomycetota; c__Planctomycetes; o__Isosphaerales; f__Isosphaeraceae; g__uncultured	0.8
9ed65343017d7896d4538539e8aa4bbc	d__Bacteria; p__Proteobacteria; c__Alphaproteobacteria; o__Acetobacterales; f__Acetobacteraceae; g__Acidiphilium; s__uncultured_bacterium	0.7
9f14b8159d6a0727a29902bfee7342cc	Unassigned	1.0
9f1e3e5665e13a8ed7bceb9e465d5a8b	d__Bacteria; p__Actinobacteriota; c__Actinobacteria; o__Frankiales; f__Geodermatophilaceae; g__Geodermatophilus	1.0
9f2b72e513c9fc2b9cc3ec1ce4615a8f	d__Bacteria; p__Proteobacteria; c__Gammaproteobacteria; o__JG36-TzT-191; f__JG36-TzT-191; g__JG36-TzT-191; s__uncultured_bacterium	0.8
9f3187cec5cda6693e14bec71e59e5e6	d__Bacteria; p__Verrucomicrobiota; c__Verrucomicrobiae; o__Chthoniobacterales; f__Chthoniobacteraceae; g__Chthoniobacter; s__uncultured_bacterium	0.6
9f438996c1f124aae47aa6caa990c66b	d__Bacteria; p__Verrucomicrobiota; c__Verrucomicrobiae; o__Chthoniobacterales; f__Chthoniobacteraceae; g__Chthoniobacter; s__uncultured_bacterium	0.6
9f49bc3d3290be1c3566c10097f5e876	d__Bacteria; p__Actinobacteriota; c__Thermoleophilia; o__Solirubrobacterales; f__Solirubrobacteraceae	0.9
9f902a1dbe1a68a14d086d3a3ebe8267	d__Bacteria; p__Proteobacteria; c__Alphaproteobacteria; o__Sphingomonadales; f__Sphingomonadaceae; g__Sphingomonas	1.0
9f9a73b18a2fa429a3813304793f1304	d__Bacteria; p__Verrucomicrobiota; c__Verrucomicrobiae; o__Chthoniobacterales; f__Chthoniobacteraceae; g__Chthoniobacter	0.9
9fed9e5771807bf55745abfdd920020a	d__Bacteria; p__Chloroflexi; c__Chloroflexia; o__Chloroflexales; f__Roseiflexaceae; g__uncultured; s__uncultured_bacterium	0.7
9ff09eca67e0c2b4b8a665c9134d8715	d__Bacteria; p__Bacteroidota; c__Bacteroidia; o__Cytophagales; f__Spirosomaceae; g__Spirosoma	0.8
a007b5b4d573d12b7ae51294dad97293	d__Bacteria; p__Cyanobacteria; c__Cyanobacteriia; o__Chloroplast; f__Chloroplast; g__Chloroplast	1.0
a01a057e6c2bed9d59063d7f7b6f179d	d__Bacteria; p__Proteobacteria; c__Alphaproteobacteria; o__Rhizobiales; f__Rhizobiaceae; g__Aureimonas	0.8
a04c77fc68fbbe764d2ed2ad0f17e429	d__Bacteria; p__Bacteroidota; c__Bacteroidia; o__Sphingobacteriales; f__Sphingobacteriaceae; g__Mucilaginibacter	0.9
a09f1351e2e45befa7fb4ba04c88d92d	d__Bacteria; p__Proteobacteria; c__Gammaproteobacteria; o__Pseudomonadales; f__Pseudomonadaceae; g__Pseudomonas	1.0
a0e19c9b0c612fd9a390e1233836bf2b	d__Bacteria; p__Planctomycetota; c__Planctomycetes; o__Isosphaerales; f__Isosphaeraceae; g__Tundrisphaera; s__uncultured_bacterium	1.0
a11327bb545ab9f1b428fa52447c9b4d	d__Bacteria; p__Proteobacteria; c__Alphaproteobacteria; o__Sphingomonadales; f__Sphingomonadaceae; g__Sphingomonas; s__uncultured_bacterium	0.7
a119f301cbfb5fc3ebcaa186b628d531	d__Bacteria; p__Proteobacteria; c__Alphaproteobacteria; o__Sphingomonadales; f__Sphingomonadaceae; g__Rhizorhapis	0.9
a1816e2c2707c19637cda887a546ceab	d__Bacteria; p__Proteobacteria; c__Alphaproteobacteria; o__Rhizobiales; f__Beijerinckiaceae	1.0
a1976f3147a5665bb8f5705844c14a9f	d__Bacteria; p__Proteobacteria; c__Alphaproteobacteria; o__Rickettsiales; f__Mitochondria; g__Mitochondria	1.0
a1d384d52d4dd33101e1192dd7ab0def	d__Bacteria; p__Proteobacteria; c__Alphaproteobacteria; o__Acetobacterales; f__Acetobacteraceae; g__uncultured	0.6
a1f3f3cac24fb2df18814854ce9cb346	Unassigned	1.0
a2496caaa5256f6201c05fa7aa972f97	d__Bacteria; p__Chloroflexi; c__Chloroflexia; o__Chloroflexales; f__Herpetosiphonaceae; g__Herpetosiphon	1.0
a2aef2d884eb6348d57ede3729b0db13	d__Bacteria; p__Proteobacteria; c__Alphaproteobacteria; o__Rhodospirillales; f__uncultured; g__uncultured; s__uncultured_bacterium	0.6
a2b3868b9b28e5d5cc564358f6f7d872	d__Bacteria; p__Proteobacteria; c__Alphaproteobacteria; o__Rhizobiales; f__Rhizobiaceae; g__Aureimonas	0.9
a30343f3241048a18ce04d786b8cd768	d__Bacteria; p__Chloroflexi; c__Chloroflexia; o__Chloroflexales; f__Roseiflexaceae; g__uncultured; s__uncultured_bacterium	0.7
a32eac98af6c54bcff2f87e599886f3f	d__Bacteria; p__Bacteroidota; c__Bacteroidia; o__Cytophagales; f__Spirosomaceae; g__Spirosoma	1.0
a3311e5fc2cbc85e883a54a5404cae0c	d__Bacteria; p__Proteobacteria; c__Alphaproteobacteria; o__Micavibrionales; f__Micavibrionaceae; g__uncultured	0.7
a3bdf1b70544342a1dba878df1c1a158	d__Bacteria; p__WPS-2; c__WPS-2; o__WPS-2; f__WPS-2; g__WPS-2; s__uncultured_bacterium	0.8
a3c9a0cd5321507588dd7ab296040433	d__Bacteria; p__Cyanobacteria; c__Cyanobacteriia	1.0
a3cedcf7da65226abe0f1daec5e7bcb7	d__Bacteria; p__Proteobacteria; c__Alphaproteobacteria; o__Acetobacterales; f__Acetobacteraceae; g__uncultured	0.6
a3f75d1d06acabb57628e1ad2010511b	d__Bacteria; p__Actinobacteriota; c__Actinobacteria; o__Actinomycetales; f__Actinomycetaceae; g__Actinomyces; s__uncultured_bacterium	0.8
a4461db96a8b4caeeba250a8072ee835	d__Bacteria; p__Actinobacteriota; c__Thermoleophilia; o__Solirubrobacterales; f__Solirubrobacteraceae; g__Patulibacter	1.0
a453dde89dc17bca66c794b79c9a7860	Unassigned	1.0
a4821b10476f9815ae4f4d367c20724a	d__Bacteria; p__Bacteroidota; c__Bacteroidia; o__Cytophagales; f__Spirosomaceae; g__Spirosoma	1.0
a49a0504dbd5ab413a0a71ba43aab836	d__Bacteria; p__Firmicutes; c__Clostridia; o__Lachnospirales; f__Lachnospiraceae	1.0
a4ab68aae3c3a20f7731b124d2050159	d__Bacteria; p__Proteobacteria; c__Alphaproteobacteria; o__Rhodobacterales; f__Rhodobacteraceae; g__Rubellimicrobium; s__uncultured_bacterium	1.0
a4ad6a71cbaa5afccfafe53d498732d6	d__Bacteria; p__Planctomycetota; c__Planctomycetes; o__Pirellulales; f__Pirellulaceae; g__uncultured	1.0
a4b66c55b43fc77914ddec9aced8447b	d__Bacteria; p__Myxococcota; c__Polyangia; o__Polyangiales; f__Polyangiaceae; g__Pajaroellobacter; s__uncultured_bacterium	0.7
a4c88106b8fd77304517d3af3ff15894	d__Bacteria; p__Cyanobacteria; c__Cyanobacteriia; o__Chloroplast; f__Chloroplast; g__Chloroplast	1.0
a4eac9d4d69ac98c3a651276a37783b5	d__Bacteria; p__Methylomirabilota; c__Methylomirabilia; o__Rokubacteriales; f__Rokubacteriales; g__Rokubacteriales; s__uncultured_bacterium	1.0
a4fe7261180acd32e891b12ebe582085	d__Bacteria; p__Bacteroidota; c__Bacteroidia; o__Chitinophagales; f__Chitinophagaceae; g__Aurantisolimonas	0.6
a5301dc4a68e82c9b7bd09b71265c587	d__Bacteria; p__Proteobacteria; c__Alphaproteobacteria; o__Rhizobiales; f__Labraceae; g__Labrys	1.0
a594a2db0ceea408a3931a4465c05420	d__Bacteria; p__Actinobacteriota; c__Actinobacteria; o__Corynebacteriales; f__Nocardiaceae; g__Rhodococcus; s__Rhodococcus_sp.	0.6
a5a6b1f42e9f2c49671d882b639b26d3	d__Bacteria; p__Acidobacteriota; c__Blastocatellia; o__Blastocatellales; f__Blastocatellaceae; g__Blastocatella; s__uncultured_bacterium	0.7
a5ba22463dd61c3b39dfa3ed6adfd038	d__Bacteria; p__Bacteroidota; c__Bacteroidia; o__Cytophagales; f__Hymenobacteraceae; g__Hymenobacter	1.0
a5e0233feb3c4c23956d1dc87883a8b2	d__Bacteria; p__Bacteroidota; c__Bacteroidia; o__Chitinophagales; f__Chitinophagaceae; g__Ferruginibacter	0.8
a5f9a876b418e9c6b2297815cd1c0b6b	d__Bacteria; p__Proteobacteria; c__Alphaproteobacteria; o__Acetobacterales; f__Acetobacteraceae	1.0
a61fe89a84bee0abcf2be61c3c8974aa	d__Bacteria; p__Bacteroidota; c__Bacteroidia; o__Cytophagales; f__Hymenobacteraceae; g__Hymenobacter; s__uncultured_bacterium	0.7
a632cc109da350e12d3de2c9523d55db	d__Bacteria; p__Proteobacteria; c__Alphaproteobacteria; o__Caedibacterales; f__Caedibacteraceae; g__Caedibacter	1.0
a660e90120948f3482fa4fd775e3f998	d__Bacteria; p__Actinobacteriota; c__Actinobacteria; o__Propionibacteriales; f__Nocardioidaceae; g__Aeromicrobium	0.9
a6d54d843a4df13edac26cb9472e7f59	d__Bacteria; p__Cyanobacteria; c__Cyanobacteriia; o__Chloroplast; f__Chloroplast; g__Chloroplast	1.0
a73eee35a7f4b7027cb13893c31cac2a	d__Bacteria; p__Actinobacteriota; c__Actinobacteria; o__Kineosporiales; f__Kineosporiaceae	0.9
a766be540c4244267eef5a7eb48be1b5	d__Bacteria; p__Planctomycetota; c__Planctomycetes; o__Isosphaerales; f__Isosphaeraceae; g__uncultured; s__uncultured_bacterium	0.7
a786d94edaa0ff4522af9f5dad1603f2	d__Bacteria; p__Actinobacteriota; c__Actinobacteria; o__Corynebacteriales; f__Nocardiaceae; g__Nocardia	0.6
a78cc89a6805c44fdf4f1e98745e7f17	d__Bacteria; p__Bacteroidota; c__Bacteroidia; o__Cytophagales; f__Spirosomaceae; g__Spirosoma	1.0
a795ccc065d2b7d848deb26d6073dc14	d__Bacteria; p__Verrucomicrobiota; c__Chlamydiae; o__Chlamydiales; f__Parachlamydiaceae; g__Candidatus_Protochlamydia	0.7
a839fca09fe8fe2de13b9f96bd3eb9d4	Unassigned	1.0
a858e6892a1c3b7277bbc7f29b441d14	d__Bacteria; p__Planctomycetota; c__Phycisphaerae; o__Tepidisphaerales; f__WD2101_soil_group; g__WD2101_soil_group; s__uncultured_bacterium	0.8
a85a76e9056b96c7098b0469c34889d4	d__Bacteria; p__Proteobacteria; c__Alphaproteobacteria; o__Acetobacterales; f__Acetobacteraceae; g__uncultured	0.6
a86a4bf46dfd73ba8b94ffa67f84c1a5	d__Bacteria; p__Bacteroidota; c__Bacteroidia; o__Chitinophagales; f__Chitinophagaceae; g__Aurantisolimonas; s__uncultured_bacterium	0.7
a889dbbf3edbb846094e309df455d4fe	d__Bacteria; p__Proteobacteria; c__Alphaproteobacteria; o__Rhizobiales; f__Beijerinckiaceae; g__Bosea	1.0
a8935c1d077c8d06fd3c2352aba4458f	d__Bacteria; p__Acidobacteriota; c__Acidobacteriae; o__Subgroup_2; f__Subgroup_2; g__Subgroup_2; s__uncultured_bacterium	0.8
a8b038f99516c5e69e7d834ab9c44045	d__Bacteria; p__Bacteroidota; c__Bacteroidia; o__Chitinophagales; f__Chitinophagaceae; g__Edaphobaculum; s__uncultured_bacterium	0.7
a8b73f87ea2557a6feef49b47df00ed9	d__Bacteria; p__Myxococcota; c__Polyangia; o__Polyangiales; f__Polyangiaceae; g__Pajaroellobacter; s__uncultured_bacterium	0.6
a8b761ddb9ff2770ddb6213b8f3e7671	d__Bacteria; p__Chloroflexi; c__Chloroflexia; o__Chloroflexales; f__Chloroflexaceae; g__FFCH7168; s__uncultured_bacterium	1.0
a8d612e251c575d27de2033a510c7a62	d__Bacteria; p__Actinobacteriota; c__Acidimicrobiia; o__Microtrichales; f__Ilumatobacteraceae; g__uncultured	0.9
a8db5727914917a71138766192e0d8a1	d__Bacteria; p__Cyanobacteria; c__Cyanobacteriia; o__Chloroplast; f__Chloroplast; g__Chloroplast	1.0
a8ef14e74824188956236ef598708c18	d__Bacteria; p__Deinococcota; c__Deinococci; o__Deinococcales; f__Deinococcaceae; g__Deinococcus	1.0
a9095934113498bce1cb717437be9dcf	d__Bacteria; p__Actinobacteriota; c__Actinobacteria; o__Propionibacteriales; f__Propionibacteriaceae	1.0
a98824f96edb79c23dda7bc85aad0c57	d__Bacteria; p__Chloroflexi; c__Chloroflexia; o__Thermomicrobiales; f__JG30-KF-CM45; g__JG30-KF-CM45; s__uncultured_bacterium	0.6
a9a8d0028547ff50e80d073894f22be2	d__Bacteria; p__Proteobacteria; c__Gammaproteobacteria; o__Pseudomonadales; f__Pseudomonadaceae; g__Pseudomonas	1.0
a9bfdbaad35c83051009b12f2c442678	d__Bacteria; p__Chloroflexi; c__Anaerolineae; o__RBG-13-54-9; f__RBG-13-54-9; g__RBG-13-54-9; s__uncultured_bacterium	0.8
a9fd5b5e3d995e4eab1f3c91d075e906	d__Bacteria; p__Bacteroidota; c__Bacteroidia; o__Cytophagales; f__Spirosomaceae; g__Spirosoma	1.0
aa230cbff4ca5bffcf71c376f0bebafb	d__Bacteria; p__Planctomycetota; c__Planctomycetes; o__Isosphaerales; f__Isosphaeraceae; g__Tundrisphaera	0.6
aa2aca04e6d8bcadd7112d93372ed639	d__Bacteria; p__Bdellovibrionota; c__Bdellovibrionia; o__Bdellovibrionales; f__Bdellovibrionaceae; g__Bdellovibrio; s__uncultured_bacterium	0.9
aa3c7a2c585235dff9ba1dc6a921db18	d__Bacteria; p__Bacteroidota; c__Bacteroidia; o__Cytophagales; f__Spirosomaceae; g__Spirosoma	0.9
aa40428056d02d7a0f91644fa3004f95	d__Bacteria; p__Proteobacteria; c__Gammaproteobacteria; o__Burkholderiales; f__Burkholderiaceae; g__Limnobacter	0.8
aa4a5f185df14c873f74657910ae65aa	d__Bacteria; p__Proteobacteria; c__Alphaproteobacteria; o__Acetobacterales; f__Acetobacteraceae; g__uncultured	0.6
aa7768c75a6b9ce9623da9656338f045	d__Bacteria; p__Bacteroidota; c__Bacteroidia; o__Cytophagales; f__Hymenobacteraceae; g__Hymenobacter; s__uncultured_bacterium	0.6
aab822a5e85629ac63adf35ef38cf29a	d__Bacteria; p__Myxococcota; c__Myxococcia; o__Myxococcales; f__Myxococcaceae	1.0
aacb8c257c44690c32d633e2e8f08e8b	d__Bacteria; p__Proteobacteria; c__Alphaproteobacteria; o__Sphingomonadales; f__Sphingomonadaceae; g__Sphingomonas	1.0
aaea38c1d74f89b9556387a8c27ff9c5	d__Bacteria; p__Proteobacteria; c__Alphaproteobacteria; o__Rhizobiales; f__Xanthobacteraceae; g__Rhodopseudomonas	0.8
ab02d1c139e01107de731501cef63887	d__Bacteria; p__Bacteroidota; c__Bacteroidia; o__Cytophagales; f__Spirosomaceae; g__Spirosoma; s__uncultured_bacterium	0.6
ab14218d036b5f3a4131009d392c56bd	d__Bacteria; p__Bacteroidota; c__Bacteroidia; o__Cytophagales; f__Spirosomaceae; g__Spirosoma	1.0
ab3eda50907529779d390d2b8b1d3a80	d__Bacteria; p__Cyanobacteria; c__Cyanobacteriia; o__Chloroplast; f__Chloroplast; g__Chloroplast	0.6
ab98bfea30a07bd07e47e370b9a62d12	d__Bacteria; p__Planctomycetota; c__Planctomycetes; o__Isosphaerales; f__Isosphaeraceae; g__Singulisphaera	0.7
aba893753545fe3970282a650c160884	d__Bacteria; p__Myxococcota; c__Myxococcia; o__Myxococcales; f__Anaeromyxobacteraceae; g__Anaeromyxobacter	1.0
abb2495315241102dd9a5bca51eabbcc	d__Bacteria; p__Proteobacteria; c__Alphaproteobacteria; o__Acetobacterales; f__Acetobacteraceae; g__Acidiphilium; s__uncultured_bacterium	0.7
abd527a57ef6aff12deba9c0436c4503	d__Bacteria; p__Proteobacteria; c__Alphaproteobacteria; o__Rhizobiales; f__Beijerinckiaceae; g__Beijerinckia	0.7
abef8682b887613e41380744e351bd97	d__Bacteria; p__Chloroflexi; c__Chloroflexia; o__Chloroflexales; f__Chloroflexaceae; g__FFCH7168; s__uncultured_bacterium	1.0
abf5b6c322102b772808a5f210a0fcf0	d__Bacteria; p__Cyanobacteria; c__Cyanobacteriia; o__Chloroplast; f__Chloroplast; g__Chloroplast	1.0
ac10ac529f1fb2b0c9323a77fb598dec	d__Bacteria; p__Bacteroidota; c__Bacteroidia; o__Cytophagales; f__Spirosomaceae; g__Spirosoma; s__uncultured_bacterium	0.6
ac17e6a4959aa78fb754cfb215e29466	d__Bacteria; p__Chloroflexi; c__Chloroflexia; o__Chloroflexales; f__Roseiflexaceae	1.0
ac431a3d3bcfc41cd5f3a8abfe38d691	d__Bacteria; p__Proteobacteria; c__Gammaproteobacteria; o__Burkholderiales; f__Burkholderiaceae; g__Robbsia	1.0
ac6646470d60044ffca581d2b7c797bf	d__Bacteria; p__Proteobacteria; c__Alphaproteobacteria; o__Rhizobiales; f__Beijerinckiaceae	1.0
ac67b5d47455d445015b75d88209fe78	d__Bacteria; p__Actinobacteriota; c__Actinobacteria; o__Propionibacteriales; f__Propionibacteriaceae; g__Friedmanniella	0.9
ac7b266d1c2ae76fcd63227c7684a68a	d__Bacteria; p__Proteobacteria; c__Alphaproteobacteria; o__Acetobacterales; f__Acetobacteraceae	0.9
ac894cb3f945520e805c9ba2a2b20101	d__Bacteria; p__Proteobacteria; c__Gammaproteobacteria; o__Burkholderiales; f__Chitinibacteraceae	1.0
ac8e625719333b727b16442872a6c1e0	d__Bacteria; p__Bacteroidota; c__Bacteroidia; o__Chitinophagales; f__Chitinophagaceae; g__Chitinophaga	0.6
ac9dc76d37ca40ccdf79f715d39ef113	d__Bacteria; p__Bacteroidota; c__Bacteroidia; o__Chitinophagales; f__37-13; g__37-13	1.0
acecaefebe00d1267d9445e920b0c90f	d__Bacteria; p__Proteobacteria; c__Alphaproteobacteria; o__Acetobacterales; f__Acetobacteraceae	1.0
aced9ab56c7a3ab508341f90323343ab	d__Bacteria; p__Proteobacteria; c__Gammaproteobacteria; o__Xanthomonadales; f__Xanthomonadaceae; g__Thermomonas; s__uncultured_bacterium	0.6
ad63aeb743272269f84f23e9cd484c63	d__Bacteria; p__Actinobacteriota; c__Acidimicrobiia; o__Microtrichales; f__Ilumatobacteraceae; g__uncultured; s__uncultured_bacterium	0.8
ad9330f2e026baf8237b578943b9c48c	d__Bacteria; p__Proteobacteria; c__Alphaproteobacteria; o__Sphingomonadales; f__Sphingomonadaceae; g__Sphingomonas	0.9
adbc28de9526a6d13fc658bbf5a524a5	d__Bacteria; p__Bacteroidota; c__Bacteroidia; o__Cytophagales; f__Spirosomaceae; g__Spirosoma	1.0
adc1579a3416146685a48b39b9b472bd	Unassigned	1.0
adf771d76db0bd43cfb9f0cd6de42743	d__Bacteria; p__Myxococcota; c__Polyangia; o__mle1-27; f__mle1-27; g__mle1-27	1.0
ae1d0cda91076226eab19c8a93559f9b	d__Bacteria; p__Verrucomicrobiota; c__Verrucomicrobiae; o__Methylacidiphilales; f__Methylacidiphilaceae; g__uncultured; s__uncultured_bacterium	0.8
ae30c1ad7f39725a71eff988a3924863	d__Bacteria; p__Acidobacteriota; c__Acidobacteriae; o__Acidobacteriales; f__Acidobacteriaceae_(Subgroup_1); g__Granulicella	0.7
ae56fae77e263c18b4726da44993eb1b	d__Bacteria; p__Proteobacteria; c__Alphaproteobacteria; o__Acetobacterales; f__Acetobacteraceae; g__Acidiphilium; s__uncultured_bacterium	0.7
ae6be10cfda8ee55f1d6fc830c6fc5e1	d__Bacteria; p__Proteobacteria; c__Alphaproteobacteria; o__Acetobacterales; f__Acetobacteraceae; g__Acidiphilium; s__uncultured_bacterium	0.6
ae8c67d9f7875089c81a1f4ab97d23a0	d__Bacteria; p__Planctomycetota; c__Planctomycetes; o__Gemmatales; f__Gemmataceae; g__Gemmata; s__uncultured_bacterium	0.6
aef051a76ac284ef2751111d22b8f15f	d__Bacteria; p__Bacteroidota; c__Bacteroidia; o__Cytophagales; f__Spirosomaceae; g__Spirosoma	1.0
af1b87205f28a4a26e9536d9ebb51b2a	d__Bacteria; p__Bacteroidota; c__Bacteroidia; o__Chitinophagales; f__Chitinophagaceae; g__Rurimicrobium	0.6
af6b6bd9ea71f100c62821c1ee7565bd	d__Bacteria; p__Myxococcota; c__Polyangia; o__Polyangiales; f__Phaselicystidaceae; g__Phaselicystis; s__uncultured_bacterium	0.6
af9a2b227137a4f8970013b923674911	d__Bacteria; p__Chloroflexi; c__Chloroflexia; o__Chloroflexales; f__Chloroflexaceae; g__FFCH7168; s__uncultured_bacterium	1.0
afa6516d1c0d6570e9ac660f075bc39e	d__Bacteria; p__Cyanobacteria; c__Cyanobacteriia; o__Cyanobacteriales; f__Nostocaceae	1.0
afa79c2c6ad204e069f2779d8482d9d4	d__Bacteria; p__Acidobacteriota; c__Acidobacteriae; o__Acidobacteriales; f__Acidobacteriaceae_(Subgroup_1); g__Edaphobacter	0.6
afc759785646bacf1922fb0a4c999f89	d__Bacteria; p__Planctomycetota; c__Phycisphaerae; o__Tepidisphaerales; f__WD2101_soil_group; g__WD2101_soil_group; s__uncultured_bacterium	0.9
afca55afa14f67958510fedeb99a2a8e	d__Bacteria; p__Cyanobacteria; c__Cyanobacteriia; o__Chloroplast; f__Chloroplast; g__Chloroplast; s__uncultured_organism	0.6
afea583c5271108baa65d40a3cc823af	d__Bacteria; p__Bacteroidota; c__Bacteroidia; o__Cytophagales; f__Spirosomaceae; g__Spirosoma; s__uncultured_bacterium	0.6
aff02e1b3adaea1da7ff51e3f0654bac	d__Bacteria; p__Proteobacteria; c__Alphaproteobacteria; o__Rhizobiales; f__Xanthobacteraceae; g__uncultured; s__uncultured_bacterium	0.7
b0089919c684c9cc7c5e701217535aa4	d__Bacteria; p__Bacteroidota; c__Bacteroidia; o__Cytophagales; f__Hymenobacteraceae; g__Hymenobacter	1.0
b06111b7ab94ff73699a39444b551206	d__Bacteria; p__Bacteroidota; c__Bacteroidia; o__Cytophagales; f__Hymenobacteraceae; g__Hymenobacter; s__uncultured_bacterium	0.7
b06e5f7b8e0a9ae25493c38cd4fbf1d8	d__Bacteria; p__Planctomycetota; c__Planctomycetes; o__Gemmatales; f__Gemmataceae; g__Gemmata; s__uncultured_bacterium	0.6
b0a472fe3c28b0ed168e3159ef2fc826	d__Bacteria; p__Proteobacteria; c__Gammaproteobacteria; o__Burkholderiales; f__Burkholderiaceae; g__Ralstonia	1.0
b0addc565de95b4b59aca6aa09b57875	d__Bacteria; p__Planctomycetota; c__Planctomycetes; o__Pirellulales; f__Pirellulaceae; g__Pirellula	1.0
b0b1e58c8ed50675cb95eeff383e51ae	d__Bacteria; p__Bacteroidota; c__Bacteroidia; o__Cytophagales; f__Spirosomaceae; g__Spirosoma	1.0
b0bf234197af4be1b3fc4f3d717946b2	d__Bacteria; p__Proteobacteria; c__Alphaproteobacteria; o__Sphingomonadales; f__Sphingomonadaceae; g__Sphingomonas	1.0
b0d1aec8384f622512959641b32ee60a	d__Bacteria; p__Bacteroidota; c__Bacteroidia; o__Chitinophagales; f__Chitinophagaceae; g__Terrimonas	0.6
b0f68d97befea1672afa87f7bf0670ae	d__Bacteria; p__Bacteroidota; c__Bacteroidia; o__Cytophagales; f__Spirosomaceae; g__Spirosoma	0.9
b0f7de7d5b0865b58a1e6eb32bec8228	d__Bacteria; p__Cyanobacteria; c__Cyanobacteriia; o__Chloroplast; f__Chloroplast; g__Chloroplast	1.0
b1519d09bc27c7e0981bf884cc22c2ca	d__Bacteria; p__Armatimonadota; c__Armatimonadia; o__Armatimonadales; f__Armatimonadales; g__Armatimonadales; s__uncultured_bacterium	0.7
b15797487d4a4ac80cc411988962e67b	d__Bacteria; p__Chloroflexi; c__Chloroflexia; o__Kallotenuales; f__AKIW781; g__AKIW781; s__uncultured_bacterium	0.7
b1676874712577eddb0e39418b262c88	d__Bacteria; p__Bacteroidota; c__Rhodothermia; o__Rhodothermales; f__Rhodothermaceae; g__Rubrivirga; s__uncultured_bacterium	0.7
b179faa4b3c52365f73a238d48772d52	d__Bacteria; p__Planctomycetota; c__Planctomycetes; o__Gemmatales; f__Gemmataceae; g__Fimbriiglobus	1.0
b17c44df013cef9acf4e30e3612a2f5c	d__Bacteria; p__Planctomycetota; c__Phycisphaerae; o__Tepidisphaerales; f__WD2101_soil_group; g__WD2101_soil_group; s__uncultured_bacterium	0.8
b1a944740bc3130d272c8ecaaf14f835	d__Bacteria; p__Bdellovibrionota; c__Oligoflexia; o__Silvanigrellales; f__Silvanigrellaceae; g__Silvanigrella	0.7
b1b39285d20e38909f88b25c9d22d282	d__Bacteria; p__Proteobacteria; c__Alphaproteobacteria; o__Micropepsales; f__Micropepsaceae; g__uncultured	0.8
b1e86ce3259bfa1da314b69975a5824d	d__Bacteria; p__Proteobacteria; c__Alphaproteobacteria; o__Rickettsiales; f__SM2D12; g__SM2D12	0.6
b2058838b59ef03505138b55b68f4c99	d__Bacteria; p__Bdellovibrionota; c__Oligoflexia; o__Oligoflexales; f__uncultured; g__uncultured; s__uncultured_bacterium	0.6
b22180a3aad505553496f735adbb9d4e	d__Bacteria; p__Proteobacteria; c__Alphaproteobacteria; o__Sphingomonadales; f__Sphingomonadaceae; g__Sphingomonas; s__Sphingomonas_sp.	0.6
b228905f398397528255c3bc969d80ef	d__Bacteria; p__Actinobacteriota; c__Thermoleophilia; o__Solirubrobacterales; f__Solirubrobacteraceae; g__Conexibacter	1.0
b26996d04dfbc33abfb5f1b98ea209d8	d__Bacteria; p__Proteobacteria; c__Alphaproteobacteria; o__Acetobacterales; f__Acetobacteraceae	1.0
b2706c146b11bdc4200850ea2191d6d6	d__Bacteria; p__Bacteroidota; c__Bacteroidia; o__Cytophagales; f__Spirosomaceae; g__Spirosoma	1.0
b282257dd6b7db30127a9fbbac387d3e	d__Bacteria; p__Proteobacteria; c__Gammaproteobacteria; o__Enterobacterales; f__Erwiniaceae; g__Pantoea	1.0
b2a225b956569243c98cfb6c29584752	d__Bacteria; p__Proteobacteria; c__Alphaproteobacteria; o__Acetobacterales; f__Acetobacteraceae	1.0
b2a856a1a9a87f2ced0563fc6bb00897	d__Bacteria; p__Verrucomicrobiota; c__Chlamydiae; o__Chlamydiales; f__cvE6; g__cvE6	1.0
b2a9467de0f05b0743e7fcb97af85017	d__Bacteria; p__Patescibacteria; c__Saccharimonadia; o__Saccharimonadales; f__Saccharimonadales; g__Saccharimonadales; s__uncultured_bacterium	0.9
b2eafe0a3743a568e5b08215f1beffa5	d__Bacteria; p__Proteobacteria; c__Alphaproteobacteria; o__Caulobacterales; f__Caulobacteraceae; g__uncultured	0.7
b2fe3aa5521a23b92eeecea241d44c18	d__Bacteria; p__Proteobacteria; c__Alphaproteobacteria; o__Rhizobiales; f__Xanthobacteraceae; g__Pseudolabrys	0.7
b3324c15d174ac032f442193dcadef1b	d__Bacteria; p__Proteobacteria; c__Alphaproteobacteria; o__Rhizobiales; f__Rhizobiaceae; g__Falsochrobactrum	0.8
b38fc65c46abde72a627a7b06a4777d0	d__Bacteria; p__Actinobacteriota; c__Actinobacteria; o__Micromonosporales; f__Micromonosporaceae; g__Actinoplanes	0.7
b3d11b9bb19bf03717bd59548bf10729	d__Bacteria; p__Actinobacteriota; c__Actinobacteria; o__Propionibacteriales; f__Nocardioidaceae; g__Nocardioides; s__uncultured_bacterium	0.9
b3d40b314b536ba0a2b4d1efcec789d3	d__Bacteria; p__Proteobacteria; c__Alphaproteobacteria; o__Sphingomonadales; f__Sphingomonadaceae; g__Novosphingobium	1.0
b3e4c8abdd12e0ba866a5bc477b43836	d__Bacteria; p__Planctomycetota; c__Planctomycetes; o__Isosphaerales; f__Isosphaeraceae	1.0
b41b1c90c1220e72806df84e83326e0e	d__Bacteria; p__Bacteroidota; c__Bacteroidia; o__Sphingobacteriales; f__env.OPS_17; g__env.OPS_17; s__uncultured_bacterium	0.6
b43f5c1ee795467697925899b4116ed4	d__Bacteria; p__Acidobacteriota; c__Acidobacteriae; o__Acidobacteriales; f__uncultured; g__uncultured	0.9
b4652e7c6d2103c43dfd102cce901e55	d__Bacteria; p__Actinobacteriota; c__Actinobacteria; o__Kineosporiales; f__Kineosporiaceae; g__Kineosporia	0.7
b46cba29092382c79a8f2ad4f164a8ff	d__Bacteria; p__Myxococcota; c__Polyangia; o__mle1-27; f__mle1-27; g__mle1-27	1.0
b475f45515106e04c0e8755f0ec5ab0c	d__Bacteria; p__Bacteroidota; c__Bacteroidia; o__Flavobacteriales; f__Blattabacteriaceae; g__Candidatus_Sulcia; s__Candidatus_Sulcia	0.6
b50d57d640676fa258f21202c526e742	d__Bacteria; p__Cyanobacteria; c__Cyanobacteriia; o__Chloroplast; f__Chloroplast; g__Chloroplast	1.0
b539d6cc5ffd4f6c76be1858a5ca7913	d__Bacteria; p__Acidobacteriota; c__Acidobacteriae; o__Acidobacteriales; f__Acidobacteriaceae_(Subgroup_1); g__Edaphobacter	0.7
b53ef076eb74d94fb609d4bf1a97a48e	d__Bacteria; p__Myxococcota; c__Myxococcia; o__Myxococcales; f__Myxococcaceae	1.0
b545f5a98cb1e03b64f55a57e51ae20b	d__Bacteria; p__Bacteroidota; c__Bacteroidia; o__Cytophagales; f__Spirosomaceae; g__Spirosoma	0.7
b5701ac32c944d7e7c6137583e95e1d7	d__Bacteria; p__Proteobacteria; c__Alphaproteobacteria; o__Acetobacterales; f__Acetobacteraceae; g__Acidiphilium; s__uncultured_bacterium	0.6
b58f09b3bc6295481c07e42cf78cb9d9	d__Bacteria; p__Verrucomicrobiota; c__Verrucomicrobiae; o__Pedosphaerales; f__Pedosphaeraceae; g__ADurb.Bin063-1	0.7
b5afcdfec3199c0a8ab5960dfdace9fb	d__Bacteria; p__Planctomycetota; c__Planctomycetes; o__Gemmatales; f__Gemmataceae; g__Fimbriiglobus	1.0
b5d8a4f8247da28a9639535b0d968a8b	d__Bacteria; p__Proteobacteria; c__Alphaproteobacteria; o__Acetobacterales; f__Acetobacteraceae; g__uncultured	0.7
b5e82a1867a320751bd9d441578b2e55	d__Bacteria; p__Myxococcota; c__Polyangia; o__Polyangiales; f__Polyangiaceae; g__Pajaroellobacter; s__metagenome	0.6
b5f0e5e1df5e6da1ee29a1e96251ccc3	d__Bacteria; p__Cyanobacteria; c__Cyanobacteriia; o__Chloroplast; f__Chloroplast; g__Chloroplast	1.0
b60036f44b39610239bdc43217b520b8	d__Bacteria; p__Proteobacteria; c__Alphaproteobacteria; o__Rhizobiales; f__Rhizobiaceae; g__Mesorhizobium	0.6
b613521058a28b135d707b0e5bb975b9	d__Bacteria; p__Proteobacteria; c__Alphaproteobacteria; o__Acetobacterales; f__Acetobacteraceae	1.0
b63260b3ef3961fb8aca4d3221a97771	d__Bacteria; p__Proteobacteria; c__Alphaproteobacteria; o__Caulobacterales; f__Caulobacteraceae; g__uncultured	0.9
b66b9a3b804c06693dcf3c997588dcde	Unassigned	1.0
b6749b857b99437a67335991e3d5a790	d__Bacteria; p__Actinobacteriota; c__Acidimicrobiia; o__uncultured; f__uncultured; g__uncultured; s__uncultured_bacterium	0.6
b68d387d4bd6c17c24b6478812c64f2e	d__Bacteria; p__Actinobacteriota; c__Actinobacteria; o__Propionibacteriales; f__Nocardioidaceae; g__Actinopolymorpha	0.6
b6cd42350e6a7db387c00e2a03848fda	d__Bacteria; p__Proteobacteria; c__Alphaproteobacteria; o__Rhizobiales; f__Beijerinckiaceae; g__1174-901-12; s__uncultured_bacterium	0.8
b6d0b1e34014181c4f50d033874aa625	d__Bacteria; p__Proteobacteria; c__Gammaproteobacteria; o__Cellvibrionales; f__Halieaceae; g__OM60(NOR5)_clade; s__uncultured_bacterium	0.8
b6e850ab16817290c9ef0b378b2e1e04	d__Bacteria; p__Proteobacteria; c__Alphaproteobacteria; o__Micavibrionales; f__uncultured; g__uncultured; s__uncultured_bacterium	0.6
b75ba49abb6408d4e6972a22835146b7	d__Bacteria; p__Verrucomicrobiota; c__Verrucomicrobiae; o__Methylacidiphilales; f__Methylacidiphilaceae; g__uncultured; s__uncultured_bacterium	0.8
b777769a3cca2554a33dcb58c982ac0e	d__Bacteria; p__Bacteroidota; c__Bacteroidia; o__Cytophagales; f__Hymenobacteraceae; g__Hymenobacter	1.0
b7b5a4be35b47ee836e66ee770eb166c	d__Bacteria; p__Acidobacteriota; c__Acidobacteriae; o__Acidobacteriales; f__Acidobacteriaceae_(Subgroup_1); g__Acidicapsa	1.0
b7f0a4bbc1cd064015b1d7f20db9f24c	d__Bacteria; p__WPS-2; c__WPS-2; o__WPS-2; f__WPS-2; g__WPS-2	0.6
b81dcfbff36e58decb70d91d274c14c8	d__Bacteria; p__Proteobacteria; c__Alphaproteobacteria; o__Sphingomonadales; f__Sphingomonadaceae; g__Sphingomonas	0.6
b833051c0a2766163d887f1d4f52aa7c	d__Bacteria; p__Proteobacteria; c__Alphaproteobacteria; o__Rhizobiales; f__Beijerinckiaceae; g__Methylobacterium-Methylorubrum	1.0
b8383c4445f78f671694c2ab80e33e32	d__Bacteria; p__Planctomycetota; c__Phycisphaerae; o__Tepidisphaerales; f__WD2101_soil_group; g__WD2101_soil_group; s__uncultured_bacterium	0.8
b847eed7d7b44125ecaae895ba057339	d__Bacteria; p__Actinobacteriota; c__Actinobacteria; o__Frankiales; f__Geodermatophilaceae; g__Antricoccus	0.9
b865caceef6b5051ae3783d20315874b	d__Bacteria; p__Cyanobacteria; c__Cyanobacteriia; o__Chloroplast; f__Chloroplast; g__Chloroplast	1.0
b8694a9edb939735ed2ac2af7c69599e	d__Bacteria; p__Armatimonadota; c__Armatimonadia; o__Armatimonadales; f__Armatimonadales; g__Armatimonadales; s__uncultured_bacterium	1.0
b891af13fe6618ede98323244fa12901	d__Bacteria; p__Chloroflexi; c__Chloroflexia; o__Chloroflexales; f__Roseiflexaceae; g__uncultured; s__uncultured_bacterium	0.6
b897148785653afd701d519fad80ee6e	d__Bacteria; p__Bacteroidota; c__Bacteroidia; o__Cytophagales; f__Spirosomaceae; g__Fibrella	0.7
b89dbfe5c74375ff3d4922b41c470740	d__Bacteria; p__Actinobacteriota; c__Actinobacteria; o__Corynebacteriales; f__Corynebacteriaceae; g__Lawsonella; s__uncultured_bacterium	0.8
b8a6ca99cc458960e395c820f42eddd5	d__Bacteria; p__Bdellovibrionota; c__Bdellovibrionia; o__Bdellovibrionales; f__Bdellovibrionaceae; g__Bdellovibrio; s__uncultured_bacterium	0.7
b8a90d3a8209f92fe9f0f017fd3c37a5	d__Bacteria; p__Proteobacteria; c__Alphaproteobacteria; o__Acetobacterales; f__Acetobacteraceae; g__Acidiphilium; s__uncultured_bacterium	0.6
b907f849c0580bfc7b9c09359cde60d6	d__Bacteria; p__Bacteroidota; c__Bacteroidia; o__Sphingobacteriales; f__Sphingobacteriaceae; g__Mucilaginibacter	1.0
b913c4225c3ce5f3c027def24f9798cb	d__Bacteria; p__Armatimonadota; c__Armatimonadia; o__Armatimonadales; f__Armatimonadales; g__Armatimonadales; s__uncultured_bacterium	0.6
b91e570b93de60f3b7cc4be92b208b62	d__Bacteria; p__Proteobacteria; c__Alphaproteobacteria; o__Acetobacterales; f__Acetobacteraceae; g__uncultured	0.6
b9278a1296b6c3cd7ca88a5a9bfdb472	d__Bacteria; p__Actinobacteriota; c__Thermoleophilia; o__Gaiellales; f__uncultured; g__uncultured; s__uncultured_bacterium	0.8
b94946220a5febf3787530575bd0f0a2	d__Bacteria; p__Bacteroidota; c__Bacteroidia; o__Chitinophagales; f__Chitinophagaceae; g__Edaphobaculum; s__uncultured_bacterium	0.6
b9779a83e705307c6596e4741240726c	d__Bacteria; p__Firmicutes; c__Bacilli; o__Bacillales; f__Bacillaceae; g__Bacillus	1.0
b9a995bfcc264c5f456589872e224259	d__Bacteria; p__Bacteroidota; c__Bacteroidia; o__Chitinophagales; f__Chitinophagaceae; g__uncultured	1.0
ba32fee8003f57ed02be8754fc613d7c	d__Bacteria; p__Proteobacteria; c__Alphaproteobacteria; o__Acetobacterales; f__Acetobacteraceae; g__Acidiphilium; s__uncultured_bacterium	0.8
ba3451ff8cdfb3eb4942a8228f3a43f9	d__Bacteria; p__Bacteroidota; c__Bacteroidia; o__Cytophagales; f__Spirosomaceae; g__Spirosoma	1.0
ba361cf25971e542a958b0f1fad88907	d__Bacteria; p__Bacteroidota; c__Bacteroidia; o__Cytophagales; f__Spirosomaceae; g__Fibrella	1.0
ba96b040a29ebf8ab12c56b24bcdea85	d__Bacteria; p__Myxococcota; c__Polyangia; o__Polyangiales; f__Polyangiaceae; g__Pajaroellobacter; s__uncultured_bacterium	0.8
bad2789b408d0e54a5b51b5826af6bcd	d__Bacteria; p__Chloroflexi; c__Ktedonobacteria; o__C0119; f__C0119; g__C0119	0.9
baf20a1beb4f334bdf4668931b754334	d__Bacteria; p__Actinobacteriota; c__Actinobacteria; o__Frankiales; f__Acidothermaceae; g__Acidothermus	1.0
bb18dfe3e54487530b83172d771165bd	d__Bacteria; p__Bacteroidota; c__Bacteroidia; o__Cytophagales; f__Spirosomaceae; g__Spirosoma	1.0
bb32f366efcd80f683f720517cd2f5ab	d__Bacteria; p__Proteobacteria; c__Gammaproteobacteria; o__Gammaproteobacteria_Incertae_Sedis; f__Unknown_Family; g__Acidibacter; s__uncultured_bacterium	0.8
bb383ef3627a2ef23a7d259728fc2795	d__Bacteria; p__Bacteroidota; c__Bacteroidia; o__Sphingobacteriales; f__Sphingobacteriaceae; g__Mucilaginibacter	1.0
bb70b54749bbde92ac8952e4ad431e06	d__Bacteria; p__Proteobacteria; c__Alphaproteobacteria; o__Rhizobiales; f__Devosiaceae; g__Devosia	1.0
bb7acbb4ca58fd195fde03f26b2531bb	d__Bacteria; p__Chloroflexi; c__Anaerolineae; o__SBR1031; f__A4b; g__A4b	1.0
bb9da90fe0296214d15bcc28fa88b73e	d__Bacteria; p__WPS-2; c__WPS-2; o__WPS-2; f__WPS-2; g__WPS-2; s__uncultured_bacterium	0.9
bbd59f775ce9746e6282942ed471f77d	d__Bacteria; p__Actinobacteriota; c__Actinobacteria; o__Propionibacteriales; f__Propionibacteriaceae	1.0
bbd9bc3b83a1ae5eb8a6d6bfb11597a9	d__Bacteria; p__Acidobacteriota; c__Acidobacteriae; o__Acidobacteriales; f__Acidobacteriaceae_(Subgroup_1); g__Granulicella; s__uncultured_bacterium	0.6
bc07ee46a3f3ab217191f3d614d53360	d__Bacteria; p__Actinobacteriota; c__Thermoleophilia; o__Gaiellales; f__uncultured; g__uncultured; s__uncultured_bacterium	0.8
bc2b2a6b5d26c3750a9cfb61831a2eb3	d__Bacteria; p__Proteobacteria; c__Alphaproteobacteria; o__Acetobacterales; f__Acetobacteraceae; g__uncultured	0.7
bc3d41402fe40fd9a012cc1b8378351f	d__Bacteria; p__Actinobacteriota; c__Thermoleophilia; o__Solirubrobacterales; f__Solirubrobacteraceae	0.7
bc55d1284bd6734cf50ad68414f7c533	d__Bacteria; p__Proteobacteria; c__Alphaproteobacteria; o__Rhizobiales; f__Beijerinckiaceae	1.0
bc692a1adcca5d44d613b2606ade234d	d__Bacteria; p__Bacteroidota; c__Bacteroidia; o__Chitinophagales; f__Chitinophagaceae; g__Ferruginibacter; s__uncultured_bacterium	0.6
bc78f889d81b91b906d5f1026ed809b2	d__Bacteria; p__Planctomycetota; c__Phycisphaerae; o__Tepidisphaerales; f__WD2101_soil_group; g__WD2101_soil_group; s__uncultured_bacterium	1.0
bcb6a9b5ce234af643c86b49d5b82e23	d__Bacteria; p__Planctomycetota; c__Planctomycetes; o__Gemmatales; f__Gemmataceae; g__Fimbriiglobus	0.7
bcde493822fb90bf54bdfaf336cad13e	d__Bacteria; p__Proteobacteria; c__Alphaproteobacteria; o__Rhizobiales; f__Beijerinckiaceae	1.0
bcf07455ad7121c151cc17157d5b87c2	d__Bacteria; p__Actinobacteriota; c__Thermoleophilia; o__Solirubrobacterales; f__67-14; g__67-14; s__uncultured_bacterium	0.9
bd4bc0dabe0448b3df94550e841ca6f7	d__Bacteria; p__Bacteroidota; c__Bacteroidia; o__Chitinophagales; f__Chitinophagaceae; g__Ferruginibacter; s__uncultured_bacterium	0.6
bd5f77f383f0273cdc836228c6c1c753	d__Bacteria; p__Chloroflexi; c__Chloroflexia; o__Thermomicrobiales; f__JG30-KF-CM45; g__JG30-KF-CM45; s__uncultured_bacterium	1.0
bdb6400d6dfbe1ea5662426532eaf29c	d__Bacteria; p__Planctomycetota; c__Planctomycetes; o__Isosphaerales; f__Isosphaeraceae; g__uncultured; s__uncultured_bacterium	0.7
bdbacd4702cdfd28a1a3881de4868fc7	d__Bacteria; p__Acidobacteriota; c__Acidobacteriae; o__Acidobacteriales; f__uncultured; g__uncultured; s__uncultured_bacterium	0.9
be7dc20c63379c77044c9ed72b7e08ab	d__Bacteria; p__Proteobacteria; c__Gammaproteobacteria; o__Xanthomonadales; f__Rhodanobacteraceae; g__Dyella	0.9
becc62d15ad48bb4d9e956b5b8e38f6d	d__Bacteria; p__Proteobacteria; c__Alphaproteobacteria; o__Acetobacterales; f__Acetobacteraceae	1.0
bed32f092bca2c8c295033071d9a106f	d__Bacteria; p__Bacteroidota; c__Bacteroidia; o__Chitinophagales; f__Chitinophagaceae; g__Ferruginibacter	0.7
bef2218d6f23d1bc437c610a1c0f1209	d__Bacteria; p__Actinobacteriota; c__Actinobacteria; o__Frankiales; f__Acidothermaceae; g__Acidothermus	1.0
bf413ac2b0f84c27ac7b573ef990b24c	d__Bacteria; p__Firmicutes; c__Bacilli; o__Bacillales; f__Bacillaceae; g__Bacillus; s__uncultured_bacterium	0.6
bf4b329a3c34c85e8510b7827630d7f4	d__Bacteria; p__Planctomycetota; c__Phycisphaerae; o__Tepidisphaerales; f__WD2101_soil_group; g__WD2101_soil_group; s__uncultured_bacterium	0.6
bf5305eddb4bfb89d129693bc10cfbef	d__Bacteria; p__Bacteroidota; c__Bacteroidia; o__Cytophagales; f__Spirosomaceae; g__Spirosoma	1.0
bf61d6a72fa657b5eae013f9f2b2e20e	d__Bacteria; p__Proteobacteria; c__Alphaproteobacteria; o__Caulobacterales; f__Caulobacteraceae; g__uncultured	0.6
bf63ffe114ee61c06b7f6986efb02e22	d__Bacteria; p__Bacteroidota; c__Bacteroidia; o__Cytophagales	1.0
bf654ad7cbfa3dcac92a90e5fe932e27	d__Bacteria; p__Proteobacteria; c__Alphaproteobacteria; o__Rhizobiales; f__Beijerinckiaceae; g__Beijerinckia	0.6
bf7eae02c126a1cfcb7d15f963aa1728	d__Bacteria; p__Myxococcota; c__Polyangia; o__Haliangiales; f__Haliangiaceae; g__Haliangium	1.0
bf93510a79d547257a3f8c77e12edb18	d__Bacteria; p__Proteobacteria; c__Gammaproteobacteria; o__Burkholderiales; f__Burkholderiaceae; g__Candidatus_Tremblaya; s__Candidatus_Tremblaya	1.0
bf9c0b57fc5ae807342674034319b268	d__Bacteria; p__Proteobacteria; c__Alphaproteobacteria; o__Rhizobiales; f__Xanthobacteraceae; g__uncultured; s__uncultured_bacterium	0.6
bfb6301af38830982a1122d8ad005bb9	d__Bacteria; p__Acidobacteriota; c__Acidobacteriae; o__Acidobacteriales; f__Koribacteraceae; g__Candidatus_Koribacter; s__uncultured_bacterium	0.8
bfbf85137f31795e7a514ecd19a2729e	d__Bacteria; p__Acidobacteriota; c__Acidobacteriae; o__Bryobacterales; f__Bryobacteraceae; g__Bryobacter	1.0
c02e5af7ba221959dcf310fccd7ba835	d__Bacteria; p__Bacteroidota; c__Bacteroidia; o__Cytophagales; f__Spirosomaceae	1.0
c0d0082f35b7d645f4a119b5d785a5a5	d__Bacteria; p__Proteobacteria; c__Alphaproteobacteria; o__Rickettsiales; f__Mitochondria; g__Mitochondria	1.0
c0d16b0aaa0c1e7f0197f057e59a08b3	d__Bacteria; p__Bacteroidota; c__Bacteroidia; o__Cytophagales; f__Spirosomaceae; g__Spirosoma	1.0
c0d5d693640f64d1714acd822519c153	d__Bacteria; p__Deinococcota; c__Deinococci; o__Deinococcales; f__Deinococcaceae; g__Deinococcus	1.0
c0df7313b6d0cb13027b85dd420362b8	d__Bacteria; p__Verrucomicrobiota; c__Verrucomicrobiae; o__Methylacidiphilales; f__Methylacidiphilaceae; g__uncultured	0.8
c10ac6fdf4686741875f0286c90d0348	d__Bacteria; p__Proteobacteria; c__Gammaproteobacteria; o__Burkholderiales; f__Chitinibacteraceae; g__Deefgea	0.6
c1307d7330cc8866d1abcf80a1bb3499	d__Bacteria; p__Actinobacteriota; c__Actinobacteria; o__Propionibacteriales; f__Nocardioidaceae; g__Nocardioides	1.0
c1937e82ad990475a166d9cd7ffddf21	Unassigned	1.0
c19bcebb654d3834811e26e3ffd1b30c	d__Bacteria; p__Acidobacteriota; c__Acidobacteriae; o__Acidobacteriales; f__Acidobacteriaceae_(Subgroup_1); g__Granulicella; s__uncultured_bacterium	0.6
c1b932a8ce33a2267e50cd6ef3ccb284	d__Bacteria; p__Myxococcota; c__Polyangia; o__Haliangiales; f__Haliangiaceae; g__Haliangium; s__uncultured_bacterium	0.9
c20c4bda526f682a0b596ab18536900c	d__Bacteria; p__Actinobacteriota; c__Actinobacteria; o__Micromonosporales; f__Micromonosporaceae; g__Dactylosporangium	1.0
c23c34613a3cfb83cc0fbca9898cba7d	d__Bacteria; p__Proteobacteria; c__Alphaproteobacteria; o__Rhizobiales; f__Beijerinckiaceae; g__Methylobacterium-Methylorubrum; s__Methylobacterium_sp.	0.6
c2498fe4dec566df536e1cdc528a86d5	d__Bacteria; p__Verrucomicrobiota; c__Verrucomicrobiae; o__Chthoniobacterales; f__Chthoniobacteraceae; g__Chthoniobacter	1.0
c24f4a74aee599dcbffda7a35417232c	d__Bacteria; p__Proteobacteria; c__Gammaproteobacteria; o__WD260; f__WD260; g__WD260; s__uncultured_bacterium	0.9
c26de55c273924459e2fba4b01e8efd6	d__Bacteria; p__Actinobacteriota; c__Actinobacteria; o__Frankiales; f__Frankiaceae	0.7
c2968b1df6070ca120ce528f88514f67	d__Bacteria; p__Proteobacteria; c__Alphaproteobacteria; o__Acetobacterales; f__Acetobacteraceae; g__Roseomonas	1.0
c2a80048e4959c089d63e7035027fe1b	d__Bacteria; p__Bacteroidota; c__Bacteroidia; o__Cytophagales; f__Spirosomaceae; g__Spirosoma	1.0
c2b40191dc5702302a3e78f2ee0d37c3	d__Bacteria; p__Actinobacteriota; c__Actinobacteria; o__Frankiales; f__Geodermatophilaceae; g__Klenkia	0.9
c2da8bebd8e034695203438d896b7778	d__Bacteria; p__Abditibacteriota; c__Abditibacteria; o__Abditibacteriales; f__Abditibacteriaceae; g__Abditibacterium; s__uncultured_bacterium	0.7
c3044309483f119ac2076eb267942c41	d__Bacteria; p__Planctomycetota; c__Planctomycetes; o__Isosphaerales; f__Isosphaeraceae; g__uncultured	1.0
c315610d88de480e4dcb8ccbe42c8e2e	d__Bacteria; p__Proteobacteria; c__Alphaproteobacteria; o__Rhizobiales; f__Beijerinckiaceae; g__Methylobacterium-Methylorubrum; s__uncultured_bacterium	0.9
c31c546945de2488f3790506e9bcc3f3	d__Bacteria; p__Bacteroidota; c__Bacteroidia; o__Cytophagales; f__Amoebophilaceae; g__Candidatus_Cardinium	1.0
c3b544e9e7b4820631f2e62f532adf05	d__Bacteria; p__Proteobacteria; c__Gammaproteobacteria; o__Burkholderiales; f__Chitinibacteraceae; g__Chitinibacter	0.6
c3c27053a4fa640d3f3a4b0c353f1f04	Unassigned	1.0
c41096be0a4ed1b4f76d70aff7ad9a9a	d__Bacteria; p__Bacteroidota; c__Bacteroidia; o__Cytophagales; f__Hymenobacteraceae; g__Hymenobacter; s__uncultured_bacterium	0.7
c4495f65e000c3836ece990cc79a4fff	d__Bacteria; p__Proteobacteria; c__Gammaproteobacteria; o__Burkholderiales; f__Chitinimonadaceae; g__Chitinimonas	1.0
c46869fcd2e71139ae18dde5852a5210	Unassigned	1.0
c471a9cb32f913f8df6a0794f89052b0	d__Bacteria; p__Proteobacteria; c__Alphaproteobacteria; o__Acetobacterales; f__Acetobacteraceae	1.0
c48e73ebff8ea0baec93b67ccbcac5d3	d__Bacteria; p__Planctomycetota; c__Planctomycetes; o__Gemmatales; f__Gemmataceae; g__Gemmata; s__uncultured_bacterium	0.6
c4a193159d837d60a41d73a7bb8c6dec	d__Bacteria; p__Actinobacteriota; c__Actinobacteria; o__Frankiales; f__Geodermatophilaceae; g__Modestobacter	0.7
c4d92996ec2cfba67121b545b9ffc0e3	d__Bacteria; p__Actinobacteriota; c__Actinobacteria; o__Frankiales; f__Acidothermaceae; g__Acidothermus; s__uncultured_bacterium	0.8
c52307eb46cda0752c945dd9a56863b8	d__Bacteria; p__Proteobacteria; c__Alphaproteobacteria; o__Acetobacterales; f__Acetobacteraceae	1.0
c56fbe040c1dc4d49c07ec65e0d36555	d__Bacteria; p__Proteobacteria; c__Alphaproteobacteria; o__Acetobacterales; f__Acetobacteraceae; g__Acidocella; s__uncultured_bacterium	0.6
c5c72fa849c11c50ab69bd08bded35e3	d__Bacteria; p__Actinobacteriota; c__Acidimicrobiia; o__Microtrichales; f__Iamiaceae; g__Iamia	0.7
c5f368545aa3aec605dc1ffac8e61d0d	d__Bacteria; p__Chloroflexi; c__Ktedonobacteria; o__Ktedonobacterales; f__Ktedonobacteraceae; g__uncultured; s__uncultured_Ktedonobacterales	0.7
c6055caf68f87fb74dadfadb733a312d	d__Bacteria; p__Myxococcota; c__Polyangia; o__Haliangiales; f__Haliangiaceae; g__Haliangium; s__uncultured_bacterium	0.6
c605ea64ebc2ac5ee0fcdcdb4e0a44bb	d__Bacteria; p__Acidobacteriota; c__Acidobacteriae; o__Acidobacteriales; f__Acidobacteriaceae_(Subgroup_1); g__Granulicella	0.7
c61d6a39f28aab770c2fb60ecc9f1513	Unassigned	1.0
c6a02a1d77465c7d392c2383157ac4f7	d__Bacteria; p__Cyanobacteria; c__Cyanobacteriia; o__Cyanobacteriales; f__Nostocaceae; g__Stigonema_SAG_48.90	1.0
c710d8d0e1b4cd33542341afd2d90e28	d__Bacteria; p__Proteobacteria; c__Alphaproteobacteria; o__Acetobacterales; f__Acetobacteraceae; g__Acidiphilium; s__uncultured_bacterium	0.7
c73e75357f0cc1a2788e992f1878fbc4	d__Bacteria; p__Planctomycetota; c__Planctomycetes; o__Isosphaerales; f__Isosphaeraceae	1.0
c740a474a945c5b9160ac1341e1b3884	d__Bacteria; p__Acidobacteriota; c__Vicinamibacteria; o__Vicinamibacterales; f__uncultured; g__uncultured	1.0
c76bec976f794755fc32f04c4e32a715	d__Bacteria; p__Proteobacteria; c__Alphaproteobacteria; o__Rickettsiales; f__Mitochondria; g__Mitochondria	1.0
c79079c5dfb05d13896697a877892b66	d__Bacteria; p__Cyanobacteria; c__Cyanobacteriia; o__Chloroplast; f__Chloroplast; g__Chloroplast	1.0
c7b7ac49816723346c65e53e7641fbbd	d__Bacteria; p__Cyanobacteria; c__Cyanobacteriia; o__Chloroplast; f__Chloroplast; g__Chloroplast	1.0
c7f246948ae452854f8bd66ad21bef67	Unassigned	1.0
c814edcc0f573bcef832f50154793ad4	d__Bacteria; p__Deinococcota; c__Deinococci; o__Deinococcales; f__Deinococcaceae; g__Deinococcus	1.0
c84328cc9d73418171ac5cca4670e944	d__Bacteria; p__Actinobacteriota; c__Acidimicrobiia; o__IMCC26256; f__IMCC26256; g__IMCC26256; s__uncultured_bacterium	0.7
c845f10a5c634e79e4312a4a75a0e0ec	d__Bacteria; p__Planctomycetota; c__Planctomycetes; o__Gemmatales; f__Gemmataceae; g__Gemmata	0.7
c87592e70299ae774a7bb4a32e4d3f89	d__Bacteria; p__Planctomycetota; c__Phycisphaerae; o__Tepidisphaerales; f__WD2101_soil_group; g__WD2101_soil_group	1.0
c88a24942601692fbff1f5eb170d0e5e	d__Bacteria; p__Proteobacteria; c__Alphaproteobacteria; o__Acetobacterales; f__Acetobacteraceae	1.0
c89120be956d8a94f97c692f39c17c47	d__Bacteria; p__Proteobacteria; c__Alphaproteobacteria; o__Sphingomonadales; f__Sphingomonadaceae; g__Novosphingobium	1.0
c899356bf583dfe780191b8588e798fb	d__Bacteria; p__Proteobacteria; c__Alphaproteobacteria; o__Rhizobiales; f__Rhizobiaceae; g__Mesorhizobium; s__uncultured_bacterium	0.6
c8be8eb8a1c4a8b9fe86ebd18e1fa601	d__Bacteria; p__Bacteroidota; c__Bacteroidia; o__Cytophagales; f__Spirosomaceae; g__Spirosoma	0.9
c8c77723cc8a941fd049069d5be4e21f	Unassigned	1.0
c8cd87ed9b3ff459035cb412afe61b91	d__Bacteria; p__Cyanobacteria; c__Cyanobacteriia; o__Chloroplast; f__Chloroplast; g__Chloroplast	1.0
c949f3174133684724aed18efd267ce1	d__Bacteria; p__Firmicutes; c__Bacilli; o__Mycoplasmatales; f__Mycoplasmataceae; g__Mycoplasma; s__uncultured_organism	0.6
c9636b8981330f4ae3718807b4b6e284	d__Bacteria; p__WPS-2; c__WPS-2; o__WPS-2; f__WPS-2; g__WPS-2; s__uncultured_bacterium	0.7
c96cd4f07573c630a51ea0f8d0e3f7b5	Unassigned	1.0
c9b84b52b75b7d799fd3d56d35b3e246	d__Bacteria; p__Bacteroidota; c__Bacteroidia; o__Cytophagales; f__Spirosomaceae; g__Fibrella	1.0
c9f0ffb557c4a3d5b10dc79c5a9cf067	d__Bacteria; p__Bacteroidota; c__Bacteroidia; o__Cytophagales; f__Spirosomaceae; g__Larkinella	1.0
c9fe83224188bc2b0fd9ccb7de1db20e	d__Bacteria; p__Cyanobacteria; c__Cyanobacteriia; o__Chloroplast; f__Chloroplast; g__Chloroplast	1.0
ca18aacd9243e77ff4867d5f60a10951	d__Bacteria; p__Armatimonadota; c__Chthonomonadetes; o__Chthonomonadales; f__Chthonomonadaceae; g__Chthonomonas; s__uncultured_bacterium	0.7
ca8439046ec04c45d5fcfeccb50a7bcd	d__Bacteria; p__Armatimonadota; c__Armatimonadia; o__Armatimonadales; f__Armatimonadales; g__Armatimonadales; s__uncultured_bacterium	0.7
ca8df202d8be61baab014fbbd0ca00b6	d__Bacteria; p__Cyanobacteria; c__Cyanobacteriia; o__Chloroplast; f__Chloroplast; g__Chloroplast	0.7
cac83a5ea945de8b607087b68746a986	d__Bacteria; p__Proteobacteria; c__Alphaproteobacteria; o__Caulobacterales; f__Caulobacteraceae; g__uncultured	0.8
caf4bf5a2ed848d697e1e5cb300d4e61	d__Bacteria; p__Proteobacteria; c__Alphaproteobacteria; o__Rhizobiales; f__A0839; g__A0839; s__uncultured_bacterium	0.8
caff8197440b5247e12b18c0219703ef	d__Bacteria; p__Proteobacteria; c__Alphaproteobacteria; o__Rhizobiales; f__Kaistiaceae; g__Kaistia	1.0
cb08f5ab7b9109bbde4d9fff8a93ec56	d__Bacteria; p__Proteobacteria; c__Gammaproteobacteria; o__Oceanospirillales; f__Saccharospirillaceae; g__Reinekea	0.9
cb4fbb6732894d165ed6b2f6f0c650a2	d__Bacteria; p__Actinobacteriota; c__Actinobacteria; o__Micromonosporales; f__Micromonosporaceae; g__Actinoplanes	1.0
cb56e644db1dde16400302cd0c0817dc	d__Bacteria; p__Bacteroidota; c__Bacteroidia; o__Cytophagales; f__Spirosomaceae; g__Spirosoma	0.9
cb7dafcc4883d08aa195bd4e38ba7050	d__Bacteria; p__Proteobacteria; c__Alphaproteobacteria; o__Tistrellales; f__Geminicoccaceae; g__Candidatus_Alysiosphaera; s__uncultured_bacterium	0.6
cbc8c1e789276eef141245849c24479f	d__Bacteria; p__Cyanobacteria; c__Cyanobacteriia; o__Chloroplast; f__Chloroplast; g__Chloroplast; s__uncultured_Chlorophyta	0.9
cbd2767f2721006e1de4c4d9697e7f8f	d__Bacteria; p__Verrucomicrobiota; c__Verrucomicrobiae; o__Chthoniobacterales; f__Chthoniobacteraceae; g__Candidatus_Udaeobacter; s__uncultured_bacterium	0.7
cc3423754dd2c3cdde3ecf7eb8028765	d__Bacteria; p__Proteobacteria; c__Gammaproteobacteria; o__Burkholderiales	1.0
cc3c9989d5e5eb17aba78acb6dc19819	d__Bacteria; p__Proteobacteria; c__Alphaproteobacteria; o__Rhizobiales; f__Rhizobiaceae; g__Allorhizobium-Neorhizobium-Pararhizobium-Rhizobium	1.0
cc6e14bcc44200633a08b55fa7eb9fbb	d__Bacteria; p__Proteobacteria; c__Alphaproteobacteria; o__Rhodobacterales; f__Rhodobacteraceae; g__Rubellimicrobium; s__uncultured_bacterium	1.0
cc96380cd3f08ec4caf67a1bd00bb937	d__Bacteria; p__Bacteroidota; c__Bacteroidia; o__Cytophagales; f__Spirosomaceae; g__Spirosoma	1.0
cca40f5cf60794f74677682e1d01cc2f	d__Bacteria; p__Proteobacteria; c__Alphaproteobacteria; o__Caulobacterales; f__Caulobacteraceae; g__Brevundimonas	0.9
ccbc3e018f0bbc8ba432e229f15b7d04	d__Bacteria; p__Bdellovibrionota; c__Bdellovibrionia; o__Bdellovibrionales; f__Bdellovibrionaceae; g__Bdellovibrio; s__uncultured_bacterium	1.0
ccdb1f5c715cb05cb8a695bf6032af4c	d__Bacteria; p__Bacteroidota; c__Bacteroidia; o__Cytophagales; f__Spirosomaceae; g__Spirosoma	0.6
cce6f2862f0fb8d2e4b410865a83138d	d__Bacteria; p__Cyanobacteria; c__Cyanobacteriia; o__Chloroplast; f__Chloroplast; g__Chloroplast	1.0
ccf92fb7b227be15bd49cf30f507f473	d__Bacteria; p__Bacteroidota; c__Bacteroidia; o__Cytophagales; f__Spirosomaceae; g__Larkinella; s__uncultured_bacterium	0.6
cd1b63ea3c972d0c2a7c222beabab595	d__Bacteria; p__Verrucomicrobiota; c__Verrucomicrobiae; o__Chthoniobacterales; f__Chthoniobacteraceae; g__Chthoniobacter	1.0
cd8ea1866d3d2ac13bf2596c21cd75fb	d__Bacteria; p__Acidobacteriota; c__Acidobacteriae; o__Acidobacteriales; f__Acidobacteriaceae_(Subgroup_1); g__Edaphobacter	1.0
cda09fcb0f0d2e555f3e20a6c727b3ee	d__Bacteria; p__Actinobacteriota; c__Thermoleophilia; o__Solirubrobacterales; f__Solirubrobacteraceae; g__Solirubrobacter	1.0
ce27dc68fc3757b74fe89b84d1875100	d__Bacteria; p__Proteobacteria; c__Gammaproteobacteria; o__Gammaproteobacteria_Incertae_Sedis; f__Unknown_Family; g__Candidatus_Ovatusbacter; s__uncultured_bacterium	1.0
ce3550cbf3d2595f5ddd76d7d0fd6082	d__Bacteria; p__Deinococcota; c__Deinococci; o__Deinococcales; f__Deinococcaceae; g__Deinococcus	1.0
ce444972a1ea4ffbd5edc0bd9710a2e3	d__Bacteria; p__Planctomycetota; c__Phycisphaerae; o__Tepidisphaerales; f__WD2101_soil_group; g__WD2101_soil_group; s__uncultured_bacterium	0.7
ce93f16eace6cacb7e6a568e5d0fbe67	d__Bacteria; p__Proteobacteria; c__Alphaproteobacteria; o__Rhodobacterales; f__Rhodobacteraceae	1.0
cef081094e4623363d3b8d6c53e749fa	d__Bacteria; p__Acidobacteriota; c__Acidobacteriae; o__Acidobacteriales; f__Acidobacteriaceae_(Subgroup_1); g__Acidipila; s__uncultured_bacterium	0.8
cef084f36813b9d46f37ffbedd002b75	d__Bacteria; p__Proteobacteria; c__Alphaproteobacteria; o__Rhizobiales; f__Methylopilaceae; g__Methylopila	0.7
cf0d3afafded59c0a127e31a7ec33cae	d__Bacteria; p__Actinobacteriota; c__Actinobacteria; o__Propionibacteriales; f__Nocardioidaceae; g__Nocardioides; s__uncultured_bacterium	0.8
cf56de57ead9428bf29539b2e9f23b9e	d__Bacteria; p__Armatimonadota; c__Fimbriimonadia; o__Fimbriimonadales; f__Fimbriimonadaceae; g__Fimbriimonadaceae; s__uncultured_bacterium	0.7
cf698b5600ea61029a13ec39d6bdd7a1	d__Bacteria; p__Chloroflexi; c__Ktedonobacteria; o__C0119; f__C0119; g__C0119	0.9
cfbe4a738d7138c33673782cffc50fe8	d__Bacteria; p__Proteobacteria; c__Alphaproteobacteria; o__Acetobacterales; f__Acetobacteraceae; g__Roseomonas	0.9
cfdd89751454936e46926d3736d72243	d__Bacteria; p__Proteobacteria; c__Gammaproteobacteria; o__Gammaproteobacteria_Incertae_Sedis; f__Unknown_Family; g__Acidibacter	0.7
cfde5f1a9d934df6ce8b5ab17ee2c275	d__Bacteria; p__Proteobacteria; c__Alphaproteobacteria; o__uncultured; f__uncultured; g__uncultured	0.6
d020e43a1a095b8d7b256530e96f8ef4	d__Bacteria; p__Bacteroidota; c__Bacteroidia; o__Cytophagales; f__Spirosomaceae; g__Spirosoma	1.0
d041a661595b3c3a0de9a84ea68d9f6b	d__Bacteria; p__Proteobacteria; c__Gammaproteobacteria; o__Burkholderiales; f__A21b; g__A21b	1.0
d069111fbf50ca1d5e8a9cd925f2b465	d__Bacteria; p__Patescibacteria; c__Saccharimonadia; o__Saccharimonadales; f__Saccharimonadales; g__Saccharimonadales; s__uncultured_bacterium	0.8
d0bb1e4b4eb5cb6a5e2c99feab9ade6a	d__Bacteria; p__Chloroflexi; c__Chloroflexia; o__Kallotenuales; f__AKIW781; g__AKIW781; s__uncultured_bacterium	0.7
d0ec5bb676255df10411b22ce7b827ef	d__Bacteria; p__Firmicutes; c__Clostridia; o__Oscillospirales; f__Ruminococcaceae; g__Incertae_Sedis	1.0
d128fe21cae8426a69712cb4de1f2579	d__Bacteria; p__Verrucomicrobiota; c__Verrucomicrobiae; o__Verrucomicrobiales; f__Rubritaleaceae; g__Luteolibacter; s__uncultured_bacterium	0.6
d12e60a014002dfae3cbf775dfef1e36	d__Bacteria; p__Bacteroidota; c__Bacteroidia; o__Chitinophagales; f__Chitinophagaceae; g__Edaphobaculum; s__uncultured_bacterium	0.6
d149faa8145187dc67e08cf93dbbc18e	d__Bacteria; p__Bacteroidota; c__Bacteroidia; o__Cytophagales; f__Spirosomaceae; g__Spirosoma	1.0
d1615ace937381a8843937294e98337f	d__Bacteria; p__Proteobacteria; c__Alphaproteobacteria; o__Rhizobiales; f__Beijerinckiaceae; g__1174-901-12	1.0
d16db414b860e3874e9be76d43615be7	d__Bacteria; p__Chloroflexi; c__Chloroflexia; o__Chloroflexales; f__Chloroflexaceae; g__FFCH7168; s__uncultured_bacterium	1.0
d175d1dd9764fc597ed91cb7516882c9	d__Bacteria; p__Proteobacteria; c__Alphaproteobacteria; o__Sphingomonadales; f__Sphingomonadaceae; g__Sphingomonas; s__uncultured_bacterium	0.6
d17bb7f526f517ffe8e6edabd4530127	d__Bacteria; p__Bacteroidota; c__Bacteroidia; o__Cytophagales; f__Spirosomaceae; g__Spirosoma	1.0
d184ddaaff75a83d4d9ce5566685f125	d__Bacteria; p__Proteobacteria; c__Alphaproteobacteria; o__Rhizobiales; f__Xanthobacteraceae; g__Bradyrhizobium	1.0
d18a951fb56475f86857c7c695073317	d__Bacteria; p__Proteobacteria; c__Gammaproteobacteria; o__Burkholderiales; f__Comamonadaceae; g__Pseudorhodoferax	1.0
d1c3111a2183b6021fd182c2166760d0	d__Bacteria; p__Bacteroidota; c__Bacteroidia; o__Cytophagales	1.0
d1d3b98e940727696f19536de9e7e954	d__Bacteria; p__Acidobacteriota; c__Acidobacteriae; o__Acidobacteriales; f__Acidobacteriaceae_(Subgroup_1); g__Acidipila	0.8
d1f5d0b6177124efbb5ab55ed5c57cd9	d__Bacteria; p__Planctomycetota; c__Planctomycetes; o__Isosphaerales; f__Isosphaeraceae; g__Paludisphaera	0.6
d223facaca66921ff8213ceef4d352d1	d__Bacteria; p__Bacteroidota; c__Bacteroidia; o__Cytophagales; f__Hymenobacteraceae; g__Hymenobacter	1.0
d24a6741b901207bdc574c901c5fbda9	d__Bacteria; p__Planctomycetota; c__Planctomycetes; o__Gemmatales; f__Gemmataceae; g__Fimbriiglobus	0.8
d25a7dd4c83e29a2ae043104ccba6490	d__Bacteria; p__Proteobacteria; c__Alphaproteobacteria; o__Rhizobiales; f__Rhizobiaceae	1.0
d295ee05e7393564e68dce7b0fc63994	Unassigned	1.0
d3097bc136acc55ee49ed0aed156d282	d__Bacteria; p__Bacteroidota; c__Bacteroidia; o__Cytophagales; f__Spirosomaceae; g__Spirosoma	0.7
d3b67eea17d49f382b3ebda4a05a2c84	d__Bacteria; p__Firmicutes; c__Bacilli; o__Mycoplasmatales; f__Mycoplasmataceae; g__Candidatus_Bacilloplasma	0.7
d3c0c7bcd61ff9b136e27415fab3e348	d__Bacteria; p__Proteobacteria; c__Alphaproteobacteria; o__Acetobacterales; f__Acetobacteraceae; g__uncultured; s__uncultured_bacterium	0.6
d3d9ad2c17118af9b86c012dca61ccb7	d__Bacteria; p__Bacteroidota; c__Bacteroidia; o__Cytophagales; f__Spirosomaceae; g__Spirosoma	1.0
d3d9e17291d7767ac2fefc1f79a6acbd	d__Bacteria; p__Acidobacteriota; c__Vicinamibacteria; o__Vicinamibacterales; f__Vicinamibacteraceae; g__Vicinamibacteraceae	1.0
d43b7d337e1eae3842e2a842b2120528	d__Bacteria; p__Proteobacteria; c__Alphaproteobacteria; o__Rhizobiales; f__Beijerinckiaceae; g__Methylobacterium-Methylorubrum	1.0
d4893a6a7618dbc3270e3bd614c490fd	d__Bacteria; p__Proteobacteria; c__Alphaproteobacteria; o__Acetobacterales; f__Acetobacteraceae	1.0
d4dd8cf8f8f0a77be661492774d09e96	d__Bacteria; p__Proteobacteria; c__Alphaproteobacteria; o__Sphingomonadales; f__Sphingomonadaceae; g__Sphingomonas	1.0
d51d16c47f509d0ea7f6147293e16445	d__Bacteria; p__Bacteroidota; c__Bacteroidia; o__Cytophagales; f__Spirosomaceae; g__Spirosoma	1.0
d5575a6627854bf7f038d5cbff1e4099	d__Bacteria; p__Proteobacteria; c__Alphaproteobacteria; o__Azospirillales; f__Inquilinaceae; g__Inquilinus	0.8
d5859b5eef9907fc07657215159587c0	d__Bacteria; p__Planctomycetota; c__Planctomycetes; o__Isosphaerales; f__Isosphaeraceae; g__Tundrisphaera	1.0
d58bf2dac30090c97859a833be29eb3d	d__Bacteria; p__Verrucomicrobiota; c__Verrucomicrobiae; o__Opitutales; f__Opitutaceae; g__Opitutus	0.9
d597da29e6b7297a7bb0f4617752a778	d__Bacteria; p__Cyanobacteria; c__Cyanobacteriia; o__Chloroplast; f__Chloroplast; g__Chloroplast	1.0
d5b02a2222b59cb70d290ce4c4a4adec	d__Bacteria; p__Verrucomicrobiota; c__Verrucomicrobiae; o__Chthoniobacterales; f__Xiphinematobacteraceae; g__Candidatus_Xiphinematobacter	0.8
d5d2e77da62d33525a91295f02b3daba	d__Bacteria; p__Proteobacteria; c__Alphaproteobacteria; o__Rhizobiales; f__Beijerinckiaceae; g__Methylobacterium-Methylorubrum; s__uncultured_bacterium	0.6
d60fd8e658e1e2776bab38ad97646f27	d__Bacteria; p__Bdellovibrionota; c__Bdellovibrionia; o__Bdellovibrionales; f__Bdellovibrionaceae; g__Bdellovibrio; s__uncultured_bacterium	0.9
d61daa789e63559aeff4f65ff66e5d39	d__Bacteria; p__Verrucomicrobiota; c__Chlamydiae; o__Chlamydiales; f__Simkaniaceae; g__Candidatus_Rhabdochlamydia	0.6
d62486d07eb25e7fe3b60eed5f088ace	d__Bacteria; p__Planctomycetota; c__Phycisphaerae; o__Tepidisphaerales; f__WD2101_soil_group; g__WD2101_soil_group	1.0
d631ebbf02622957bbf35d4d3b752f94	d__Bacteria; p__Acidobacteriota; c__Vicinamibacteria; o__Vicinamibacterales; f__uncultured; g__uncultured	1.0
d693d294b265ff95c30d936c0252aa1c	d__Bacteria; p__Actinobacteriota; c__Actinobacteria; o__Propionibacteriales; f__Propionibacteriaceae; g__Micropruina	0.8
d6ca67766e2a46889cb8436afdd04248	d__Bacteria; p__Planctomycetota; c__Planctomycetes; o__Isosphaerales; f__Isosphaeraceae; g__Tundrisphaera; s__uncultured_bacterium	0.7
d6fcc1bdf02c57388ccab9490414645e	d__Bacteria; p__Firmicutes; c__Clostridia; o__Clostridia_UCG-014; f__Clostridia_UCG-014; g__Clostridia_UCG-014; s__uncultured_bacterium	0.9
d76443c0d5506ea0770aad8bb941ff2d	d__Bacteria; p__Chloroflexi; c__Chloroflexia; o__Chloroflexales; f__Roseiflexaceae; g__uncultured; s__uncultured_bacterium	0.6
d79b3467b4b26e32fc1521f630518655	d__Bacteria; p__Proteobacteria; c__Gammaproteobacteria; o__Legionellales; f__Legionellaceae; g__Legionella	1.0
d7c9ac1e277f57014a58eef14c25c263	d__Bacteria; p__Planctomycetota; c__Planctomycetes; o__Isosphaerales; f__Isosphaeraceae; g__uncultured; s__uncultured_bacterium	0.6
d7d6f0ee60ff42de8e5b304c8bf820b5	d__Bacteria; p__Proteobacteria; c__Alphaproteobacteria; o__Acetobacterales; f__Acetobacteraceae; g__Acidiphilium; s__uncultured_bacterium	0.6
d7f7597aa0f9e681d6738efda288b1e3	d__Bacteria; p__Cyanobacteria; c__Cyanobacteriia; o__Chloroplast; f__Chloroplast; g__Chloroplast; s__uncultured_bacterium	0.6
d8220579975378e351441ab7f38a28f6	d__Bacteria; p__Actinobacteriota; c__Thermoleophilia; o__Solirubrobacterales; f__Solirubrobacteraceae; g__Solirubrobacter; s__uncultured_bacterium	0.6
d845b3bed2fdbda9e0100528ded7d738	d__Bacteria; p__Myxococcota; c__Polyangia; o__Polyangiales; f__BIrii41; g__BIrii41; s__uncultured_bacterium	0.6
d84a27c9c2992b3c327425f442e9277a	d__Bacteria; p__Myxococcota; c__Polyangia; o__Haliangiales; f__Haliangiaceae; g__Haliangium; s__uncultured_bacterium	0.6
d84c4a66a48b8d3e69b1ea4143249a55	d__Bacteria; p__Proteobacteria; c__Alphaproteobacteria; o__Elsterales; f__uncultured; g__uncultured; s__uncultured_bacterium	0.7
d84eb14eb145f496637d61c0f5e428f2	d__Bacteria; p__Bacteroidota; c__Bacteroidia; o__Sphingobacteriales; f__Sphingobacteriaceae; g__Solitalea; s__uncultured_bacterium	0.6
d86b28359aac01e90d7411c7e8994304	d__Bacteria; p__Proteobacteria; c__Alphaproteobacteria; o__Rickettsiales; f__Candidatus_Hepatincola; g__Candidatus_Hepatincola	0.7
d8b7b660855685a594e778d621984dfb	d__Bacteria; p__Proteobacteria; c__Alphaproteobacteria; o__Acetobacterales; f__Acetobacteraceae; g__Endobacter	0.9
d8da228486eac88b79e217c0dc9a93ea	d__Bacteria; p__Actinobacteriota; c__Actinobacteria; o__Micrococcales; f__Microbacteriaceae; g__Microbacterium	1.0
d913e5ac62f890ce8d3f74d27b4a39d9	d__Bacteria; p__Armatimonadota; c__Armatimonadia; o__Armatimonadales; f__Armatimonadales; g__Armatimonadales; s__uncultured_bacterium	0.7
d93c1e6282756e90afe9fd543db9fe1f	d__Bacteria; p__Bacteroidota; c__Bacteroidia; o__Cytophagales; f__Spirosomaceae; g__Spirosoma	0.8
d940283de678b9ef93da553438afcd90	d__Bacteria; p__Proteobacteria; c__Alphaproteobacteria; o__Rhizobiales; f__Methyloligellaceae; g__uncultured; s__uncultured_bacterium	0.8
d9465b461ab1eb55b525f5dc379c2939	d__Bacteria; p__Proteobacteria; c__Alphaproteobacteria; o__Rhizobiales; f__Rhizobiaceae; g__Aureimonas	0.9
d95bf8bcfdc8256829943f7a32ddb523	d__Bacteria; p__Cyanobacteria; c__Cyanobacteriia; o__Leptolyngbyales; f__Leptolyngbyaceae	1.0
d9670d3de345e806a8ae7b7e363a8157	d__Bacteria; p__Planctomycetota; c__Planctomycetes; o__Isosphaerales; f__Isosphaeraceae; g__Tundrisphaera	0.7
d983c3d4eb9748a78ec2172b3813502c	d__Bacteria; p__Bacteroidota; c__Bacteroidia; o__Chitinophagales; f__Chitinophagaceae; g__Edaphobaculum	1.0
d99df92f1b043436776fdad7344d10d4	d__Bacteria; p__Bacteroidota; c__Bacteroidia; o__Cytophagales; f__Spirosomaceae; g__Spirosoma	1.0
d9b3bc5842ebb53c287086451bd64d5c	d__Bacteria; p__Bacteroidota; c__Bacteroidia; o__Cytophagales; f__Spirosomaceae; g__Spirosoma	1.0
d9d24cf141e51b3a6cc74bf4e0a4ec0f	d__Bacteria; p__Verrucomicrobiota; c__Verrucomicrobiae; o__Chthoniobacterales; f__Chthoniobacteraceae	0.8
d9ff593cf24809379a4a2fbe1ee37a9e	d__Bacteria; p__Bacteroidota; c__Bacteroidia; o__Cytophagales; f__Spirosomaceae; g__Fibrella	0.9
da12aaac1de3c64565692edb6c1e0a47	d__Bacteria; p__Actinobacteriota; c__Actinobacteria; o__Pseudonocardiales; f__Pseudonocardiaceae; g__Pseudonocardia; s__uncultured_bacterium	0.6
da33afb752c05b7b615c461700de37c8	d__Bacteria; p__Bacteroidota; c__Bacteroidia; o__Sphingobacteriales; f__Sphingobacteriaceae; g__Mucilaginibacter	1.0
da519aac714020540cb8e1235b3add5f	d__Bacteria; p__Planctomycetota; c__Planctomycetes; o__Isosphaerales; f__Isosphaeraceae	1.0
da6b27c3601050e1740d299e5684c132	d__Bacteria; p__Acidobacteriota; c__Vicinamibacteria; o__Vicinamibacterales; f__Vicinamibacteraceae; g__uncultured; s__uncultured_bacterium	0.7
dac367dfd686e7cfdd751089a69cc8c7	d__Bacteria; p__Bacteroidota; c__Bacteroidia; o__Chitinophagales; f__Chitinophagaceae; g__Aurantisolimonas	1.0
db1000b96f821e9089656e57f0abf262	d__Bacteria; p__Cyanobacteria; c__Cyanobacteriia; o__Chloroplast; f__Chloroplast; g__Chloroplast	1.0
db1d7171fcb6de3bb8befd2e794e023b	d__Bacteria; p__Cyanobacteria; c__Cyanobacteriia; o__Chloroplast; f__Chloroplast; g__Chloroplast	1.0
db3e5ca84b1b07c97985af4218f55b68	d__Bacteria; p__Planctomycetota; c__Planctomycetes; o__Gemmatales; f__Gemmataceae; g__Gemmata	1.0
dbb3973449c0245b3705e0135d6ba551	d__Bacteria; p__Bacteroidota; c__Bacteroidia; o__Chitinophagales; f__Chitinophagaceae; g__Segetibacter; s__uncultured_bacterium	0.8
dbc73c7aaf2b828a29be5c140d32f83b	d__Bacteria; p__Actinobacteriota; c__Actinobacteria; o__Micromonosporales; f__Micromonosporaceae	1.0
dbca4496bd2ff49c5ec45c4dc9df73ef	d__Bacteria; p__Acidobacteriota; c__Acidobacteriae; o__Acidobacteriales; f__Acidobacteriaceae_(Subgroup_1); g__Granulicella	1.0
dbe4cfa0e9811eaf3d02bef8c21b1bf7	d__Bacteria; p__Firmicutes; c__Bacilli; o__Bacillales; f__Bacillaceae; g__Bacillus	1.0
dbf37df64e9d08d13ff5401a62e35b72	d__Bacteria; p__Proteobacteria; c__Alphaproteobacteria; o__Acetobacterales; f__Acetobacteraceae; g__uncultured	1.0
dc117215a721805fd0f7dfa7104c99f0	d__Bacteria; p__Proteobacteria; c__Alphaproteobacteria; o__Rhizobiales; f__Devosiaceae; g__Devosia	1.0
dc2d67761c28d4b27b6c0f013133c1ca	Unassigned	1.0
dc605f1ebfaca36a02cdfc087b5231df	d__Bacteria; p__Verrucomicrobiota; c__Chlamydiae; o__Chlamydiales; f__Parachlamydiaceae; g__Candidatus_Protochlamydia	0.9
dc667c87fe8bc4700ed837bae712be14	d__Bacteria; p__Bacteroidota; c__Bacteroidia; o__Cytophagales; f__Spirosomaceae; g__Spirosoma	0.8
dc72a3cc0bbc756e452be43b9d728095	d__Bacteria; p__Bacteroidota; c__Bacteroidia; o__Sphingobacteriales; f__Sphingobacteriaceae	1.0
dc8988738b440e8ab15ed6e593ae124d	d__Bacteria; p__Acidobacteriota; c__Acidobacteriae; o__Acidobacteriales; f__Acidobacteriaceae_(Subgroup_1); g__Bryocella	0.7
dc8a852d112d2abfdcf266f09f10b437	d__Bacteria; p__Cyanobacteria; c__Cyanobacteriia; o__Chloroplast; f__Chloroplast; g__Chloroplast	0.8
dca4c58bbea799873ba51c5ce57054b9	d__Bacteria; p__Bdellovibrionota; c__Bdellovibrionia; o__Bdellovibrionales; f__Bdellovibrionaceae; g__Bdellovibrio; s__uncultured_bacterium	0.6
dcc2cd69d5099960a9c165efc0d14a21	d__Bacteria; p__Proteobacteria; c__Alphaproteobacteria; o__Rhizobiales; f__Rhodomicrobiaceae; g__Rhodomicrobium	1.0
dcef4810e622196287f86390796dd376	d__Bacteria; p__Proteobacteria; c__Gammaproteobacteria; o__R7C24; f__R7C24; g__R7C24; s__uncultured_bacterium	0.7
dcf2c51161e5f44ba5b8841914d64923	d__Bacteria; p__Verrucomicrobiota; c__Verrucomicrobiae; o__Chthoniobacterales; f__Chthoniobacteraceae	1.0
dcfc891f303c484aac87c489e979b6f0	d__Bacteria; p__Myxococcota; c__Myxococcia; o__Myxococcales; f__Myxococcaceae; g__P3OB-42; s__uncultured_bacterium	1.0
dd0572f3cb0ba4cfe7229875c245005c	d__Bacteria; p__Bacteroidota; c__Bacteroidia; o__Cytophagales; f__Spirosomaceae; g__Spirosoma	0.9
dd08f9d01b5ae14b5ccc2071c0336ca3	d__Bacteria; p__Planctomycetota; c__Phycisphaerae; o__Tepidisphaerales; f__WD2101_soil_group; g__WD2101_soil_group; s__uncultured_bacterium	0.8
dd6c98c49be6840cfdc4726015144567	d__Bacteria; p__Proteobacteria; c__Alphaproteobacteria; o__Alphaproteobacteria_Incertae_Sedis; f__Unknown_Family; g__uncultured	0.6
dd9d2b44a3b7b467c0e517ff87f9a9bd	d__Bacteria; p__Planctomycetota; c__Phycisphaerae; o__Tepidisphaerales; f__WD2101_soil_group; g__WD2101_soil_group; s__uncultured_bacterium	0.7
dda6359bb115c7ca484e06007d6a1833	d__Bacteria; p__Bacteroidota; c__Bacteroidia; o__Cytophagales; f__Spirosomaceae; g__Spirosoma	0.7
de08b796649f2c3ee2e28084110833ca	d__Bacteria; p__Cyanobacteria; c__Cyanobacteriia; o__Chloroplast; f__Chloroplast; g__Chloroplast	1.0
de1c186720d5cc5d271309b5b2d84ea8	Unassigned	1.0
dec16743f086c8b912c6aade6fbde917	d__Bacteria; p__Proteobacteria; c__Alphaproteobacteria; o__Acetobacterales; f__Acetobacteraceae; g__uncultured	0.6
ded8cea364c3d76dcc6145787fdd3fa9	d__Bacteria; p__Acidobacteriota; c__Acidobacteriae; o__Acidobacteriales; f__uncultured; g__uncultured	0.6
df24da52e94a1f15e4e9a6fe707c5bf5	d__Bacteria; p__Proteobacteria; c__Alphaproteobacteria; o__Acetobacterales; f__Acetobacteraceae; g__Acidiphilium	0.8
df37c14a146af79f06fccf78742c7e37	d__Bacteria; p__Planctomycetota; c__Planctomycetes; o__Isosphaerales; f__Isosphaeraceae; g__Tundrisphaera; s__uncultured_bacterium	0.7
df4b457fff54a116196c167f35b414ef	d__Bacteria; p__Bacteroidota; c__Bacteroidia; o__Chitinophagales; f__Chitinophagaceae; g__Edaphobaculum; s__uncultured_bacterium	0.9
df5a2bd513f4a8a5190cae67d2252004	d__Bacteria; p__Proteobacteria; c__Alphaproteobacteria; o__Acetobacterales; f__Acetobacteraceae	1.0
df60f36753cf4cb1d842e89388a46f11	d__Bacteria; p__Proteobacteria; c__Alphaproteobacteria; o__Rhizobiales; f__Beijerinckiaceae; g__uncultured; s__uncultured_bacterium	0.7
dfaa21ffdf76c64c05626b17a24800da	d__Bacteria; p__Cyanobacteria; c__Vampirivibrionia; o__Obscuribacterales; f__Obscuribacteraceae; g__Candidatus_Obscuribacter; s__uncultured_bacterium	0.6
dfb867603f998adc375a43fca029caef	d__Bacteria; p__Armatimonadota; c__Armatimonadia; o__Armatimonadales; f__Armatimonadales; g__Armatimonadales; s__uncultured_bacterium	0.6
dfee8e0878ac74aa632a35694d4c7a91	d__Bacteria; p__Armatimonadota; c__Chthonomonadetes; o__Chthonomonadales; f__Chthonomonadaceae; g__Chthonomonas; s__uncultured_bacterium	0.9
dff589312fb582201ac9d1c46843ec5b	d__Bacteria; p__Myxococcota; c__Myxococcia; o__Myxococcales; f__Myxococcaceae; g__P3OB-42	0.8
e01d76e779634983dd686d8289b3a15a	d__Bacteria; p__Chloroflexi; c__Chloroflexia; o__Thermomicrobiales; f__JG30-KF-CM45; g__JG30-KF-CM45; s__uncultured_bacterium	1.0
e059ebe120feb2e65653e85d962040a3	d__Bacteria; p__Bacteroidota; c__Bacteroidia; o__Cytophagales; f__Spirosomaceae; g__Spirosoma	1.0
e0a4791fb1387e978686b34660b567e4	d__Bacteria; p__Proteobacteria; c__Gammaproteobacteria; o__Gammaproteobacteria_Incertae_Sedis; f__Unknown_Family; g__Acidibacter; s__uncultured_bacterium	0.6
e0c3e70b03410cc68460603d72343ee3	d__Bacteria; p__Chloroflexi; c__Anaerolineae; o__Caldilineales; f__Caldilineaceae; g__uncultured; s__uncultured_bacterium	0.7
e0d697c8174872e9490dc865869a5680	d__Bacteria; p__Planctomycetota; c__Planctomycetes; o__Isosphaerales; f__Isosphaeraceae; g__uncultured; s__uncultured_bacterium	0.7
e0ec03a9025d21925d2a2c2cce4260d1	d__Bacteria; p__Proteobacteria; c__Alphaproteobacteria; o__Acetobacterales; f__Acetobacteraceae; g__Acidisoma	1.0
e0fe0e38bc8d623083c35b0713e8348a	Unassigned	1.0
e11467db5905943ff89ed813418aaaca	d__Bacteria; p__Bacteroidota; c__Bacteroidia; o__Sphingobacteriales; f__env.OPS_17; g__env.OPS_17; s__uncultured_bacterium	0.8
e124944862d0065eb5c5cf5d83a15d22	d__Bacteria; p__Actinobacteriota; c__Actinobacteria; o__Micromonosporales; f__Micromonosporaceae; g__Actinoplanes	0.9
e163dfd832308c3725bd7f6d9af4c70f	d__Bacteria; p__Bdellovibrionota; c__Oligoflexia; o__0319-6G20; f__0319-6G20; g__0319-6G20; s__uncultured_bacterium	0.6
e1840e16e6613e46f8bbbd5992a40ca5	d__Bacteria; p__Myxococcota; c__Polyangia; o__Haliangiales; f__Haliangiaceae; g__Haliangium	0.9
e1e86b4df20a215dc384dac89bbf367e	d__Bacteria; p__Bacteroidota; c__Bacteroidia; o__Cytophagales; f__Microscillaceae; g__uncultured; s__uncultured_bacterium	0.8
e228eb23b2cb5aaaf4a170b3d3116ae3	d__Bacteria; p__Proteobacteria; c__Alphaproteobacteria; o__Sphingomonadales; f__Sphingomonadaceae; g__Polymorphobacter	1.0
e236e164dd1ec5f8919f6290cc82b611	d__Bacteria; p__Proteobacteria; c__Alphaproteobacteria; o__Sphingomonadales; f__Sphingomonadaceae; g__Novosphingobium	1.0
e248636776d71cc7d66dcef12260c033	d__Bacteria; p__Planctomycetota; c__Planctomycetes; o__Isosphaerales; f__Isosphaeraceae; g__uncultured; s__uncultured_bacterium	0.6
e289549b1e41ce4af820239d84e60483	d__Bacteria; p__Planctomycetota; c__Phycisphaerae; o__Tepidisphaerales; f__WD2101_soil_group; g__WD2101_soil_group; s__uncultured_bacterium	0.6
e2c633158bc4a930ee92e50c40c20f99	d__Bacteria; p__Planctomycetota; c__Planctomycetes; o__Isosphaerales; f__Isosphaeraceae; g__uncultured	0.7
e2dfe3affc1604778dff56dc01c59e4b	d__Bacteria; p__Cyanobacteria; c__Cyanobacteriia; o__Chloroplast; f__Chloroplast; g__Chloroplast	1.0
e33966b4324682ca93ff091a3137da46	d__Bacteria; p__Actinobacteriota; c__Acidimicrobiia; o__Microtrichales; f__Ilumatobacteraceae; g__uncultured; s__uncultured_bacterium	0.8
e35fe891bd69191342db7462b1eee108	d__Bacteria; p__Myxococcota; c__Polyangia; o__Polyangiales; f__Polyangiaceae; g__Pajaroellobacter; s__uncultured_bacterium	0.6
e38bf352bd8e629ba6da2194d5c12abd	d__Bacteria; p__Actinobacteriota; c__Acidimicrobiia; o__Microtrichales; f__Ilumatobacteraceae; g__uncultured; s__uncultured_bacterium	0.8
e394c573ddf9b9c320287eb28f8fbcd2	d__Bacteria; p__Proteobacteria; c__Alphaproteobacteria; o__Rickettsiales; f__AB1; g__AB1	0.6
e3dd99780b0c2458d41681b38fce649d	d__Bacteria; p__Myxococcota; c__Myxococcia; o__Myxococcales; f__Myxococcaceae; g__P3OB-42; s__uncultured_bacterium	1.0
e3e44057368dbdcf283664c81fcee2a4	d__Bacteria; p__Proteobacteria; c__Gammaproteobacteria; o__Burkholderiales; f__Comamonadaceae; g__uncultured	0.9
e3f9dfa366e35861165f56a8a45052ba	d__Bacteria; p__Bacteroidota; c__Bacteroidia; o__Sphingobacteriales; f__Sphingobacteriaceae; g__Mucilaginibacter	1.0
e41c6638dc98a96bc45c6fd7452afd7f	d__Bacteria; p__Actinobacteriota; c__Actinobacteria; o__Micrococcales; f__Cellulomonadaceae; g__Pseudactinotalea	0.9
e452fe3a549fc29327d5bf73b82c77fc	d__Bacteria; p__Planctomycetota; c__Planctomycetes; o__Isosphaerales; f__Isosphaeraceae; g__uncultured; s__uncultured_bacterium	0.6
e479de1dba9bb9a53e03bee1bd1aff1a	d__Bacteria; p__Bacteroidota; c__Bacteroidia; o__Chitinophagales; f__Chitinophagaceae; g__Ferruginibacter; s__uncultured_bacterium	0.6
e47a91188c9c550ec72a0651df2657a6	d__Bacteria; p__Acidobacteriota; c__Blastocatellia; o__Blastocatellales; f__Blastocatellaceae; g__JGI_0001001-H03	0.6
e47e445d0a12d450a16af2c7a13240f8	d__Bacteria; p__Proteobacteria; c__Alphaproteobacteria; o__Sphingomonadales; f__Sphingomonadaceae; g__uncultured	0.7
e493cf691ba3123b7493fc1a4dcbb9a0	Unassigned	1.0
e4a58fa5a30ee71571cb7b287430afdb	d__Bacteria; p__Proteobacteria; c__Alphaproteobacteria; o__Acetobacterales; f__Acetobacteraceae	1.0
e4b6cc16b8e054383463405d80b8d4e0	d__Bacteria; p__Cyanobacteria; c__Cyanobacteriia; o__Chloroplast; f__Chloroplast; g__Chloroplast	1.0
e4f4620d4fb1874cecd3789a083e299d	d__Bacteria; p__Proteobacteria; c__Alphaproteobacteria; o__Rhizobiales; f__Devosiaceae; g__Devosia; s__uncultured_bacterium	0.7
e50009525fafddcd6aa636b2bb419b4b	Unassigned	1.0
e52eb36e068d208e283b9ee32b100a8e	d__Bacteria; p__Proteobacteria; c__Gammaproteobacteria; o__Burkholderiales; f__A21b; g__A21b	0.9
e53b6bbc10d638fbc7fd8770311b47f6	d__Bacteria; p__Proteobacteria; c__Alphaproteobacteria; o__Micavibrionales; f__Micavibrionaceae; g__uncultured	0.7
e59711f01e5a5d8023dde3e29af25ad6	d__Bacteria; p__Proteobacteria; c__Alphaproteobacteria; o__Rhizobiales; f__Beijerinckiaceae; g__1174-901-12	1.0
e597c9995b8b69afa6951da0710cd4c4	d__Bacteria; p__Bacteroidota; c__Bacteroidia; o__Cytophagales; f__Hymenobacteraceae; g__Hymenobacter	1.0
e5dc3410daa68e4bf52b66c62f0f7207	d__Bacteria; p__Cyanobacteria; c__Cyanobacteriia; o__Chloroplast; f__Chloroplast; g__Chloroplast	1.0
e61abac333feae659393ff4359008a54	d__Bacteria; p__Bacteroidota; c__Bacteroidia; o__Cytophagales; f__Spirosomaceae; g__Spirosoma	1.0
e61b333a332a503b926702e870d78eaf	d__Bacteria; p__Armatimonadota; c__Armatimonadia; o__Armatimonadales; f__Armatimonadales; g__Armatimonadales; s__uncultured_bacterium	0.6
e6552c4410031ff93c77ef23b2b24969	d__Bacteria; p__Actinobacteriota; c__Actinobacteria; o__Frankiales; f__Frankiaceae; g__Jatrophihabitans	0.9
e69fc4bf26202d6bd294a8b107ddf09a	d__Bacteria; p__Cyanobacteria; c__Cyanobacteriia; o__Chloroplast; f__Chloroplast; g__Chloroplast	1.0
e6b943760acd2ad5dcd7d1d3c7a0048f	d__Bacteria; p__Proteobacteria; c__Gammaproteobacteria; o__Diplorickettsiales; f__Diplorickettsiaceae; g__uncultured; s__uncultured_bacterium	0.7
e6fabc3746c99c0db62087690cd887db	d__Bacteria; p__Cyanobacteria; c__Cyanobacteriia; o__Cyanobacteriales; f__Nostocaceae; g__Nostoc_PCC-73102; s__Nostoc_sp.	0.7
e715d50797cd22d5b17ddf6786e4d02d	d__Bacteria; p__Deinococcota; c__Deinococci; o__Deinococcales; f__Deinococcaceae; g__Deinococcus	1.0
e71ce808837ab826aa1a912009923520	d__Bacteria; p__Proteobacteria; c__Gammaproteobacteria; o__Burkholderiales; f__Comamonadaceae; g__uncultured	0.6
e729b662551807f7d9e9376c6d81e4ed	d__Bacteria; p__Planctomycetota; c__Planctomycetes; o__Isosphaerales; f__Isosphaeraceae; g__Aquisphaera	0.6
e7388c2d4e8209d2dde8b3a02024a49b	d__Bacteria; p__Proteobacteria; c__Alphaproteobacteria; o__Caedibacterales; f__Caedibacteraceae; g__Caedibacter	1.0
e75254a78478d5b45e20f1541afb51bd	Unassigned	1.0
e7979345dae8b03b7101d06bf2af20dc	d__Bacteria; p__Verrucomicrobiota; c__Verrucomicrobiae; o__Chthoniobacterales; f__Chthoniobacteraceae	1.0
e7b8dd272ad54b36b94f5eb2d6734df7	d__Bacteria; p__Bacteroidota; c__Bacteroidia; o__Cytophagales; f__Hymenobacteraceae; g__Hymenobacter	1.0
e82225ed26916c0be2ad5b8a5ed471c4	d__Bacteria; p__Bacteroidota; c__Bacteroidia; o__Chitinophagales; f__Chitinophagaceae; g__Segetibacter; s__uncultured_bacterium	0.7
e880737dfd348f6fc7390251e05d33f3	d__Bacteria; p__Actinobacteriota; c__Actinobacteria; o__Kineosporiales; f__Kineosporiaceae; g__Kineosporia	1.0
e8a08e842a0959d87377233298daf525	d__Bacteria; p__Planctomycetota; c__Planctomycetes; o__Isosphaerales; f__Isosphaeraceae; g__Singulisphaera	0.9
e8c23f29a2075c84b859a1551e0da0b9	d__Bacteria; p__Bacteroidota; c__Bacteroidia; o__Chitinophagales; f__Chitinophagaceae; g__uncultured; s__uncultured_bacterium	0.7
e8c79dda8d5e81536e0a3408f0d3fea4	d__Bacteria; p__Bacteroidota; c__Bacteroidia; o__Cytophagales; f__Spirosomaceae; g__Larkinella	1.0
e8cb16ad5f5cba732bf18d2d310d8423	Unassigned	1.0
e8d032114677c04c7edaef1902e86676	d__Bacteria; p__Bacteroidota; c__Bacteroidia; o__Cytophagales; f__Spirosomaceae; g__Fibrella	1.0
e8d7a3b33e56c199c4aa3b32ecff2dbe	d__Bacteria; p__Planctomycetota; c__Planctomycetes; o__Gemmatales; f__Gemmataceae; g__Gemmata; s__uncultured_bacterium	0.8
e8e15d68725872ec7e3d039a6677a8f3	d__Archaea; p__Crenarchaeota; c__Nitrososphaeria; o__Nitrososphaerales; f__Nitrososphaeraceae; g__Nitrososphaeraceae	0.8
e8e523f22b52133bed961e0a0248e4c0	d__Bacteria; p__Actinobacteriota; c__Thermoleophilia; o__Solirubrobacterales; f__67-14; g__67-14; s__uncultured_bacterium	1.0
e8e55963fd6bc243bf4ef422717d3305	d__Bacteria; p__Bacteroidota; c__Bacteroidia; o__Cytophagales; f__Spirosomaceae; g__Spirosoma	1.0
e907ef9ae292e3a7ba8242c124d6174e	d__Bacteria; p__Actinobacteriota; c__Actinobacteria; o__Propionibacteriales; f__Propionibacteriaceae; g__Microlunatus; s__uncultured_bacterium	0.6
e912aefd0c8e3a87f9c4f0d82e334af5	d__Bacteria; p__Acidobacteriota; c__Acidobacteriae; o__Acidobacteriales; f__uncultured; g__uncultured; s__uncultured_bacterium	0.6
e93b1503d035e357b8b507537f0e451a	d__Bacteria; p__Bacteroidota; c__Bacteroidia; o__Chitinophagales; f__Chitinophagaceae; g__Ferruginibacter; s__uncultured_bacterium	0.8
e97df12dc6e2664fa3d4f8752e433e0c	d__Bacteria; p__Verrucomicrobiota; c__Verrucomicrobiae; o__Opitutales; f__Opitutaceae	1.0
e98fe43739f3c87acf1fda7d84ecfe3f	d__Bacteria; p__Bacteroidota; c__Bacteroidia; o__Cytophagales; f__Spirosomaceae; g__Spirosoma	0.7
e9d4a17a4b0f64ae2c7a3b00ce9be80c	d__Bacteria; p__Bacteroidota; c__Bacteroidia; o__Cytophagales; f__Spirosomaceae; g__Fibrella	1.0
e9e69e6073a50c3f4f7033147dd3c3be	d__Bacteria; p__Bdellovibrionota; c__Oligoflexia; o__Oligoflexales; f__Oligoflexales; g__Oligoflexus; s__uncultured_bacterium	0.8
ea3b0b8b05d1df09f9a032c53c808019	d__Bacteria; p__Verrucomicrobiota; c__Verrucomicrobiae; o__Chthoniobacterales; f__Chthoniobacteraceae; g__Candidatus_Udaeobacter; s__uncultured_bacterium	0.7
ea3df2c9a0d3c0d74d9f2e65bfdcccb1	d__Bacteria; p__Bacteroidota; c__Bacteroidia; o__Chitinophagales; f__Chitinophagaceae; g__uncultured	0.7
ea9140d1d927619366653229fd8bca30	d__Bacteria; p__Bacteroidota; c__Bacteroidia; o__Flavobacteriales; f__Flavobacteriaceae; g__Flavobacterium	1.0
eac585c998abfb6c0baa2ed3acfa752b	d__Bacteria; p__Armatimonadota; c__Armatimonadia; o__Armatimonadales; f__Armatimonadales; g__Armatimonadales; s__uncultured_bacterium	0.8
ead27ff921f7b3af08cb7fe2f31e75e0	Unassigned	1.0
eaff66d99f40c8b1d45a7bf5b8f01050	d__Bacteria; p__Proteobacteria; c__Alphaproteobacteria; o__Sphingomonadales; f__Sphingomonadaceae; g__Sphingomonas	1.0
eaff9e7f1c29caf3facfa156b5a1dfcf	d__Bacteria; p__Planctomycetota; c__Planctomycetes; o__Isosphaerales; f__Isosphaeraceae; g__uncultured	0.6
eb0ed38af7f9a27daa5feb75833aefb0	d__Bacteria; p__Proteobacteria; c__Alphaproteobacteria; o__Caulobacterales; f__Caulobacteraceae; g__Asticcacaulis	1.0
eb1da4c423dd8bdebd273cb52b42694c	d__Bacteria; p__Actinobacteriota; c__Actinobacteria; o__Frankiales; f__Nakamurellaceae; g__Nakamurella; s__uncultured_bacterium	0.6
eb41af02b18dc957ef593cfd11261be5	d__Bacteria; p__Proteobacteria; c__Gammaproteobacteria; o__Pseudomonadales; f__Moraxellaceae; g__Enhydrobacter; s__uncultured_bacterium	0.7
eb6a617f408171103664117ab3d7ce28	d__Bacteria; p__Proteobacteria; c__Alphaproteobacteria; o__Acetobacterales; f__Acetobacteraceae; g__Roseococcus	1.0
eb73e17f4cdaa7d67c1d1cf798ca7e9d	d__Bacteria; p__Bacteroidota; c__Bacteroidia; o__Cytophagales; f__Spirosomaceae; g__Spirosoma	1.0
eb7c403303098e7d0dfcb5fd13776937	d__Bacteria; p__Bacteroidota; c__Bacteroidia; o__Chitinophagales; f__Chitinophagaceae; g__Edaphobaculum; s__uncultured_bacterium	0.8
eb99968a6536c361725a9ea1f27a30ee	d__Bacteria; p__Proteobacteria; c__Alphaproteobacteria; o__Micropepsales; f__Micropepsaceae; g__uncultured	0.9
ebc7cb7ae84c8c5905a6bcfff07cfb80	Unassigned	1.0
ebd113e51595693e1780920e967b36b6	Unassigned	1.0
ebe68d5089c747de6b3bfea76ee1f6af	d__Bacteria; p__Verrucomicrobiota; c__Verrucomicrobiae; o__Chthoniobacterales; f__Chthoniobacteraceae; g__Chthoniobacter; s__uncultured_bacterium	0.8
ec08dc0f60685b467c7116fea4b324fe	d__Bacteria; p__Bacteroidota; c__Bacteroidia; o__Cytophagales; f__Spirosomaceae; g__Spirosoma; s__uncultured_bacterium	0.7
ec25b62ffad4eec13c54879969b01e46	Unassigned	1.0
ec3ed3f539704f35e9185fdaa9e35005	d__Bacteria; p__Planctomycetota; c__Planctomycetes; o__Gemmatales; f__Gemmataceae; g__Gemmata; s__uncultured_bacterium	0.6
ecb3ff3a6e0372baacabf139309a4e91	d__Bacteria; p__Bacteroidota; c__Bacteroidia; o__Chitinophagales; f__Chitinophagaceae; g__Flavisolibacter	0.8
ecd6bf524d5f89a0f14855a99b8f21f2	d__Bacteria; p__Firmicutes; c__Clostridia; o__Oscillospirales; f__Ruminococcaceae; g__Incertae_Sedis	1.0
ecd8364d8f2f0d8a35c099825e5997fc	d__Bacteria; p__Cyanobacteria; c__Cyanobacteriia; o__Cyanobacteriales; f__Nostocaceae; g__Scytonema_VB-61278	1.0
ed0480619cd7847eebd9229b408e2b62	d__Bacteria; p__Proteobacteria; c__Gammaproteobacteria; o__Enterobacterales; f__Morganellaceae; g__Buchnera; s__Buchnera_aphidicola	1.0
ed0744a38a060591cd7b77339cc96920	d__Bacteria; p__Actinobacteriota; c__Actinobacteria; o__Micrococcales; f__Intrasporangiaceae	1.0
ed17605707305376d6034f23fafb43d9	d__Bacteria; p__Proteobacteria; c__Alphaproteobacteria; o__Rhizobiales; f__Beijerinckiaceae; g__1174-901-12	0.9
ed1ff4ba52bd91c6d164935a896cfd90	d__Bacteria; p__Bacteroidota; c__Bacteroidia; o__Cytophagales; f__Spirosomaceae; g__Spirosoma; s__uncultured_bacterium	0.6
ed52ae23d717751ae6e8793a06dff480	d__Bacteria; p__Planctomycetota; c__Phycisphaerae; o__Tepidisphaerales; f__WD2101_soil_group; g__WD2101_soil_group; s__uncultured_bacterium	0.7
ed5fc2aa46a01b62f81b8934169f77d6	d__Bacteria; p__Proteobacteria; c__Alphaproteobacteria; o__Acetobacterales; f__Acetobacteraceae	1.0
ed8114963ac974f48c5844b5d38d1ce8	d__Bacteria; p__Bacteroidota; c__Bacteroidia; o__Chitinophagales; f__Chitinophagaceae; g__Flavitalea	1.0
ed837c904b8ffdad1fa05a4ac1d9b4c3	d__Bacteria; p__Planctomycetota; c__Planctomycetes; o__Isosphaerales; f__Isosphaeraceae; g__Tundrisphaera; s__uncultured_bacterium	0.7
ed901857cab91429605635b69c654b4c	d__Bacteria; p__Actinobacteriota; c__Actinobacteria; o__Micrococcales; f__Cellulomonadaceae; g__Cellulomonas	1.0
ed9e671d3cfb688ce6ad39313ee014d9	d__Bacteria; p__Proteobacteria; c__Alphaproteobacteria; o__Caulobacterales; f__Caulobacteraceae; g__uncultured	1.0
eda2cb0188b46bbe73b0c892287df5b1	d__Bacteria; p__Dependentiae; c__Babeliae; o__Babeliales; f__Vermiphilaceae; g__Vermiphilaceae; s__uncultured_bacterium	0.7
eda84b607210dba7a13d8af5a531fb6c	d__Bacteria; p__Bacteroidota; c__Bacteroidia; o__Cytophagales; f__Spirosomaceae; g__Spirosoma; s__uncultured_bacterium	0.6
ede46fd1ac5b700a964cbd7f2c02a2c1	d__Bacteria; p__Planctomycetota; c__Planctomycetes; o__Gemmatales; f__Gemmataceae; g__Gemmata; s__uncultured_bacterium	0.6
ee5d4391953ce577cee66e794431d8ea	d__Bacteria; p__Proteobacteria; c__Alphaproteobacteria; o__Micropepsales; f__Micropepsaceae; g__uncultured	0.9
ee61f49b9b657cc9b2cef4eb7623a052	d__Bacteria; p__Bacteroidota; c__Bacteroidia; o__Chitinophagales; f__Chitinophagaceae; g__Aurantisolimonas; s__uncultured_bacterium	0.7
eeb297cf76348cd1ff696d6a61a6f638	d__Bacteria; p__Deinococcota; c__Deinococci; o__Deinococcales; f__Trueperaceae; g__Truepera; s__uncultured_bacterium	0.8
eec074ce6146d1d54d367e48b18de2c7	d__Bacteria; p__Bacteroidota; c__Bacteroidia; o__Cytophagales; f__Cytophagaceae; g__Cytophaga	0.6
eec14c473be7b4bf05e2020dc81dbf2e	d__Bacteria; p__Proteobacteria; c__Alphaproteobacteria; o__Acetobacterales; f__Acetobacteraceae; g__uncultured	1.0
eef2bd4ce1833a5beb6a0db6a83bae92	d__Bacteria; p__Actinobacteriota; c__Acidimicrobiia; o__IMCC26256; f__IMCC26256; g__IMCC26256; s__uncultured_bacterium	0.6
eef48ef5210d25d11f2aba85ec8aff8d	d__Bacteria; p__Proteobacteria; c__Alphaproteobacteria; o__Acetobacterales; f__Acetobacteraceae; g__Acidiphilium; s__uncultured_bacterium	0.6
ef0dd92604035fe7dab6e69116d9cc7e	d__Bacteria; p__Proteobacteria; c__Alphaproteobacteria; o__Acetobacterales; f__Acetobacteraceae; g__Roseomonas	1.0
ef7a51971477fb39e19a255900f1deb9	d__Bacteria; p__Proteobacteria; c__Gammaproteobacteria; o__Xanthomonadales; f__Xanthomonadaceae; g__Stenotrophomonas	1.0
efac5f5d6e357e0aa0adaaab4f8b06ea	d__Bacteria; p__Proteobacteria; c__Alphaproteobacteria; o__Rickettsiales; f__Anaplasmataceae; g__Wolbachia	0.9
efb16ae9ff90b1d2e45644c35eb82e8f	d__Bacteria; p__Actinobacteriota; c__Actinobacteria; o__Kineosporiales; f__Kineosporiaceae	1.0
efbade8cc54695abfc5c07f21eecb6e7	d__Bacteria; p__Proteobacteria; c__Gammaproteobacteria; o__Pseudomonadales; f__Moraxellaceae; g__Acinetobacter	1.0
efc45b4e0ee3ff7e4d9afb97670f02a5	d__Bacteria; p__Proteobacteria; c__Gammaproteobacteria; o__Vibrionales; f__Vibrionaceae; g__Vibrio	0.8
efc65f06f3d9c6478c301990f7cfd1f6	d__Bacteria; p__Proteobacteria; c__Alphaproteobacteria; o__Rickettsiales; f__SM2D12; g__SM2D12	1.0
efea6670cb6cb5b17eea2ef3e7f85d94	d__Bacteria; p__Proteobacteria; c__Alphaproteobacteria; o__Acetobacterales; f__Acetobacteraceae; g__Acidiphilium; s__uncultured_bacterium	0.7
f006bbda898d41a84c48df208dc88447	d__Bacteria; p__Proteobacteria; c__Alphaproteobacteria; o__Acetobacterales; f__Acetobacteraceae; g__Komagataeibacter	1.0
f012a1091457ed7960950bbb08ce405c	Unassigned	1.0
f014dad3e84795d65e02dabe0c8d5f47	d__Bacteria; p__Proteobacteria; c__Gammaproteobacteria; o__Legionellales; f__Legionellaceae; g__Legionella; s__Legionella_pneumophila	0.7
f01fef9b08b2d7b0b5d38e700e10bee9	d__Bacteria; p__Myxococcota; c__Polyangia; o__Polyangiales; f__Sandaracinaceae; g__uncultured; s__uncultured_bacterium	0.6
f023d86b8d0c2528380413508c52fe28	d__Bacteria; p__Bacteroidota; c__Bacteroidia; o__Chitinophagales; f__Saprospiraceae; g__uncultured; s__uncultured_bacterium	0.6
f041d44db11b5ed36803c933c7a67bf8	d__Bacteria; p__Proteobacteria; c__Alphaproteobacteria; o__Rhizobiales; f__Beijerinckiaceae; g__Roseiarcus; s__uncultured_bacterium	0.9
f067619f67067a0a069d60fd3ee13b00	d__Bacteria; p__Bdellovibrionota; c__Oligoflexia; o__0319-6G20; f__0319-6G20; g__0319-6G20	1.0
f06980d9f217fd34862da40c7a761cbd	d__Bacteria; p__Planctomycetota; c__Planctomycetes; o__Isosphaerales; f__Isosphaeraceae; g__uncultured; s__uncultured_bacterium	0.7
f0e00101bc5a5400dfc43a2282fb6611	d__Bacteria; p__Actinobacteriota; c__Thermoleophilia; o__Gaiellales; f__uncultured; g__uncultured; s__uncultured_bacterium	0.8
f149716a83ff5cb0cba50faae372d253	d__Bacteria; p__Proteobacteria; c__Alphaproteobacteria; o__Micavibrionales; f__Micavibrionaceae; g__uncultured; s__uncultured_Alphaproteobacteria	0.6
f1814506f3674b38808348d4570706d9	d__Bacteria; p__Actinobacteriota; c__Actinobacteria; o__Micrococcales; f__Microbacteriaceae	1.0
f1abfbf6e8426680064146829740ae5d	d__Bacteria; p__Chloroflexi; c__Anaerolineae; o__SBR1031; f__A4b; g__A4b; s__uncultured_bacterium	0.8
f1b4df7897a886eb1569608522e35eaf	d__Bacteria; p__Bacteroidota; c__Bacteroidia; o__Cytophagales; f__Spirosomaceae; g__Spirosoma	1.0
f1b5ffc9df872b78729354bf40df80a3	d__Bacteria; p__Proteobacteria; c__Alphaproteobacteria; o__Rhizobiales; f__Beijerinckiaceae; g__1174-901-12	1.0
f1d8e52070a70a6efdd699a690ef9c3d	d__Bacteria; p__Proteobacteria; c__Alphaproteobacteria; o__Sphingomonadales; f__Sphingomonadaceae; g__Sphingomonas	0.8
f20b0f3db5aca975e10d1cb8fda35384	d__Bacteria; p__Proteobacteria; c__Alphaproteobacteria; o__Rhizobiales; f__Xanthobacteraceae; g__uncultured	0.8
f20c138cb16111a8df0b19be6bd3522e	d__Bacteria; p__Proteobacteria; c__Alphaproteobacteria; o__Sphingomonadales; f__Sphingomonadaceae; g__Sphingobium	1.0
f224ec8ab0b898fdf110b84a2790a716	d__Bacteria; p__Myxococcota; c__Myxococcia; o__Myxococcales; f__Anaeromyxobacteraceae; g__Anaeromyxobacter	1.0
f24e6651fe9a295337148b9be5b32cb5	d__Bacteria; p__Proteobacteria; c__Alphaproteobacteria; o__Rhizobiales; f__Beijerinckiaceae; g__uncultured; s__uncultured_bacterium	0.6
f26c631ec9bbbda3e037ef4bbe1e60da	d__Bacteria; p__Bacteroidota; c__Bacteroidia; o__Cytophagales; f__Spirosomaceae; g__Spirosoma	1.0
f285d8ad2b27de66820fe510cc024bb3	d__Bacteria; p__Cyanobacteria; c__Cyanobacteriia; o__Cyanobacteriales; f__Coleofasciculaceae; g__Microcoleus_SAG_1449-1a	0.7
f2955fde04df1c5f8a4c2e417cde434d	d__Bacteria; p__Proteobacteria; c__Alphaproteobacteria; o__Rhizobiales; f__Beijerinckiaceae; g__Methylobacterium-Methylorubrum	1.0
f29f3e895e96a563ac3c40aa6b7c8851	d__Bacteria; p__Cyanobacteria; c__Cyanobacteriia; o__Chloroplast; f__Chloroplast; g__Chloroplast	1.0
f2c795537d6d228d19e658670567b0e0	d__Bacteria; p__Proteobacteria; c__Gammaproteobacteria; o__Salinisphaerales; f__Solimonadaceae; g__Nevskia	1.0
f2c9d08c0935fa5b0d250b07a95c60af	d__Bacteria; p__Bacteroidota; c__Bacteroidia; o__Cytophagales; f__Spirosomaceae; g__Spirosoma	1.0
f2d7734fe9a437845958798728400d98	d__Bacteria; p__Chloroflexi; c__Chloroflexia; o__Thermomicrobiales; f__JG30-KF-CM45; g__JG30-KF-CM45; s__uncultured_bacterium	1.0
f2fcfd309a114dd64680a9226894aa05	d__Bacteria; p__Proteobacteria; c__Alphaproteobacteria; o__Sphingomonadales; f__Sphingomonadaceae; g__Novosphingobium; s__uncultured_bacterium	0.6
f331dac8cf16e76361099a35534125be	d__Bacteria; p__Proteobacteria; c__Alphaproteobacteria; o__Acetobacterales; f__Acetobacteraceae; g__Acidiphilium; s__uncultured_bacterium	0.6
f33a3226d518156f15b25cfbdc2753a1	d__Bacteria; p__Armatimonadota; c__Chthonomonadetes; o__Chthonomonadales; f__Chthonomonadaceae; g__Chthonomonas; s__uncultured_bacterium	0.9
f343e04867a0dd6acc02e1e8fe1b3bc4	d__Bacteria; p__Chloroflexi; c__Chloroflexia; o__Chloroflexales; f__Roseiflexaceae; g__uncultured; s__uncultured_bacterium	0.6
f3582c7579df829462dd3d8dbd5709bd	Unassigned	1.0
f366bbbbdd8bc59e52c2ce07bc7a49a2	d__Bacteria; p__Proteobacteria; c__Alphaproteobacteria; o__Caulobacterales; f__Caulobacteraceae; g__uncultured; s__uncultured_bacterium	0.7
f3900c768a47821dec6129899455ec17	d__Bacteria; p__Bacteroidota; c__Bacteroidia; o__Chitinophagales; f__Chitinophagaceae; g__uncultured	1.0
f39db2ca4124b4a522298c8043683f39	d__Bacteria; p__Acidobacteriota; c__Thermoanaerobaculia; o__Thermoanaerobaculales; f__Thermoanaerobaculaceae; g__Subgroup_10	1.0
f3a38477f9d8afe0b300bcf30b182c34	d__Bacteria; p__Planctomycetota; c__Phycisphaerae; o__Tepidisphaerales; f__Tepidisphaeraceae; g__Tepidisphaeraceae; s__uncultured_bacterium	0.8
f3e319c630a37ded45826e01821ae0aa	d__Bacteria; p__Cyanobacteria; c__Cyanobacteriia; o__Chloroplast; f__Chloroplast; g__Chloroplast	1.0
f4116c4828f130dd197dc4b0bfb652d0	d__Bacteria; p__Bdellovibrionota; c__Oligoflexia; o__0319-6G20; f__0319-6G20; g__0319-6G20; s__uncultured_bacterium	0.8
f46582fd738c2193de5d9444b34c1bea	d__Bacteria; p__Proteobacteria; c__Gammaproteobacteria; o__Burkholderiales; f__SC-I-84; g__SC-I-84	1.0
f4696eed14648a1f2b572fccb2323483	d__Bacteria; p__Cyanobacteria; c__Cyanobacteriia; o__Chloroplast; f__Chloroplast; g__Chloroplast	1.0
f4c569d15b04deb146b2585e86ddd43f	d__Bacteria; p__Proteobacteria; c__Gammaproteobacteria; o__Enterobacterales; f__Yersiniaceae; g__Serratia	0.6
f4c73e798701f46ef92051723fb4723b	d__Bacteria; p__Actinobacteriota; c__Thermoleophilia; o__Gaiellales; f__Gaiellaceae; g__Gaiella; s__uncultured_bacterium	0.8
f4d3a95da890ec2678211496735e586a	d__Bacteria; p__Actinobacteriota; c__Actinobacteria; o__Frankiales; f__Sporichthyaceae; g__Sporichthya	0.6
f4e32e6bdc325ce003e03417e3418f76	d__Bacteria; p__Actinobacteriota; c__Actinobacteria; o__Frankiales; f__Nakamurellaceae; g__Nakamurella; s__uncultured_bacterium	0.6
f50284d781477c3c232f278cf2b74b1d	d__Bacteria; p__Proteobacteria; c__Alphaproteobacteria; o__Rhizobiales; f__Beijerinckiaceae; g__1174-901-12	1.0
f540752dc21e5b345cdaba7e69981bfb	d__Bacteria; p__Proteobacteria; c__Alphaproteobacteria; o__Caulobacterales; f__Caulobacteraceae; g__uncultured	0.6
f5415a4913721950649788bbb827de75	d__Bacteria; p__Bacteroidota; c__Bacteroidia; o__Chitinophagales; f__Chitinophagaceae; g__Edaphobaculum	0.6
f56446a76d9d94d7a8e7206ba5e64f0e	d__Bacteria; p__Myxococcota; c__Polyangia; o__Polyangiales; f__Phaselicystidaceae; g__Phaselicystis	1.0
f58c1ecf87b9a7d8362ed9e9652af577	d__Bacteria; p__Bacteroidota; c__Bacteroidia; o__Cytophagales; f__Spirosomaceae; g__Spirosoma	0.9
f5a889eecc82e9c35b22d51861aff539	d__Bacteria; p__Proteobacteria; c__Gammaproteobacteria; o__Cellvibrionales; f__Cellvibrionaceae; g__Cellvibrio	1.0
f5aca31f10da61efad800381bbd282a0	d__Bacteria; p__Chloroflexi; c__Chloroflexia; o__Chloroflexales; f__Chloroflexaceae; g__FFCH7168; s__uncultured_bacterium	1.0
f5cd861eb7022b5f2a168934dd64fe93	d__Bacteria; p__Proteobacteria; c__Alphaproteobacteria; o__Sphingomonadales; f__Sphingomonadaceae; g__Sphingomonas	0.8
f5f06bc40d6bf429f9ec82c066294c06	d__Bacteria; p__Proteobacteria; c__Alphaproteobacteria; o__Acetobacterales; f__Acetobacteraceae; g__Roseomonas	1.0
f5f55aa5e2f9d5f6ffcb0a1ca75a4c11	d__Bacteria; p__Myxococcota; c__Polyangia; o__Polyangiales; f__Polyangiaceae; g__Aetherobacter	0.6
f61d127db3c15f8ae3f2107beb19a3db	d__Bacteria; p__Verrucomicrobiota; c__Verrucomicrobiae; o__Chthoniobacterales; f__Chthoniobacteraceae; g__Chthoniobacter	1.0
f68ec8c76ffbfadf03f3f34a10c69cfc	Unassigned	1.0
f694caee93947516315ff1ebb15fb042	Unassigned	1.0
f6a0175a0f5f21515fae4508933a9211	d__Bacteria; p__Planctomycetota; c__Planctomycetes; o__Isosphaerales; f__Isosphaeraceae; g__Singulisphaera	0.7
f710da7ea6694a38e8c2b54921a8f87f	Unassigned	1.0
f763408e713517ecaca70e9ee1ab0798	d__Bacteria; p__Planctomycetota; c__Planctomycetes; o__Isosphaerales; f__Isosphaeraceae; g__Tundrisphaera; s__uncultured_bacterium	0.8
f7804aa024b5a8b2e31fbe0dfd7c1f5b	d__Bacteria; p__Proteobacteria; c__Alphaproteobacteria; o__Acetobacterales; f__Acetobacteraceae	1.0
f7813009163792b0271f51fef62d0c9a	d__Bacteria; p__Proteobacteria; c__Alphaproteobacteria; o__Rhizobiales; f__Beijerinckiaceae; g__Methylobacterium-Methylorubrum	1.0
f7daf764d100b3a7e86b8a210e75aabf	d__Bacteria; p__Planctomycetota; c__Planctomycetes; o__Isosphaerales; f__Isosphaeraceae; g__Tundrisphaera	0.9
f818895e671bf1d0bbc81487f99819e4	d__Bacteria; p__Planctomycetota; c__Planctomycetes; o__Isosphaerales; f__Isosphaeraceae; g__uncultured	0.6
f81a517863938770df1301abcdf5aed3	d__Bacteria; p__Bacteroidota; c__Bacteroidia; o__Cytophagales; f__Spirosomaceae; g__Spirosoma	1.0
f829c3216e941e002bf7ff0aac7ea0c8	d__Bacteria; p__Proteobacteria; c__Alphaproteobacteria; o__Acetobacterales; f__Acetobacteraceae	1.0
f8354261cc6490effa3d03804178bf29	d__Bacteria; p__Myxococcota; c__Polyangia; o__Polyangiales; f__Polyangiaceae	0.9
f851124cfd0e1315271e69149bad0b76	d__Bacteria; p__Proteobacteria; c__Alphaproteobacteria; o__Rickettsiales; f__Rickettsiaceae; g__Rickettsia	0.7
f8524b6fee3bdbcc3374d5abbba4126b	d__Bacteria; p__Proteobacteria; c__Alphaproteobacteria; o__Acetobacterales; f__Acetobacteraceae; g__uncultured	0.6
f8740b94a3999c5337cb899e1ef69ad3	d__Bacteria; p__Chloroflexi; c__Chloroflexia; o__Chloroflexales; f__Roseiflexaceae; g__uncultured; s__uncultured_bacterium	0.7
f9e32a26d0d0f548321972c9ba673800	d__Bacteria; p__Actinobacteriota; c__Actinobacteria; o__Micrococcales; f__Dermacoccaceae	0.8
fa18de2455d491ff4cecbf8bf8ef2a51	d__Bacteria; p__Proteobacteria; c__Alphaproteobacteria; o__Rhizobiales; f__Beijerinckiaceae; g__1174-901-12; s__uncultured_bacterium	0.8
fa8c2b867889d32f039814fc834b6ea9	Unassigned	1.0
fab7fe0dee586d3c8e1b605974731cfb	d__Bacteria; p__Bacteroidota; c__Bacteroidia; o__Cytophagales; f__Spirosomaceae; g__Spirosoma	0.8
fae88d6e24f3d7eb0b696b8209230bc6	d__Bacteria; p__Proteobacteria; c__Gammaproteobacteria; o__Enterobacterales; f__Morganellaceae; g__Buchnera; s__Buchnera_aphidicola	0.9
faf3b18cccb2141770be38024d28605a	d__Bacteria; p__Verrucomicrobiota; c__Verrucomicrobiae; o__Verrucomicrobiales; f__Verrucomicrobiaceae; g__uncultured	0.9
fb047de8b30603bbcd4f9a84cab0575c	d__Bacteria; p__Proteobacteria; c__Gammaproteobacteria; o__Burkholderiales; f__Oxalobacteraceae; g__Collimonas	0.8
fb2816f01dab26243659f40270a77aa4	d__Bacteria; p__Proteobacteria; c__Alphaproteobacteria; o__Rhodobacterales; f__Rhodobacteraceae; g__Rubellimicrobium; s__uncultured_bacterium	1.0
fb3b239ffc9a95b1dae473efa07f7c7a	d__Bacteria; p__Proteobacteria; c__Alphaproteobacteria; o__Sphingomonadales; f__Sphingomonadaceae; g__Sphingomonas	1.0
fbab46b6465288e306bf959b47729d5f	d__Bacteria; p__Proteobacteria; c__Alphaproteobacteria; o__Rhizobiales; f__Beijerinckiaceae; g__1174-901-12; s__uncultured_bacterium	0.9
fbadd1f37798c46c5d843b45b7186f12	d__Bacteria; p__Planctomycetota; c__Planctomycetes; o__Isosphaerales; f__Isosphaeraceae; g__Tundrisphaera; s__uncultured_bacterium	1.0
fc4aacba026439511e26737c22bb3a18	d__Bacteria; p__Abditibacteriota; c__Abditibacteria; o__Abditibacteriales; f__Abditibacteriaceae; g__Abditibacterium; s__uncultured_bacterium	1.0
fc6aade8fc0284f1527cfb208a10c006	d__Bacteria; p__Planctomycetota; c__Planctomycetes; o__Isosphaerales; f__Isosphaeraceae; g__Paludisphaera	1.0
fc8acac45465301d1273a3b0c6806c8e	d__Bacteria; p__Actinobacteriota; c__Acidimicrobiia; o__Microtrichales; f__Microtrichaceae; g__uncultured; s__metagenome	0.7
fca55274cfbb9313e81f3059419c8432	d__Bacteria; p__Chloroflexi; c__Chloroflexia; o__Chloroflexales; f__Chloroflexaceae; g__FFCH7168; s__uncultured_bacterium	1.0
fce5b86dd3dae80eb3821153464c8866	d__Bacteria; p__Proteobacteria; c__Alphaproteobacteria; o__Rhizobiales; f__Rhizobiales_Incertae_Sedis; g__uncultured; s__uncultured_bacterium	0.8
fd0319ca79130d778a2149b1e8200d75	d__Bacteria; p__Cyanobacteria; c__Cyanobacteriia; o__Thermosynechococcales	0.6
fd107918a5868edebed122668ed85ae9	d__Bacteria; p__Abditibacteriota; c__Abditibacteria; o__Abditibacteriales; f__Abditibacteriaceae; g__Abditibacterium; s__uncultured_bacterium	0.9
fd5261d78c06eeea725070f4ee7276ff	d__Bacteria; p__Proteobacteria; c__Alphaproteobacteria; o__Rhodospirillales; f__uncultured; g__uncultured	0.8
fd6f3e172f217dd388dc8c680bc2e750	d__Bacteria; p__Verrucomicrobiota; c__Verrucomicrobiae; o__Methylacidiphilales; f__Methylacidiphilaceae; g__uncultured; s__uncultured_bacterium	0.8
fd80565f13fe9ff53b4de63c3921b512	d__Bacteria; p__Bacteroidota; c__Bacteroidia; o__Chitinophagales; f__Chitinophagaceae; g__Edaphobaculum	1.0
fdbba95fc32d18cf7dd0ef7bf87c0447	d__Bacteria; p__Proteobacteria; c__Alphaproteobacteria; o__Caulobacterales; f__Caulobacteraceae; g__uncultured	0.6
fdd2a6aa13983865ceecf2be9eabf1d5	d__Bacteria; p__Bacteroidota; c__Bacteroidia; o__Chitinophagales; f__Chitinophagaceae; g__Ferruginibacter; s__uncultured_bacterium	0.7
fddfe791964b8b083cadcdd3c1dd9cfe	d__Bacteria; p__Patescibacteria; c__Saccharimonadia; o__Saccharimonadales; f__Saccharimonadales; g__Saccharimonadales; s__uncultured_bacterium	0.8
fde731b4c83d4c4c8b06a34f9b3ec241	Unassigned	1.0
fe23e97bf53855523f25e6b925faebbf	d__Bacteria; p__Actinobacteriota; c__Actinobacteria; o__Propionibacteriales; f__Propionibacteriaceae; g__Microlunatus	0.6
fe2eeeef65255ba68eabf4838b5d9d96	d__Bacteria; p__Actinobacteriota; c__Actinobacteria; o__Frankiales; f__Acidothermaceae; g__Acidothermus	1.0
fe2ffb66ae63083d6eb5de5c43183412	d__Bacteria; p__Cyanobacteria; c__Cyanobacteriia; o__Chloroplast; f__Chloroplast; g__Chloroplast	1.0
fe3e7f55429cf44cba927f8b4b35c9bd	d__Bacteria; p__Proteobacteria; c__Gammaproteobacteria; o__Diplorickettsiales; f__Diplorickettsiaceae; g__uncultured	1.0
fe4862ba739ce6772a5370f7d7a48210	d__Bacteria; p__Proteobacteria; c__Alphaproteobacteria; o__Acetobacterales; f__Acetobacteraceae; g__uncultured	0.8
fe76126b29a50b009708042b986b7ef9	d__Bacteria; p__Abditibacteriota; c__Abditibacteria; o__Abditibacteriales; f__Abditibacteriaceae; g__Abditibacterium; s__uncultured_bacterium	0.6
fe8e4944cdca8db51792e1bf21960ae6	d__Bacteria; p__Cyanobacteria; c__Cyanobacteriia; o__Chloroplast; f__Chloroplast; g__Chloroplast	1.0
fe94cfe98bb1210b9d3f022942073258	d__Bacteria; p__Proteobacteria; c__Alphaproteobacteria; o__Rickettsiales; f__Rickettsiales; g__Candidatus_Jidaibacter	0.9
fe963e785dc7814e02279f6855ffcb03	d__Bacteria; p__Proteobacteria; c__Alphaproteobacteria; o__Acetobacterales; f__Acetobacteraceae	1.0
fe97786a7750379b3aafdd5d2c52a55e	d__Bacteria; p__Proteobacteria; c__Alphaproteobacteria; o__Micavibrionales; f__Micavibrionaceae; g__uncultured; s__uncultured_bacterium	0.6
fefa3a716f5fcd53656701f666ffbe2e	d__Bacteria; p__Proteobacteria; c__Alphaproteobacteria; o__Rhizobiales; f__Beijerinckiaceae; g__uncultured; s__uncultured_bacterium	0.9
ff017e129d6931f98e6136feab7e188a	Unassigned	1.0
ff02a1c39f0a1a6968711e61c98207e3	d__Bacteria; p__Bacteroidota; c__Bacteroidia; o__Chitinophagales; f__Chitinophagaceae; g__Edaphobaculum; s__uncultured_bacterium	0.6
ff2b03b462ebdb2ae003d19c85340639	d__Bacteria; p__Myxococcota; c__Myxococcia; o__Myxococcales; f__Myxococcaceae; g__P3OB-42; s__uncultured_bacterium	1.0
ff5453fe6c2e37ebcea1a302d08f97ae	d__Bacteria; p__Firmicutes; c__Bacilli; o__Lactobacillales; f__Leuconostocaceae; g__Weissella	1.0
ff6ee26a3add96d4f7384658ad2dcc43	d__Bacteria; p__Planctomycetota; c__Planctomycetes; o__Isosphaerales; f__Isosphaeraceae; g__uncultured; s__uncultured_bacterium	0.6
ff6f97ce50ea01298f8e58b53b97d489	d__Bacteria; p__Proteobacteria; c__Gammaproteobacteria; o__Pseudomonadales; f__Moraxellaceae; g__Acinetobacter	1.0
ff8b9a8a4e3c5a57833f7f2f712a8408	d__Bacteria; p__WPS-2; c__WPS-2; o__WPS-2; f__WPS-2; g__WPS-2; s__uncultured_bacterium	0.7
ff95bb1f52219241e4179d1783e5fad3	d__Bacteria; p__Bacteroidota; c__Bacteroidia; o__Sphingobacteriales; f__Sphingobacteriaceae; g__Mucilaginibacter	1.0
ff9f5e0aab6701f672ac41d27335e14b	d__Bacteria; p__Bacteroidota; c__Bacteroidia; o__Cytophagales; f__Spirosomaceae; g__Spirosoma	1.0
ffa8600929b5cbfc981413b43d76902c	d__Bacteria; p__Proteobacteria; c__Alphaproteobacteria; o__Acetobacterales; f__Acetobacteraceae; g__uncultured	0.6
ffe2fb8ab9cb6b372d94387fc63097a7	d__Bacteria; p__Planctomycetota; c__Planctomycetes; o__Isosphaerales; f__Isosphaeraceae; g__Tundrisphaera; s__uncultured_bacterium	0.8
fffa9f8597b96ad6cbbb3f8fc50b7982	d__Bacteria; p__Planctomycetota; c__Planctomycetes; o__Isosphaerales; f__Isosphaeraceae; g__uncultured; s__uncultured_bacterium	0.8
fffb015acdac268a4c5e233aa51d32a5	d__Bacteria; p__Proteobacteria; c__Alphaproteobacteria; o__Rhizobiales; f__Rhizobiaceae	1.0
